CREATE DATABASE  IF NOT EXISTS `herodb` /*!40100 DEFAULT CHARACTER SET utf8mb4 COLLATE utf8mb4_0900_ai_ci */ /*!80016 DEFAULT ENCRYPTION='N' */;
USE `herodb`;
-- MySQL dump 10.13  Distrib 8.0.32, for Win64 (x86_64)
--
-- Host: localhost    Database: herodb
-- ------------------------------------------------------
-- Server version	8.0.32

/*!40101 SET @OLD_CHARACTER_SET_CLIENT=@@CHARACTER_SET_CLIENT */;
/*!40101 SET @OLD_CHARACTER_SET_RESULTS=@@CHARACTER_SET_RESULTS */;
/*!40101 SET @OLD_COLLATION_CONNECTION=@@COLLATION_CONNECTION */;
/*!50503 SET NAMES utf8 */;
/*!40103 SET @OLD_TIME_ZONE=@@TIME_ZONE */;
/*!40103 SET TIME_ZONE='+00:00' */;
/*!40014 SET @OLD_UNIQUE_CHECKS=@@UNIQUE_CHECKS, UNIQUE_CHECKS=0 */;
/*!40014 SET @OLD_FOREIGN_KEY_CHECKS=@@FOREIGN_KEY_CHECKS, FOREIGN_KEY_CHECKS=0 */;
/*!40101 SET @OLD_SQL_MODE=@@SQL_MODE, SQL_MODE='NO_AUTO_VALUE_ON_ZERO' */;
/*!40111 SET @OLD_SQL_NOTES=@@SQL_NOTES, SQL_NOTES=0 */;

--
-- Table structure for table `batterboxevent-type`
--

DROP TABLE IF EXISTS `batterboxevent-type`;
/*!40101 SET @saved_cs_client     = @@character_set_client */;
/*!50503 SET character_set_client = utf8mb4 */;
CREATE TABLE `batterboxevent-type` (
  `be_num` int NOT NULL AUTO_INCREMENT,
  `be_sup_type` int NOT NULL,
  `be_sub_type` varchar(10) NOT NULL,
  `be_type` varchar(10) NOT NULL,
  PRIMARY KEY (`be_num`)
) ENGINE=InnoDB AUTO_INCREMENT=116 DEFAULT CHARSET=utf8mb4 COLLATE=utf8mb4_0900_ai_ci;
/*!40101 SET character_set_client = @saved_cs_client */;

--
-- Dumping data for table `batterboxevent-type`
--

LOCK TABLES `batterboxevent-type` WRITE;
/*!40000 ALTER TABLE `batterboxevent-type` DISABLE KEYS */;
INSERT INTO `batterboxevent-type` VALUES (1,0,'아웃','0'),(2,0,'병살','00'),(3,0,'삼중살','000'),(4,0,'삼진','01'),(5,0,'투땅','021'),(6,0,'포땅','022'),(7,0,'1땅','023'),(8,0,'2땅','024'),(9,0,'3땅','025'),(10,0,'유땅','026'),(11,0,'좌땅','027'),(12,0,'중땅','028'),(13,0,'우땅','029'),(14,0,'투플','031'),(15,0,'포플','032'),(16,0,'1플','033'),(17,0,'2플','034'),(18,0,'3플','035'),(19,0,'유플','036'),(20,0,'좌플','037'),(21,0,'중플','038'),(22,0,'우플','039'),(23,0,'투파플','041'),(24,0,'포파플','042'),(25,0,'1파플','043'),(26,0,'2파플','044'),(27,0,'3파플','045'),(28,0,'우파플','046'),(29,0,'좌파플','047'),(30,0,'중파플','048'),(31,0,'유파플','049'),(32,0,'번트','05'),(33,0,'직선타','06'),(34,0,'인필드플라이','07'),(35,0,'낫아웃','091'),(36,0,'쓰리번트','082'),(37,0,'타자타구맞음','093'),(38,0,'수비방해','094'),(39,0,'부정타격','095'),(40,1,'1루타','1'),(41,1,'2루타','2'),(42,1,'3루타','3'),(43,1,'홈런','4'),(44,1,'투수안','11'),(45,1,'포수안','12'),(46,1,'1내야안','13'),(47,1,'2내야안','14'),(48,1,'3내야안','15'),(49,1,'유내야안','16'),(50,1,'좌안','17'),(51,1,'중안','18'),(52,1,'우안','19'),(53,1,'번트안타','10'),(54,2,'좌전2','272'),(55,2,'좌선2','274'),(56,2,'좌월2','278'),(57,2,'중전2','282'),(58,2,'중월2','288'),(59,2,'우전2','292'),(60,2,'우선2','296'),(61,2,'우월2','298'),(62,2,'인정2','2A'),(63,3,'좌전3','372'),(64,3,'좌선3','374'),(65,3,'좌월3','378'),(66,3,'중전3','382'),(67,3,'중월3','388'),(68,3,'우전3','392'),(69,3,'우선3','396'),(70,3,'우월3','398'),(71,4,'좌선홈','474'),(72,4,'좌월홈','478'),(73,4,'좌중월홈','479'),(74,4,'중월홈','488'),(75,4,'우중월홈','497'),(76,4,'우선홈','498'),(77,4,'우월홈','499'),(78,4,'G홈','4G'),(79,5,'도루','5'),(80,5,'1-2도루','568'),(81,5,'2-3도루','584'),(82,5,'홈스틸','542'),(83,5,'진루','51'),(84,5,'주자아웃','52'),(85,5,'도루아웃','53'),(86,5,'견제사','54'),(87,5,'런다운','55'),(88,5,'주자타구맞음','56'),(89,5,'수비방해','57'),(90,6,'희생','6'),(91,6,'희생플라이','61'),(92,6,'희생번트','62'),(93,6,'희생파울플라이','63'),(94,6,'희생플라이출루','61F'),(95,6,'희생번트출루','62B'),(96,7,'출루','7'),(97,7,'낫아웃출루','71'),(98,7,'볼넷','72'),(99,7,'고의사구','73'),(100,7,'사구','74'),(101,7,'타격방해','75'),(102,7,'승부주자','76'),(103,7,'야수선택','77'),(104,7,'땅볼출루','78'),(105,8,'실책','8'),(106,8,'야수실책','81'),(107,8,'폭투','82'),(108,8,'포일','83'),(109,8,'보크','84'),(110,8,'송구실책','85'),(111,8,'포구','86'),(112,8,'주루방해','87'),(113,9,'교체','9'),(114,9,'교체IN','91'),(115,9,'교체OUT','92');
/*!40000 ALTER TABLE `batterboxevent-type` ENABLE KEYS */;
UNLOCK TABLES;

--
-- Table structure for table `board`
--

DROP TABLE IF EXISTS `board`;
/*!40101 SET @saved_cs_client     = @@character_set_client */;
/*!50503 SET character_set_client = utf8mb4 */;
CREATE TABLE `board` (
  `bo_num` int NOT NULL AUTO_INCREMENT,
  `bo_title` varchar(70) NOT NULL,
  `bo_content` longtext NOT NULL,
  `bo_view` int NOT NULL DEFAULT '0',
  `bo_register_date` datetime NOT NULL DEFAULT CURRENT_TIMESTAMP,
  `bo_reply_count` int DEFAULT NULL,
  `bo_up` int NOT NULL DEFAULT '0',
  `bo_down` int NOT NULL DEFAULT '0',
  `bo_bt_num` int NOT NULL,
  `bo_me_id` varchar(13) NOT NULL,
  `bo_bc_num` int DEFAULT NULL,
  `bo_region` varchar(12) DEFAULT NULL,
  `bo_state` varchar(12) DEFAULT NULL,
  PRIMARY KEY (`bo_num`),
  KEY `FK_board-type_TO_board_1` (`bo_bt_num`),
  KEY `FK_members_TO_board_1` (`bo_me_id`),
  KEY `FK_board-category_TO_board_1` (`bo_bc_num`),
  CONSTRAINT `FK_board-category_TO_board_1` FOREIGN KEY (`bo_bc_num`) REFERENCES `board-category` (`bc_num`),
  CONSTRAINT `FK_board-type_TO_board_1` FOREIGN KEY (`bo_bt_num`) REFERENCES `board-type` (`bt_num`),
  CONSTRAINT `FK_members_TO_board_1` FOREIGN KEY (`bo_me_id`) REFERENCES `members` (`me_id`)
) ENGINE=InnoDB AUTO_INCREMENT=40 DEFAULT CHARSET=utf8mb4 COLLATE=utf8mb4_0900_ai_ci;
/*!40101 SET character_set_client = @saved_cs_client */;

--
-- Dumping data for table `board`
--

LOCK TABLES `board` WRITE;
/*!40000 ALTER TABLE `board` DISABLE KEYS */;
INSERT INTO `board` VALUES (35,'반갑습니다. 자유게시판 입니다.','<p>자유롭게 활동해주세요.</p>',2,'2023-05-23 17:01:30',NULL,1,0,1,'asd123',NULL,NULL,NULL),(36,'용병 구합니다.','<p>마법사나 전사 구합니다.</p>',1,'2023-05-23 20:06:10',NULL,0,0,3,'asd123',NULL,'서울','모집중'),(37,'야구 배트 팝니다','<p><img src=\"data:image/png;base64,iVBORw0KGgoAAAANSUhEUgAAAS8AAAEqCAYAAABEE9ZrAAAAAXNSR0IArs4c6QAAAARnQU1BAACxjwv8YQUAAAAJcEhZcwAADsQAAA7EAZUrDhsAAP+lSURBVHhe3P1psGXJkR4G+t23t6+ZL/elsvYNQKGxA72gF/WQ7Aa6Z7obXGU0UiRFSjLjmH5oZkSb+SGzsbGRbGzGxsb0Q6JJJEWqe1okmyBBCiQaW2NHoVAo1F5ZmZXr27e7L/N9n0ecc+59L7Oy0GiSNn5vnPDw8PDwiBPh1+OcOOfmHvvEZ0cjywJS44QJuG/mPeAnKXN/yOVyAbs3sNZRYEu4E8KkTpEj0rPppDQA6VB3LkvPsjwAvEf2e0DQdaIpUWMneyrWF1nvnR6pb9NSIQf9xjyVCH0Xy5DP+Z3D+2dITHhuiLRksixokJWL8oIslechnB/lCQeGjKENJINiWVY6srgTwJNHVFCanzyFSBQPLjOF8XTCdgy4doSApYQJYMY9hLwXQKM0IbOijktPAvMn+MaKIC9NR2aCU72/hf77A0f0GSfoHP//Azxwv3OGhAmTQvY0jwMnCedMGjhV/eMMIQSYSN4T7qnvgwoIQDmTgUcNxpDK5tJkMGRp2RCrpoEQKckbJn3AmRBl5JM8GisaDeCjAQJ58EE2i+SA5FkeaZZhWkH55HUYQQ5NlWg5yEE6D1kFGKbCMI+yMFLIG4XZSMPmbQWA1+shDz+oSQpPAvnTECUcF1JQK/CNgRFpP2UIsiOoHeg4H4fMCPmTgRDjAGPtQJ5OqULosVgXw7/3MH42CP+WjNdPuXeOEXe/Go7mkRKpk7mep/MaBwuDE0LIkFIOhQienvigQDa4gIkAPkFEQ/JeIBYcxoozpFFGRMhMCWm5ABoi8ngiMUxtWhl4P/RslEseeFQjelUjej1FGI0KckoekB4NYDwGORsMh9bvD2zQG9iwDx+q17dBvwccYTCQjDwDJJfyBSsi5PNIQTG3oTwIcV2QJrdZ0QpW8XphsAjMdfWZBp+zhxD6nYnY8BjeM0yW+UlkHA/jYyQQA/xEqmaAxRWOyAHhjyn7pw5j+khrRwNMLBsDlhLuAe/KcA94b+U0ePHhUJ3UkTS15T4iNYjvC/dm8EFOxKMsxGrvLz6Te3/G+8A9GjdGPo7nPp0yAbEtCbDTpC8P9KacIx/OxQj5OZiMEQwWabBOMECgD7BY6zMfnlKBHDkrFvJWAF4q0xC5N0UYDWGwUHQI3i5GH+yaDBtEgA4eGJ5CEYapACk0QloOUpuB9WUwmehYDgWKPXhqVfh7ZRjPYYHSw08ydaP3JkoAjZpM+o8HkpWZPX8ycFTjn0adlBqPBEnEIaU48JwH5N8djNXNhPcJjNdneIpFTrjeVdGfpCXvsQxGXbQfSVHX+WgPB1BW4FV0D777ZKR1kucYNpLuowJgIufejA8AoTH3g2MH8r3KRWXSM07IDlAabTdKLkU5WobBgMGY0IT0O13rdTuwOH2bapRteW7GVhfnbXF+zpaX5mxhdkphbqputXrFyuWSwRZ5eYqG0H63Z51u1/ZbTTto9azV7NrmzqHd3dqx25s7dmN917Z296zd7Fi/N0JVsHD0yooNK/VatjbctIs1swYM1h14cm/nirZTWbBegV6fLx2D9gHcdKY98NMASPnpCAowflbGtSWeVjZ+2mMiWz6F+KMRIeU+nn8SZCzHRfzbhWPrjsZLv7YZjndV9L225CdoedZ4TUCUNn46HwA0KbOlM8AuCGiCTbBk4d5ZY4L+mHBc62h4WEFico6yJecSMVH2pZIZxYD6L7jzRk+TUp0bR3hXyoerM8LybtDvwxD17fTKjD18+Yw9euW8nTm9YsuLczY/M2XTUzWrVIpWLsJzwrIPtgZi6CYR3CszLCFH8NS07MuVEfLWA63THdhBs2c7e027u9Oy2wi31rdsY33bNu5u2fbuju3tHtjO7U17yJr2m2eq9vQcvLNO327v9e2L17fsC52SbUwtw1GDARuiDraRTfEmqmURIhayxiAWSbnH0+NlPOV52RIOD+YloVxWOPH7FcvyCryQRsREuaMaEZwpnunjIVXi37nxijCmA7R/7OPB8/oTNV4R3kM5Tjj1bOze8bLvXYNJeRkgaVLgMWwRJrNY1Gk4TmQqOVkgAgrGaslytE2TlOz0OwrJ4MW5VKQjAaWAellQ2bdEeeY9K+Cgw+jox4x8MCi97r7VykNbW5i1yxcu2rPve9See99lO7Eya1P1gpUq8Mp4QVkVskaUhUEaYakH/wdELCeZCWPCwAvuZB1i6XjY6tit63ft7Zt37NrtDbu7fQgavLo+y2CpCF2KpaJVq1UYxbJhYWijvV1bXb9u7zu8a3Pbd6wPL836BbvVLNj/uN+370yvWLc2jfp9yavfZbWWDXXT7KBWCyYx54h8AY4Wc8iyTeYFOM6AJZclAtyj6FEg44Rq2cLZuibZIvjoYP69OMbh33PjBYjteFclf9JW3KscupAn8ph+ZIlJcpyWae676eMSfKxMSMsmj6vsGEhYJgZfmgqYonfRLZOdOEWJHkBifsaTSutBKslHEM5DVpCDBmmaDKrHnvTCeShQyBdhVPLW7O1bv9+ypXrRnn3yin3gmSfsox94xk6fWbNGo2D7uzfgjHVtambGCqUK5NGLivWGmF4bq0UlI+sDR32wJ7lRxba39uwHL79i33vxFbtxEx4VloZd8OXcVVMhThjed2R5iqcxKsOQTVcrNt8+sJX12za/eQfGrGm57R2bH5TsW4WGfX5YtYPFVSvB+1PdbCSMnlpJHZTWIbQ/1CHKJICqgo4KvOg4vFvecfQI7DdX6r5s7wpjhZmISkUIDIjQYiCp6TqOewzSosdIzWT+SYPqiFocZ7wI91TkJ9XwPuVw8iZ/he4HsePHZWbTEc/IBJqcqgz5JwV5KAE/Au9JflZPtiwtTMwpnF70IrLtPQYkKvDAELGUUARpq0nCaYyDqvEaRAOax9KtfXBopVzfHrq4ap/82Q/aRz/2nJ0/ecoq1QWrlLC8663bt77+BXv99Rft07/4S3b6/MNeV64IcbQwrIc1Ui5jYtBkBOMFgFNlP3rpVftX/+s37cbmgfXBn8+XYedoaLAsZRl8h9CF+jEewVvjhX1m0VtzD65v1V7PGsOOFeAdFlsta+weWmVlxW5MTdt3bmzAILYgAZ4h5KMSlOflfmiD4rqmB1wf9VUKsQvHIeUYy84W/GMB++jYin9iSFSD2ESyms02e5Lwx23Cv1WvbKye44zXBMNPF46R956N11HQOQlx5nA8PHhVGVZgE+XuKeY9yHfItOie/cDJ/ACAM+lmK3ukfATJ9qAPRBZ4gLEadJtWKQztg+97wn7xkx+zZ55+3JZXZmwAA1Eq1i1XmbFRZ9te+P5X7B/+w79rTz71kP3Gb3/OanXQtcWBxgteE0eSZr/rq62l8OTome3CQ/riV79tX/vWD63b453EEozWCPkeZLxomCCDE4JGSzHbIOOFON7VHNCIoQ4YM95xJG3U7th0sWSr589Ybm7O3r69blev37atrS0sfQdWrlQtV8RSlqrJOMY+IUadA7AN6icHN2bssXsAMjKlUxgX8y7ANh6VEou7qHgux+n3AvIk+WOM7NeAAh5YxXvAv0vjVVg+9+jfEf7HbcV9gbUeVwFo/D6A8bqXhEk4IismGT+IgADOiiPl3aPcGJmJCb6o86TuPiUjHnhwkEfAxLEBh4gfC5AEHmWTFTivL3EbFoty4eR53OJQsAriQXcftmvXfvbjT9tf/Q9/x/7sb/+GPfn4U/CycvaVL33Bbrz1pp2Ed1Uol623f8u++OU/tPX1O/Znfv0/sJWTZ2EEeGcShiurFA0ijQ0/9LiwFN076Nj//Huft2//4FXLlxpwhLA8pSdEGwLrMIrGBBOBU1Q0zTDvJ+bLA5PBCrvnyUnDB4PWB2sX7dnv9O3WO3etOMhbNV+1c+fO2fLJVeuBr9lqW7vbtmKhoC0YlO59SuPq+itG0MbWsQAdFKibpxUkRchRuAd5HBJBEIvzMxFwUBD+JwQ/Fcl/cuqNw1g98KvHjJfOaISxxE8OlKsTwGj85ETau8EDaaJ6+L2HvPtUE4om4DiO9ynj+dnaApYtQ3xywCsd8QyNyHF9EbLuD1GQX2eiARjCiKgo0slkR+Deq1G/bb32pj12adn+k7/+2/YXPvcb9shDV6xarmFp2LJ//gf/xP7B3/tH9lt/9s/Z3OKqFUdNe/n579jnv/hFe/zJi/bJT33cijAOuvyOyZ+oqAMMjOpGbcjb2ju03/39z9sLL1+3Sm1Wdy25/GMZv6geYhquIIRGSQ0HjfzcYc/lohxF0hB45zOnDWK+8VWbXVGqCwO2v7NvdSwZr7/1NmTk7MSp07a0tGzlctEOD3etO+jCUeSWCu8Z1hnHYTzGU8F4fIe7REZGpzHPk/eBTKEx/AHhPbKPwT3K/nFERkjmL6Pjwp8gxLOnseIQBs5PA6B8ctLvFR4AyBU5vVg6mBQ4uPQJEAskhUKcgSwp21pJUSXOkw2CBAFwUiW5QcpYxAkJichWoG2hrslkID3FjwKkyLDdDyhEX3CTP1AxMVmSJks0VFDm2e7vW7Wwb7/1mU/Yf/l//I/tlz79KZtu1GEwOsjs2fVrr9k/+4PP22OPPQPv6hxMUds6zU372te/ZYX80N7/gSetUqmprnyem1VRjKB6YUx0ZYlGKW/Ndtf+zR9+w1546apVG7PWp6GROmBWQQQYLulIoxQ8K9FCdjRW8r5ooBiI03MDHXYLfJSXg3zQsXrd3t/TXrRca2DvvP62XXv1qh1s7dvZk6ft6aeftvnlRev0u9ajZ6i+YVX8EKgd9UnPieeFT+BnHs8jEfERvx/oR8truC9QzD1EpWPlaHhXSFgyZY6EwPIeIatHNvzEAu8HGZGp8fppwx9X79j2TGB/6PRP0AXCcfBvgLGEgEl0rR+zHZ3EYhOwrhjGQMVBRexLiUAUPcOv/EwAKQlIs05PRRjjICEDmXQsm9VXNPBgQrN9XDSWeTF8xCUa8AKmZG/P5qpd+1t/5bP21//q5+zK+XPyakZDTmIYg0HHvvblr9r21rZ9+EMfxHIRckZtu/H2NfvxK2/alcsX7OGHH4U81ouhg5gPRBOyk5v2J4el4fdeeNm+9kcvWqU6p0eCtLMe9Q2CxyV1dQ0rPHJEImmwcL5UDEZMBsrbxqUjvSx6YaTTGFLeYNCTR8cRnS/l7e7OttVqVSuh7YNm1+5cv2Uvff8la++27clHnrLHH3/CSuWCdXptVEmFWZHr78tGJHmAUWJOFpQVgfyIxENedocCyyImczByScgCk9kQ4V70Pw68q0xvazb8cYFj4k8KfOT9+wb3O1nvoS/8HE0IiwMzjZJwHGTzEh4gGoNJDKU0+AOEvHC4J/h1nffSpHvLowwZrVgvjEpv0LdSoQzDlbfW4aY98fCq/V/+y79ln/nTv2zTZRi2Yc9LQnfemdu4s27fgId1/uwZe/LJx5DVs17rwL761W/bYffAnnn/U1bn0s+K4PdrXUn7YQCI0/DwWcMbtzfsC//yK+CtgEY6DxjKSBAfoG7RwCGVaYVktLhMjGkYKgQZPbRFeUMM2QHMDdI0VkOVoScGOaqIWz7Kttc8gIiBFXMD63UOraCL9Tm7+sp1+9E3XrCpXNU+8qGP2alTp6zHZyxZpwwylZFGDkinqQw9CySHEH8IPY0DDFf8UUzyCIpwYH2sIwk+YgNXkn8/eJfso/AAMn8aoHYkfZEJPxXgRYsx+AlaNKnMT03BKCQK9LQ6410g24rxFo2XnTyHY7lIMM1fYoL/IjsuFRBirMCeDEHnizOQ9EkIHoQC8ln/cWzHQfordnwJUqmCL2dGVq2Vrds7sH5z2z790afsP/sbf8E+8PSTeviZsiIfJ/kAxuCF539o79y8ZU9iaTWzMI8KB3bz6tv23edfsPMXV+zcpQs2zJXQPj6AHfZkSScaLsqhZ1RAnUP76te/Y5vbTSsWS5It7ZHPZR+XggXeSaAhQ+CklQGCMXLcl4beT6iFlkV0yqcRo/cVjBbkDbhcBPsQMoc9DuqcPDHeLa2wrfD63LC5oey1uvbqD162W29ctyuXrtgj8CYh3rdq5NmDTHlfEndzEvGfBGI5l5sIYWOJI8TxFd/4EDhT3giTaQBJnBdHgmcfBRUI4V1gTJf3CpB/nF4PUu+DAM5PVO0nVjHtiIxS7Dop+l4gkREb6neCJEYBB+W/O7B+tinLnlWHaAwOAdOAYrkYk6YchywOmOw1DT4NwGMYx5iRzypCSjBRxMH1YF7aD5mAg7ol9g0C93pWynnb2bmNZdOh/bnP/Jz9p3/1t+yxh85biTvXcdp1lxC4NIURa7X2scz7vtUaFXvsycetDMM3aB/Yi997wW5ev2HPPfOErSycRckpqFORofDmoDyNUvB+CoWarW9s2/PPvwQdajIgORkbeEr0nmhA5C25JxU9LDdckCnDBRqF05gg0LvizOZ2Cd6lJE118nYlyvJS23CAPNpI0Apg513I3rCLdo6sjL4ZdCGf50X7yaAPvK3rb1y1V174sS3OLtoz73sWy82cdbF0phEhQCuUcWPG8eRjKmKhs5PjvUFNcRQALBYNYfK8JukImTxBJi3enxQSpaKGbK/LnAxj9U8Ax1A8RpjExwIOEU9hPPUg4D8uPwkc0xidUrQ0mUjvBRJ+lo0TIzbpvQoLEPRIdJqAYztPbMTHNRAwL4gZL5tCZAls46KEeA5bmPBEUDaoQYBUpu78jOhPxMD2BFbyiA3y6DVol/zQNjdv2+VTM/Zf/Ge/ZX/+t3/OTp+c85MdZNLADkZ96yNQ3s2bN+2VV1+28xfO2bnzZ2xvd9P+6KvfsO987yUs4wr29uvr9qX/9cv2lT/8sl1941UZAdatZWC4ZsRrYTRqL734su1s78NwlJQfN5fSS4JVQQwrQ6NDI0TDhTR3+LshAo2jO+Cjvnth2ibBupBHnK/ZkacHnj7K07uT4QNNPGgszCVbrDus9Ni855APPpblVpLdO9v2Egz08LBn73vmWZuZnbFer+t9i7LyDFUyANscPhHSs/ruEM8ZbWIMPDFZui81xf6uIC3IOxkA0QgfDyiJcxYkBJgUMinA07H98eM0P07SstIFgRClp/mTdb07FJa0VeK9FzyuyHEG4oFgsliQw2OadX/ZzhvKaRQIDfR4CHEIqibSRXBafNwlGr0xPmdziHQF/9VKc0Oc5DPgEPnGhBKYl6a9LTxGPubHk52OAK78PAsfGC4ahM7hjn3g4bP2v/9rn7UnHlmxmZm6latT2s3O2SGDozIwAt2u3Xrnln3vey/aD374ms3PzNnBYcu++pU/sm9/90Vb39q3YTFnr79xC4brW/aFL3wBclrwVJ7Sa2ty1oPhkY8CgRVrN3v2pS99xdbXYbzyJRkaGlYaL/0k0ZjR8PFuaDBKejeY7FvwxNg8GTvIhf0hj4wSaSxPIyg6jWWgI9AgiR/luzBADXh+RfIU4FmiTKFQhGiXCVaVoa2gd8ibFNVa1U6unYLx6tvhQRP6M5fnS53FLw4oSCScK6EIVJkQ09lAiPEYUEa0MFnmKIxKHimZ0mKReJ0sZQWiLw8INIaB7PQAqjtJPRi8J/YJ5qA6qbEV70lchFAw7PN6jyKOZUcHvVdNghIpBAIEZcnxXN4PxM9yxykRSRNZ+uEREgIBcTJYIz2EQB7r+Bh4UCyZwrx8AKIeIpZGx6WJunqhNn3dACS5qIB1iIKYb3Jo7tyxX/jgFftP//JnbXFmYFMzFZueWwZPMFyUAOYCBvTezo595UvfsH/xL75mL7x0zYa5adu6s2Pf+dYP7JWXXrIbN96xXreN5VcHS9GylWAMStaxj3/0WXv0iSe0POW1JF3vgkHI5+q2ub0lw3fYAl1bKWhwaFTcYvh1MdLC8lA4mxMNDw0aeZggmWUQk48BBo155OGOfN6pjOUoR4YOdO73mi5XsIQEL/qFxot7u+KdTUgCH3mZdiO4vbUDA5e3U2fOWKfTs739fStXKvIM1ecsqIMQRZGeoR6Be9GPABnZFxGEZ0uDECtCUN2J8fOYRQIl8HicDSqXQLZCQjbvpwDHGWeA1A2B58J1GtP+XSH36Md/PfTIZCOOgTG52TKoOsl7F1kTMmIyW+JYAyRgM1O4r6ECo6Mok7AdL3eMqltdTsnS79Oi+8OkkONVuBc5KZIUTQ4efM8Y2jjoWf9g0377T33S/txnf96G/V1rt3ft8mNPW7E8hclJL4nLJ16XytvG7Rv2r/7FF+yb3/iB9XsVTPCaHXS6trYybQ+dW7PZKriHXZtemLfKzLzlBwX71//6i7Z7+zX7K3/jP7QrP/NhGSB5fnCbBoOiFUqz9qMXX7S/+3d/F8YLXVnEspEfKK/AVvALfXV9iyVhTAi6nkWjJCPG4IbIDR34glGi5zWAIeKLD7mva9jnxfmwjETge79GyDs4aNna/JSVUKZfqth6q2uFSh3leYcSS0ouHcmP2HVBPxYKWm4unVq1tXNn7DqM982bt2yqyu0mMJTg8gUkFAoR28AfQcUIDwTHMVLAcRAGL/vu2Gmh7vO+PKoFSx2FuHdOsskupuM4jwcWfS/8RxrMooHkeggLpAne+8CDe14TLDQcaQhEAROTzJkQICnHA79J8BPBrKOAMvxk+ciYDRHE40jKQ2LEPXk0zcMkHNXoCCUpPxGyMJnOANs1XhABAkVnTOH6EscU0sURpKFIv9+BR9S23/nVT9pv/5mfs3ZryzY2btnpsxdsanYF45tl/OI8v/n80L77rW/YN7/+Nbt84bz97Cc/CsNwaKP8of2lv/xb9vFPfcgeffwJe/iJ99v5xx+185cftsXGlH3/m1+2arljP/vpT1t1bh4TBxOf1ouTAZOoUCzbiz/8sf3whVehmU/46D3Jy2H1OMhYMEtGyoM8KBATmvCwFQK4lpD0opSGHJZhoAGLPKKpQnhePZurVXRNDYpZqwdDyzufkMHy7Dh+2J9eX6Aj3Wwewrj17eTZ04iHdrC/hz7zt7n68NBZYBTSIT4uEI6jEVTfu0Aoo9OdLTuJK5Ax4AEimpLcSCg9ljmWuC+oGo1BxhxbHu5fNpOXRVmWH8nyMf1ggB8Sl4NevG+9zEwZXNHjAHTOpgjjxY6BmBkZPX2kSDZbmTxESz2RlQEOTumDDO9gxmlw+nia2h8NbihjIJB9DJDhg5+of1Ju558M4zDOL0Ay9jXlEYuSMd9w8ngXrWWlwaF9Dh7Xr//KxzHRtuzuxl1xNaZnKADfOND6mIS8WN61J556xP7yX/tL9puf+4w98/4r1u9u2EMPn7TLVy5ZsYiBgSVhEWNp1G/BcGzanVuv287+LVtYW7T6wiKkUxv+7LuxgJWAIena3bvr1mrxziLIAzcuMg5kY0wa32MPD2nIQKOW8DA/eFYyXBTtdNYRZVBm9LRA9Q/TNG7URV8YVmpHIUDocVGGP3fgPJJJfiUYgZcyYei2b6/b3Xdu2vmLF6w6VZcxk5cL/nQ0ENSxHiPwE3GFTN54yKA6Odk0wiRMVJmA+HmO4SkDj8bAweNsKskLZWLwTMaoJLA4KMPRMYjK/BQgVCFH8D3Yr/DzrWMiRBBxBLVJeEQIIjiaABtEHrKxm/yTQiyTpd0H7suKjJAXuzHbnRxgzCbtvXbz/ap1euRIw3hLYyqlEKRHIGk1wD4K/cnrUB5inoc4PZOBmecF95Feq9zr7Fkt37a/8ed/3X71599v+weYcFsb1u7AE6vwGhU3kobJNupBQA/Gqwu8bXPzc3b2zAWbn5uyrZtv2mzN7MPv+wCMB8rAqBTsEKMDYXiA5WPLbr7+mnW2m3bxwmNWqjegAw0hxNPgsI7cAMvPlt29fQd6QWs0Qn+6AUPT5x9uwCDJYEXDg1iGTTENkhs1GSQZKEgNPAqksS42hYF4EpAPInE2lTLYfbwGyM5EDtpOnWj9kEF9cfSzRN2ZIlmFdYdz0O3Zxs07tg4DdvnKw1ZpNKxHfVUynAt+IF8UFzh27jzjXjDJlMGlI2CSJQLzxeN1605zwhPbljBl+B8AopzJOh8QYjVHq3s3BbzCB1WTkLkH/G4QTpYKIIRIEHH14NHqkzLhmHb0fWCCR4NFIZSfyE9rJabhqvAgVU1CLDsOTkmPIUR9MhCTk3UrzWIsk6R98kRe0YNAr4s0pIcIJINYLOSs29zFsmhkf/F/+0v2EXhOm9t3EbatA6+hiYk3whKuUKrKN+qPuogR6M3wgeZRXnG329SSc25pwX75l3/VHoJhGvW6lqeXwlfl5FpWKIO3PbTXf/CKnVg+h+Xk+y0HlyxnfBYSXpyMBpXM2+FBy9bvbAdjRKND40UPKqbdq/IL5V6OvDRwiZFi2WCUopHT1gbleSwbpOB8CoHOBlOejxP2LfLYx7K0fr4Y8xPHk+hsh9oCOmMaWiw971y/aZ1m206cOOUy6MXKKLJcLO/nT+gk3DPjOIhnPOr5LkAvKWEMZRDiXsNUHiBJB75JUNnATxmOZeC4QhMAlsj1ANzHQFq/yt9XCK/gBiSCiiPJOG1ARgrRrFCdvSzR48nG+2Ai4ul7woPwACbZlMZBA5LufYjpskRjcG+Irc1qfaQFISbEweo0TgQfMONcmANKc6onH+oVKIJYhhMs8DOOtXOi+Gmix8WlAZeKXWsU+/aZX/mYfeojT9nm5i3b3T2wZqdvh5hoB80u0ogRekgb/yyj36XzAYH07vxuY7EILbA8nFpcttWLV6xYBn24C+PFpSIMEwxbAcrcuf6G3br1hn3oZ3/GTl4+DSEtaNODnlyKQZ68j7IM1+bdPehY0Fsf3NNBv8AgRCNF0qCHdN/DQG+ESIO/s8v5o2FyI0ajR3GUA8OCGGQZZC398E2MHuSwn9hGcHk+267eDUaLSdIJ6nQEyUSb1PvUA/WiT2++fcMq+CFYXFrWo0RkRi5i54xHQhQVQwJHCMeDNIN+R+Be5aPBEaBtIbD98WYOl2ISGUKCZ2CSFHooA9l6Upikaq6xboYHlOGQ7cMggx8pC4jnKgO5Rz/Bu40OERmrVEIYK/XAkLDHyscgrWkM7lFH0gDBZCM8zaOM1QPDpBwHp1KOJB6j0lGaGy6n8mZllJzwhby0JPkZ44AZSTqHXMhR7Eleo0GumGG8sDTTtZv2tv35X/85+8VPvs+24HHt7x9apzOwQywXuUTrdrrWPWjaqNWxKo1TNWf1StFm5+asPjdt9ekpm5+dssZMzRqNqhVrNcuVGug/MEMf7X6XpeAfvg7t6o9+ZK12zy4+8zNWnq7AEDRhCOnBwUghDLHIzOUb9o/+/j+2f/qPv6ZX32CtqfPG1sCeqF3eMrSDhon10LCAEi/gy8aQTiOSwWXElE/jQmNGAwVcnhjzmAY/bSny2P4SLPW55VlrHR7asNywrRaWzJWGNuZqhz0rRr282yhdQJBBpRB2N2b8EPrnKyV4sUVbOr1mcwuz9tYbr6hBbhgJEsQCSqWQ5gr8hKdsSYZDWno8I5siz0SxY2s9jk8gonO4QQ84Pj42iQUgkiRiLQnhASGnc5jqOKntJET5HPNI0fBybPADfdP54xCMV4Y4lh/Y363OY8Dn60TBB5TDWmM3uuEijlgtEvkIqKHBSNwb7lF4AiLXZGel4Pr45Azuq1jZ2dCcqjIJUK4EhhbFNojBucijPAHbwSieMFFAo+eFZRg8oz/1iffbb/zSR+Fhbdr6zo51Dgfal9SGR9ZD3MVEbe437WCLfx3WxoTkDnZfSmF66pe4Xi5brVa26emGzc7WbWVx3paX52x6dtoWV+atAeNWadSsUCmjDIya/vaMBgKeRxETfACPTkYHHk5lxt589br9N//3/8HWN4ZWqdaRxwvm1Jk1wsjQULG/2DnygqgLPzSS+DIMA39ouz6g0/MSDw0MvTBtToVUXSMjHSJhdHxJigVtu2MzJbPVhRk7AD4s1m272bFSbQqyujBelOx1+oV/CocBhPHikpYCdQ757rN80fLliuWqFTtz8bTtHezY9uYGPLGyLuLzBPEcSaAfAKIcgUh1rsg7AVQloD8JsI6x8kliXCrbHo1XFrxnIpVHhAkZPDeKdUzrzMYRIu9PBhmJEpOtBdiY8UoiTsqIx8MDAPiOsh5LPAKThifWT/CcVE1BwhAQToxYVeRTVlbSg0IQFEWnaCKbaXpF+mK8+/8EaopCFRqxkIdYE5aAJaD/mjDL9SU/JzVpBHEig16k5EseZYys3d6wj33gkv3Or/2CFXoHdnv9jnV6Q2s1h9ZpdWW8OvC2OjBeXXhKfSx5+Geu8qL45TKth7xuDxMd+ZjsPUx6al7CIQ+3kX9dtjLXsOWZup0+v2LLZ0/awsk1W1pascZcXW9VzRX4a+qP0PBB7Heu3bV/9A/+wL79rbesXF2E+jBczEQ75D3pYjmnBdvjdGJqO/M1iUDWrnufPuTX0jAEGRV+hUMuPC6/ngZeBHpQuqYHvN1q23KtYAvwMJtsI98ygT4pVaZ0/a/PAtINsqmDvDfI5jKR17p0ZxG9D090iJAvleCZlmx2adbKjbJtb29SEZSEHDaEGvNkJsAWZNMRvJ0PCtTpQYG1ZWs9UnRCmJLBeI2X81SqPTCReAAgelCDJK7kkNVwsvxxtAipJgmE+v1/GyfyfeDFRIjfDcA3zhpSD1B+0nARsk3xXFCIRFYyBJyR+GMeIRHgSJIEiC0plAKTWRFMHWETg3O6ccmUYTuYUP9xQvjgzmFSaSc6QgGzi0tLPjzM17Vw9xXlxeGCEvAM8jaA8epxkvMtDqip3W/as8+css999udtup63G7eu2wEM1WETy8QmymDZ2Gy3rXXQkufRh9HqwYDxLQtUg+/0ogfkD0WzJtSLLw2YDCwmLh+L4b4mLRth3HK5npUrI4SirZ1YsZWVRZuZm7HZmRmbmmlo6bSxuWVf/+YLdv3GgRVLszK6vBM54vvDoDmNTugOr5M3HsKA85ZDGapCHRhH44WPPCSmSUAsY0PdEWvZCFq8jsYJxdfskM72r02XrVGpwcSaNVG+1aWHWEP7wEO5/LBOilObvW6/M+qvCtLbVulxYtlYhKdVrMNbnW3A+Hf0p7s09jR+4mVbiUbwJjIrBRoAfGPWOBN18Xi8kIMoIXtM9FHWYwBME3xKahwchdiOVM8UmMe+nsybED8GR3jHOopAjntJOEYLsUKH1HilTNF2HVPM4ZgMJ90z477w7l4XwN0VMnv6no0FTHSOUqHYWE1HRHguvSPmqbpwFMQIJ51qKE/ZMC+8xsOTislUwOQvYpIwNOClzIBnuohQztt0qWANTIZasYRgVkFd3E/Ftx/4BBxZFwalCeNziIm4P8jZLgwT/9L+137z5+zyQ2fsxo07trG7b/utljUPsVTchTdFowWPo9Vswbuix8U7e5zc3IGew6RFXMTkhC79XJGPEuqaDl8mSE+GjiO7TXulkKeXDLJ/0B5uneAern6f2yz4gDMmdbHgWyHgzZWqVRiGqvqB/aIpjZiSaHgJGrAaaGJIBjCa62lGSChmGgcG6UKceUyDQDxenCcvjZobsaF04jWvc/M1nBP8NKCtu/2ewQzr7qsbL28nlWVZdobXEbZ16P1e+JGB8crjfHGTa5F/8VYtWbFWgU5cnvKRIWqHemGwvW2I1AIC0wFHpBQOWS4OM3UYIWV9AEi5qP794XjBSuLg49vT0pEB/erA3Ig7jNXHPgtoLHschBYmwL4eh3uVniyZBRqvT4Z/DwowbkgmhN5Dlshj5Y6HhCPwumT/1ZqEMZ10AIXIUdYJAF+2cACRUFYDJguURxoyclgCSTwMEYdllMNlnS6c68MinDTgD0u7AoxNqde06qhlM5gIS1iDnWjkbQW/1GvTNVvg/w2CtwKrV4LkHPhlFEaYBPJ8OMn9DlkJRiFfgFRuR8CvfQ6GYYAlTH6qYo2VGTvsdW1vq2l7B01rY5JyyWOHkIVJ18OScNCF19PnRlQ3Wpzs9KY6iFvQ+QBGqaldXDlrob42Yqb7MKg91EOvj8tbKIOGeot9WcWBirrYMZiFNPB8iwQNBPtO3hbzQxl2HrvPA4+gSQbaxfLCSUIMJPIk6RCzOr8m5d4RIRouto3Fkn1joKkP0BeXlmasg37Il2u23WnbsFDVDntep5I4ykN99MKkD2Vw2Qnj14cM1p3nH3Xwjiyve3HrCQxXsU7jxYp53mjAoAe9TWAaOzqicIjZDibRLQnVsWwaQMvGSMf3AmNSAoCmb0bacSiRWDQh+jnwNDM9I8FwOKa2BFT2GMiWcTlZviO5GZisLQDKy3gdNTxp2jF0Q4blWHFHZIyDct+Fh0zeMKUESQkieu7wXnCPPJJRNg4tB58YkZRcZIfxop+AIW09THIOSg5szmMu8zjqNaexJJLgbttq/Y4tY5lxsWx2eaZol2an7FS9aI1RF8sLfzvB9u6Bbe+0bGuvZQedvjVhdJqYYPSwupxJqhN1oH8qMF5VGJJ6rWR1/OovNhq2BAM4P1OxWXgTswsVm+IzePxj2E5LHtegjemElY6WQdz7gLnFm5KYi+5Z0NAwsGWoo4vQQlsPB3nbQ/4GDN3WqIi4YLtYph5gsrZhcK2CRgE4sTXjiWvicrKyz9BHvMiOT57LRDSCXHnIo3GgaRdf6F8C1ZGrD4SSkllNPpVz/phPE+OMiKgHeRH536U5jYYsGjAufbk0vrw8i75uW7E6ZevwRvVcI06uLupzsQ79KNsNo6qjMHhdWDrruhd+THiNUm5xHitHGC/+a3e9CkMIOSN41vzBo55sAvqCvSJgFMe6xNO0hUQCWTwLiRQHyXL0nkWOgBdyQ5IpBPRYEZPEJJ2eG1fCM2KKoCoy8MDGi3A8KyCbkS2ZBfTp45/67DHVeQE/IhfIfcXFE3UfOO661hG4F4/InABxEBCiRqQcbUECzILccckcTiDj4JNKKQ/oDfgfoODka0AGGhj5KmH+SYW1W7bYa9mVSs6ehFF5fGHKVvkr3T60zc1de/vOut3cOrAbe03baHVspz/UErCNangNhj4K7EoSWLsGOOpgF1Av6sDHmivAqqBNwWqemKraqdmqXVmYsUfOztrJhZpNwciNYETbzaZ19g6td9ixXA+6ojRfWeMXpQFsHmRxajiFXibyIbcHj7CL9P6oYFuYmbf7RbuN3Fu9vO0WKtbCknCAJZf0hFc6oMfIBHj8lEEm00jQSPpvjE9CtskRr5kojYZYeEBwY+X5nuE0Zas88EyInhdQGKwQ0/Dwx6DbsRoM79m5aTvAsrpQm7b1w7aud6GJMHI8t8UgS6ZR8thP/lZW975oCLX1Buc1h37Us43lolWmpmwIu87ra7RrrFyXGdBefsfBCQmZvLGBCUymvd90YMEYEyZZ7wleiG0cKwT0viIymRz3Skaaymbnn8MYzxiowBE4lpUwlsHEZE2TcE/jlYJE4JDlcdq7CR8HZ793GanL7HvKBYcGiThD/ADAYolMLxNLRik8TTpZmChYaWkwFjG/Ob05zXnnKY9BXewd2PLowK5UC/aBuVl7pFazGozY9taWvf7OHXtzY8fewUS5jV//w0ExGCoaB/d4OLHpIXD6yHNgnaBpIoGXB2kCHfjHGNRPmw0xybjVoYiyNCFzWFauVAp2drZmj6zO2pNn5u3s2oJNNcrW39u1/dvbMGQdeBHQuQAjxlfBoD4aHfYhjVcBhpm10YxyB3serQULjBlkYIm1h76408/ZO/2SvTMo2c1hyfYxibvwPoblCvSmdpjkWjqxDyGPdwt5QZDtwocxCIjVtBCjdt59VIL5ImYZPAp9wsEpgyVEORnjxZhLY7SCHhX6p4Mflvnpui3WytbBeRjka7bbG8B4+XKPYrg0Ji4tkU6MF88NPC9fgjIfHFrCu/Hidb7KdMMMHjE9L2SxhZRCxTTOHHPwlqfgeTwyTOZmANmUKdlRYGSP6fuCM+mYCAAAfdfiRxg4/tAuyYktvQdkMsV5DPO7NkMZPNynfwToHzde6ianZSApDiTm8oSmGQ8GD+J1cRyLy+fUUVAmM2LDjmM6HqTzPYHdLJORYtBX3gMC/6C00Gtao7ltT8KiferUnF2ZqVtu58DeeP26/fjWur22ewhvxewABqCLAT7EYOfmTbZJr0uW6wMcCA0X01q2cALio8mMs8AJw0lEbeWFqRQ9QQrAkcab+eDnIzz8A7JF9NeFStEuw9N4+MysPXNlzdYWpuGNdWz91k3rQM9BC8Y4hyVPGYaH9dCsUjjtjeSjLtQNBZACcB0E4zYqYPmIyb89Ktvb3Zy9hSXvW7DuW6W69avT1ufFbHQUPxAsXf3tFcCSc06dAxbiQVj+64WEYnYeySGIFlDScRCJcQzsOwbKQNzH0l3LxnbbTizNwlvlHqyiHfYKuqZXgNcUPcYB/1GJ2zlwDrTUBs2Xn+69eRxOGo0WrBRfZMh/3C5PwXhVSjiPMF44H7GVKeKqZ1r/QED+lBcY2xhS94VjmcaJSiUkIGwzPuN1BpggZNuRGrEUjpQnZImhHRoOE8zHliWojljzvQD6HzFeE2U0XzK0B1r+ZeCB+TkQwJutaxyoX2xuZIrpCSA5q/NkowLoBLJCZqOMLpxTX0xqvxhtVm0d2LnBnv3cStV+Zn7e8ps79sM3btj3bty1a4d928YEacOzGdFooYA2ULLzueRA7B4DJxmNBuSqZl4Yd2NBc6G9UJz8NGjiRR7boLLuIQzlKVFH9lMcEMzH8gU8U0gvg+VxGNbHT8zYo2cX7KGLS1aFodhfhzeG0G1ywmFBiWUVa9a7rNhIiGEX0PDoLhw9NKaRkaPx5d3JYtkO4JXdwJL0tdbQ3mib3anUrVlp2AieGK8DUXdqKbUhl/0ZJIPA2PXmUUleL1MbSOSBcYjYTnzUfyrBiRP7ByQZL/Yb+pzLPbSl3+X1roGdXl2wfnsXxrphOzDcg3INhoceGj1FngMoi3qZdvHMo9fl17pI9GtjOFN5LDELWIbDeHEJWWzUsRTFjwB+QAo0gNSLbaAYHb3FDhGLOQHUeEDKKEi5gKnvANn5kzCwPybg3Qnq0zFA8t7F0hxqwJTaGs6jAFHKlULK78BqdT4TAkLEiWT0EpYm7wMjK6ycf8zf50VhicAUJm3P/YwR8ybDPYEnnPlkCWziF57VnoSYzjALPM2P4qTOFOfnfkCvw+UAwyT1ZRwnVc6q8Lgetl37tRPT9v7pir35+jv2heffsK/d3LW3ebG7XLVepYaJW0Jz6EV4ffrQ2FCsmok0jUTUB3WoRqJBB8YK5EfMgjIe9IBoEsibOckswQFBLi76Ooh3Uf/t9sDe2jqwa1g67m7A58AcmFtZsLkTc6iIdyTb1u/xLiXmItpL/TRRUdbHJSSyHhpi0ohjIuWGXSsNOraISXu6mrOT5bxNYfIPOm3rdbBEJZsMIYQA50XzIE5y+CgR86LOMj40oZDNOO6uT1pPXgoifyYwTZCRofGnAQPNjU/fyjAwszAwfMMF92m15ICVUbUbJW8kUeIU5DJ1rYvvwWdb2QTlSwMA9Oe5w7nIw6suwPiP8KNAQx3UBQQeEihAQeRMOgTxsMw4hJykiB8cJFch6jQBMfseoFKRJ/Ih9iqiRBIC3yRkysTALno3SEQByeJjkEkL5WGS5xhw45XppEkYy0HC00f5eeIeBMjGC6E+GGJwWvwFmwRKvpf0SKeMCMS9YzlN7lWSZb1unrAR9wRxwg65j6mIidqzM90t+60zc3YJv9rfgNH6Zz+6Zq91R7YLo9WvVGwgT4UCODFZr0841Y+gPpF80kVQnrwnTQ7YCDBGPrJqgjMDKV1ngTZMcaIwSGfm4SP+kNKdP4QWiNsocQd6Xttq2p2bm7a7uWcVLH1W15ZhyOat22lZu4XJjflMz5NPB8gT07KKerHGIJvGE/olj+iM+laFuVwujOxM1exUcWBTvHPKrRuos89lI/pRPwIyUNTSPU2tRrXMAyksGWUsgNMLYwZrpkEjRl0UyJ7EbvDkMQtP+WhEG7Wq1cvwhPsw0LxrimVuocTlshs5vVEDMctSM5WFnm68fLsKdaZX5xWyFwjoC/ShLtzDy/Y7zqDq3DkuEJpJHwcs8m48ys8GRt4HGcpRuEfGGJlCsgD9/aNECBMQSZnsWEr2DrRjSjkwL+kjxsdwZkgJR5ZtogjrLaxceByelycfCMDGgpOQKncfUFnGGV61nEi2R+MpejBwmUITUGfes0ddviaYdEGgGwQ6va8KJvFpGK5fP9GwM5isf/CtF+1L13dsfVSxHi9W884i1cZspPqclPwl1oTL+yQhg1MoFR9OHqRF8IOAc1DlwE99vW9DTK8AkVPcDDA4SGqI45EbUDERIZTbITYg8x0sha7tdO3a9W1r7vBB7ZqduXDWpuf8oeX2Ydv3lfEDw0MPibaF19fUDuVAvlSBgUHbddOBb6notm0B7b1YMbtUM5uHRzds7lsb3lifNwDyvF+KcnyXGC/sY5nFZa4eLidIcRwQ+Ocb6qOQVltZJ3DXw8GX1wgyLiyHAKNDnj68ypmpquWRx93/XbiDA95ZhMEZhtf3JMZOwhDTwCLEFyNGL9gf+qZPC134g4L+pOGiZrzZUqqWfMzohFDRiGeA51N0Znim+hkfnvdxyBDEn0JaOst1lOeBISsQENHQKw6RJwTx6JAB5bGU95lKBx5lOSpQGj+EaVdkcwPEvNBnPh9CMiUnJWG8uGwkZBS/H6hwLJ7CAxuvwMcjJ6SLOq7uwMcyikNjnJzQeYi0ewLzxwIO+obOwSCkV0M1Cvi1rrZ37WNTI3u6XrGv/eAV++rNbTvM1zDJqxjozshrzvlgXAY4gbwAzCz3Hn1igYp84spR0PUqnXCW8RAHsv7+C+BH56eceOcxhpCjlAyfjqBBFr6gwggFTwwmxnZR6C6WVDd323b79q519/Ztfnralk8sWqGet/32HmwKJrw2MMGI0AmSePQP20EvBTiNNCc4u4//+8g6MJOxGu1aA+1cq5TsdCVvs/Bauf+s1cWyEsbD+BdolIeyEAccZ15yQQqBrWBHyCON3QbUu9Jp4iWn5DBGy8OFdca8xjZbr8NO9qwMb4uvfubdU5xg8MN4sV6U8bpQNsj1C/R9qIe+ptfIPPQD9XU9WAK9yutfKNJDXrlRlfcVx7CGVJicaawqUxwJXadkzCOImg+MQ1oQefkJJEHkw3iNeYkM5QRQMqRjFoKX8uRxIFljn6SoYKxsJpPDgPXpzjjrRWA/JbyALC4AwXtiEiYpRzkiwHi9938Pon5JGUYIngo0gs+iTPDOUGEh463TgBIfg/Mk9ShOITlZkjmRGdKeE/gUjofsCeMAJeeJwb59fDpne+tb9s9euWa7xTqomICcPeTXAAcJg5cTmjNAS0GiBJ1NpDmISfWGBOkxeFoGgDENF2UmgB5RJciVjg6kpME/qB3znnK44QGcrA8MxGnIBsji7vptTO477Z7d3Dyw/fV93vG31TPzNr3QsG4bS0kYHP7HYYGeivZPsVYPrEcPK8vAQDzkUT21GvK13QJGa6YwwHKyYGulvJUgs9tsW5MXygvuAVEvGmNaIvWZYhoJN8OqE52qtuOrSmhwkO84kyyDPPD5EpDLPl6Gz+nPMvhcZhH1cW+dFeEp88cDPBQBM+VtEgl1gqgL/vC8pAfbSjrL8nxTL9YFep4X7VGO/xNZm8aYKNMTQ5lwfilW54pJBRJiHPAIokOHgMZ0Akkah1BW/R6FKwo4IUSpRCmdoUc+ttDxJItYTKREABNHA48OGXqMGAPR+WEcPtTb81IQ3RF+BaSNwURSQBpC8LwmObzCpNMyQWl+lPaqGFIQQwbEmESRlPJgYCqdEAJ4epKaQswJJ2lMKGM/iSnVMR9c/GV0POXFpOL1DCxfHim27eHCyL7z6tv2owP4LiX8ymLQchRrbgHl5s4Bl4j4cBJyb74bIDcist2sxxsnmupH2j95TOJoDEL9oBLl5PFtFCQ6L0GeGmuE3lGsZCHN63SURxmugdfK4aF6oGEXhH3IWMekvwWjcvPOjrU323ZibsFWTp7AUqioV+l02l0rwmMp0PBxSYZyercVJrL0pREiiA6dqCjaymf8eM2w2OvYYn5glxslO4UJXu427XB/H5MejFxys7fUUN6tQwQBfNMD7+9RFmP6sfqAzk29cRkb30UPssqRJh54WfVK2SpFSOTSFPq00E7/0w1IAL+WjJTMulGWfaML/fQ25cGxLxEhTx4dlQEPOfnhOeZreMhfnW1YrsIbHvA8/fT4eGJ5BR4IjCknAtLoJ8/3c5eWCZzEFQVE4DokxisDGgsCR5IjeH28CfUAnHVE2S41xZQiIYYshHTamkmGSDmmMCfEJIAlmYOIOUrHwTW9F2SWjceBF3T5OugjQBSwBJKqwOsnBSGdRUp6R3tDhBKOIgDHs8dxuB8taOJf1Ul9ko4iZFACUT1gi8l3Kd+x0xj4P3jrht3BUiE3YqDMcLGXE4lmRBOJZTGZUVQDS1+Po+ekY6jfdVCSLMjjRxTpSfmcjJ7LI6+6eJJU53VgPfxEY8XL7t7dfifMDRmPpHjgxfk+2rmLOjbgbazvdWx/49CKMCwryws2O1PD9B7AgPE9YLx2BINOT4zlacggV6B+QCQ1qZnXrLowm3mBvjDs2QK65lyjqAv8g/0DOzhsWg99inWd+iv+mw9xbl3wlxz6D0LygR5ufVCDUDc6MvLkw3ngnUYarxJ+ULj060LXHs4b92lxGwUr0YZWmUaWSeXQUPHHIoJkgyYdpAdbhn6kvugzPitK41WoY0kKHXQucZAECibhGBA1mxXKJQmEOEZSOiHgWVJIaGzHj8oxi7oqG1TqAz5PCpintJi8fWISZDkBJMcsxWOSQpyCUwKdEYKPkQCBJjTgjAMJMeXH1P3heOOVtNxjjzICj0eBIwVm8nvnpA11PnEkIYLwhJDN9d+8NB3xmCakNFFRp04ilzhURF+PjwDJIXganBiMC1h2rAG/tbVjN1t8bxUv0HOywChgYHBtT934kezQTE5tfTTgQWT7yUqWgIo1HBTh6Jr70ocTmJxJPWCSPBlM5IDGZyD94zLdSHmcpv1IimvDZZVeK6hUHzI6CBto100sF3e3Di3PDZ4Lc7aAUCjmrX14iLmJVg0pxxehfpODElATdPT+ppLIQyQeITQU7JOelYcdW0PFF6cqNociu+hXPnc4xLpVDz/jAysmb4za6oei7zRm8U0dwmm4ENEjUp/onPh54bK1Ximhb2hwoXsXtHxJetC4gU2B54ggry3Q/I0UrjubQkMmT5sBwNYLaPzQH3yYuzY3baVGBQJ4LY3AfgioIJsYy1BKdQU6yx0XEhAh4GMQZeAInvQT8xQ5jvPjYvw8ZUHz5N0gYcnyHi3nFByJhECfIOYkkNAy9OP4mJ4kBbjHshEUNchb6W3L8ByPApDyHkJAWRYPDClfimVB1LGsULeIIYR8pQKeZoNfNJYAktHf6SHOhhiBV2Xo/9PowXgtlUbWwAm/tbWlPVRc7vhZ9+GvaYZybqgoA8aHdxx5Jd+F4uPGw6sil+MxRPUoNi6BZJyoAz5M886WmBHFbRV+YZ++EAcGzRayfYSAl9esilYAD80NJdFweSBPNEM0PPCQUNcBcm51u3Zjc9+aO02rYQm6vDxrUwsVeC9dvY11NEAJ8LN+mFjUB1HUh8pjUnOJrL7grHeVVAs/6iFYB/p0Z+oluzLXsAaM1+72rh30wM9lOZZ3NBpsL1vGzb588IiGIs+3Y6C8By4BaeRpcJgGPz22Qd+msezlHc08lryHHdBK/voaBqmAQK3gnMmzYtdKfRovxImuNFrKQ48xsI/RVrUPRpSeV20exmuqChrqYz7K6suxhEDc0x784OR4HIejtEiBKo7j4LKYOAYCPWHBwXVhyqWofVmIeiF2Vk/fE8jj0j0RYIwSeMQX8AjEPDVxjPWG6AiQHkOAe3tePJsBVYlYUOkUPJkSvQOIhJBG45DlCYH2R0CcnzBZXKZPPeUlCL/xE3j5URx4xkIWJtKqxAch92/xAd+Ts9NWw6TY2t03zAUZgiHfngA9OQyISOV4DUN9ltJlY0QjkgZSOD9kUjDxtCwC6Job5Hg+JxQ5UDGKFSBH77wALm7Wh1zm811g9KjoNWL6wvvgZOMjQfBqkNeXNC/HS/q6PicMvLBC7NkOxO2g4hvNrm3stK3f7trSXN3mFhpWqWGpOehYr9flBSlUjWUk+FGdDIEMIRtLGj7qDyS4lURMbBNQ3cHrtW0aBuZco2Tna9C22bLmwYG1+f74Sk17qbh0hzWSxtwxz0q1aZXGSwYLJATfXoEewFKOXlu9xldWM5/bJKBVCQaRfcjlPdRgN495a5RBY0m9kEdwejBabBAkevtC3TB0XHhWYbzKM2682Fb2M8HHK8rFOIAwpZkXCRFiImS4KMGkvEncPyzl+hKPEHN0ZLmQyspR5gQkvCEmjLExgRC4kqNjBGaiEZEQ4jSfuOvleAiZ+hySnPEQ9L6n8UoaqAJUhPFRcGrgYxnwatJm2DOowxghZU7qjPU6GRAHkoNjXFZxMpPPecmT7QBiMRBcRpbitFjGY0wGTL4WGtEa9WyVbw+tVq21sw+DFp4JJCDmRWHykpScK85VuiVKR2YHTSzKV+yTwMthevAiOOpHUpOHfPQqpBICDZMbL3o+BGb4UrAEPcrIq/IxJdD6+Mh7Ay89F8py7yD0F9I80myxPk1O5PcRsHi0dbRza7dp/YO+Xpq4tDBtU/AyOIHZB7ozx935LMfJDyF8XIay1YdqEw2kRoOMhGpCGwswTtzJnh/AOJZzdpHvz+f7hpqHtnXYgudalNGhLO69ohGhAdKqkaJhQNhn+ILGluEDg1IsFqyKZSMvF/ShUJ83L/iMKQyh6menqRz1ofFCAI0Gza93sa+hMZjjjwn5/fzQq3Q+GlHqUVuYscpMTQaNfclDHEeUNgaBHoFJUpJYVJSaLJgtR97AHKkhGcAxHWNGmimQfhnaRDYgpcS2qE+EjfOLmtEvm5dCpKoTHRLG40sQYjvvwwLAD+/KxbBsjIxCJ0pllDwOlMtG4kzLcCntZ8KTmfLHiiLxmAyQ0pwJLLQwUidVPDKAjoHkZCLm5HYfhElMgGLZdkcF28Yva2N2xk6trODXvWCH+039UmvJiIkSPR6vEKWD5dZJJwo6jRERZgllPawPgdev9PycBJCHSyT8miNPr2QRGcaHMyZwUX4RfNw1P9toWAma0+OanZ7CxONkHdhUrYHZhokPz6UIPSmKHlmOS1ssvSrcuoAP7+TxAre8NAjPYXncRHu2YRA29ju2tdG0zkHPpmvTtrK4YPVG1Qa9DowYDA314nUlgN7KijSXv9KUjSVCjSHf9aZKICLN/hnykaN+y07XSvbQbBUe2cgOd3asCe9siP7nXV76lLobCCOhrpDpZn8zBVlufaym6108jwX9dyWNIPP1/CbqJLs0o45BT54QnTrKkHDPS3FKYCNQKx0sAsoQrS/NWGmantdQfcuT7WMyNJuxEBwoKAKSMT8LpJFfeYzjj2IkRhFicBAaLXmEMO949PxMEAAJeoozKUtaVtDxkOgYQOkJ2j1BfKGf8I21jZVFXsLzLqDHg8hIVpc5UegYGQkvDsnGNKqS8Kb4u8tLCcSUSpAYhQTAG+4MY7IzKCGwKBaeBdHSTGbriIEpEtJYiMCrKuilfXuYyO1ywWqrS7awumLlckWP1ww6HW1U5XhRH2oUS5hOTEh5XZBHYyWjhQkpQ8L68NFkQgGfXCrhE14GizrRRNLoSEUK1Lu+5mtVm2vUrYylLF+ZM420drJjMi7A4HLGcbk3Nz2tbQ417grHcqwKA1WCV9Lu9+DlYJKzOuSX2AYoIn25Twr1b3a6trnfssODjvW7PT1+s4glU60KrwYeVI9/cMsyNJDg11xCeeqJVklXGnkc0W4AeVgPAr1CNRkebrnfsTO1gl2erts05O7u7FmnD6MCL4yP93B5ywv37BN5XGgHDRmNB/XgnUa95QF91cTSl698pl70jFQHbRzroyboSDdgpJPH6WCjMsqjxoJQRstP1E3jS+PVgPEqT8Pzwg8FuytwA2EiyIoQaQqBFoFpZTsPE7F0ljdma6wxLWrQO/Ipg0xeV2ACKMPpMRXyVVvkjeUmQfkheKGjMMHicAyj8lVr0N5bkQXJEAARfwgTkHpeCWTwYwoQXEE2FCdaOMO4CuTx4n5MOzqmYy4/KVeEyJY0UQKdW9fCSIsQUcYhsJ40gH8sjQBDo7t5DKEYcV5v5ywDh1TOYznSw2Q/wCTYo58Cz6O2tGDT8EKqtbomRJ/vgIKh4EShTNowTmCJQMz6vAZKRX7ERGILURF11CRHmjSQSJfuvN0PnHud9GOBYmXgq7MNm6ZRLRetyte1FPkm1rxNVcs2VamIPui0bG1pUcZupl61HtInF+atB5359/VTMH5D/pEq9K/CkFE2PZFCoQyjAwOHic0L5/vtnu0fwAtrtrijDLLrNgNDAxuB/J6/3x7Ghp4P2+t+Em0Vb3RweSvzHaipgVBvoI1scAGGdxYtpSe2Vq9Y92Dfdg73tbWCfz9WxBLW7/zSkENnKCtPD4OQ7WUbmN9u8/XPZUjC4pwWCkCDR1C/0hB5B6s8HTmdj5QhpFlBJDlOdv4PwPTyfOJ58TzqHCaAkiT6V/lJCHkae+L0wNKiREIkCpUmHnBwOYEu3Ika1zE/0ONufAcIzDAkPJEG4FHp+4IKvidwLSRdxwjZXosQ812tkDqGceJuY4gzyYhmQfKUcVzVAVQ2lBa/CI7q4wNE4EQPjEJMSAwPP7HiyBtDAikxOSEKykzjCCGtCHzREHMJxLQbCtcUVsz68Eb2sIRh6MMDqcIozJw4YVOIc3xQG93BP3Do8w4aJxWLRfmUIrGgRA+NOUyzHsTRYxEjxxmnu3CagjyMIzwlZHPSTxVHdn51Hp4XPBNM07OnVlBnFx5X3dZWFrCMytvi3JTl4ZWcXl20U4vzVoFl7h0e2ENnzmL5e2iNUs1fp1OrwZh1bLoBTwJGTTVzGwMwXkdr8NXHqKUPI37YH9n6dgfezVCvQW5MwVDOVqxUQRko3+vy33d4EyHdBpELWx5oPvTQthJuTOhh0vNRX6OpekPpqGsnSnl7CMZhpZyzg70922zuWwf6l6sVq9AbY3HIID8XzVNYPvcHXevyBYQwYjS8/GFhn9Lwx+dQ9e9JNGSySDCyXJLSeyIP9Qp5MqxIRr6sseMz5NMn5qw4VUEdLMszxRPHnuNnHJhOJiFAacoO3PGTTR8FzydQFUKWK8VTvqMMkUAB2UwHnzMpntV5Eo7XMYLn8RhDtsYY84SrykwQ2aMEVFckBpThmAv2kQsQ0Mgcc1SJ9/69ATzOnyCChKYQZQSGQFZDEXtjQjfFg+JJIDHTnWSLPZEFZ3PIZkc62sQJS9yTNGCOu0KYkHleFC5ZB5NhHwP/ENoOMLmryzBkp07Y9MqSlafqVsQypg/Phu9U10VdTFIBovir65XwQE/CJzP1jhOBvJpoyOc/2fA1xcTp1yxOVe3h8yt2anXWquWSXbiwhglcscWlWTt5cslmZmo2M1uzBSzxFudn7PSpVSwv+QJkTDzou7a6bFPwZrpY/p5dO4FJyb9K69hyYwpVwFTlYZxgDNYWZqyE2cI/qK3PwBjWKtavVG0fWmw227Z/2IYBwJIUns40ylZhxNlUvvCQ3hgnuza64qQC1bllm2Uc8GFrRFQeKLHD0dY6Cp3C8vQSPDx6ZK1DvlZ73/rwLivVaSx9YVS7HXid/OOSIpaZfA30EP0OOXyAntcOg9Fhm1wH98bcGKHf2adQLGrkho1KsgxZeG5o8Jhwj3KI+qbxA1HUVgn0lX5gkU+9Q5CBJqo0DwGAKkVaEpw+BlGHIwAtQzGWGWc7plAgsW1pHQmSwFGKw/0MWAJkERt1U00JsPqYHosjP5HQmPGSmbJk4Wc8+zjjFYElNJxC+2PHBCGJoJQ+Biyu2Ok8TnAcDyzHwcCZyyTLj1d4DJDH2UJ1KjdWYiwBIK9HCDHhZoM1q37I4C3wKFe9Qblosl8cBg9maheD+hATuImMPiZxBV7O9ImT8MrWrDo/ZwUs4/jwNj0C/vErJ7RPFW+jaqNhZP2QzXnC+mQ5PVvLOE5AGhleI7p0esWee+qynTmzaAtLc/rX6/nFGZvGUrIBj2V2vmHVelm0Ov95CMasjqVYqYIFHL4XLp7DhB/BgBXszIllLBnNdjY27bFLZ+E+9u0kJmd7f89OLM6Fx24KMIh1LJVLVuLO8joMODyrNoz44eHADvaxeITxKCO/gXwa1JL6jQbCDQY9MfUf+y04P+yD6I1ClIaTX+OjR4YFKwzoDCzu2amaHvzO9Tp2eHBoO522dWGgqtUpa/B9auxbGqJcEQaMu/SDN8XrVPD8dFMFaRku0b2ueLFePZ3EPNOMyEAEMnDOmNTru2E8Z08uWgH9ynPCm6Vk9O0SkuCxfxMgrrRO7gRIBiBkeT9lQ6R57IzZPJU6GhTxcBwwPw1i5Yd4COJidoizoPxIU9NdBvuXSGzScUA+L+8loiz2cRaYm0JIMUK4r/EaUx4HrZ95gkSeVM15s5Bt3NFcgAsOgWkRkaThIFkEQWxUhgQQk/TyZUcmpBwJngCLTeQkuqqsmxa+5oZpZ3NTEwPzvTSv5FBfTDbw8vqQ/nMRRqoLb6A4O211LNumT2J5ubJiFaTzXGKiSGfQk0HjBJA8COSdP26b4GtqSMjLE8nJe+GyTO+hx6R++uHz9syTF61Wz1kdy70iLEUVnlcJxoih0ijrtS0VGJNila9BLlgNk60GngYM3QyMWwVLs4XZKXlqQywbeffy8oUzNjtds3OnTtqg3bLlpXl5dNy9PgdebkcoYUlaLOf91cowIB1uCh0WbLvds+3DlrU6XRjbAoxlHeUq0A3GCM2gl6KtCzBm+pmAkfLTCqMSzzlSOb4dFSdc1wthKPigdb7XxRKyaI8uztpZ7Q87sN29TdTVsjoMWLFYw3IdZSGT17d6vZbq4/VCjicaH/UdTyn6kZZStonGC1/1P5UB0Yc4FWaSRgvGSwOQ2zAgs1KE8VqyPIy0v/8ffCgUx55fbiCwQaSRI6QJFBVxQeRjOceVHVmEe0JFdQggspdVzOQRcKqkx3qyIXIAzwKrYb4giTM4gKX1CXJEC/mJfAWRBBHlTwTxTJYqdXcpQ+U5UTptuMo9/nOfzXYFKIFN5aNFdJZxkePFmEPWcR5A0HqcFmKWCdgYkm0pINaUsoRyGb6Ixfqz2qVchIkyOPCXIuIOqV4clDJOAUiXhyAMtVAXTgZ2cCwk/dzQkEZyEUaozIvqSJUwqUb8f8Uu33+Fyb63Z639A6X7/LfrLmYhvAU9LkMPAUCDxu0M+5196/Z37XO/8nH7hY88ikm6r7/l4iTUkgu68G/IWCknHOvGvMUqDAaDPz7A9ddepMlDcf33oAMfbi6XsNxCJq/bbW/vaBzw/fAlXixnAnJoFLiE1bOOlMW6YRfoseXQhjK8pelh1+ag8wIM1wwNKDw73hEdoG3dDsqgLu2m591RTm4ZGTXV26yOYyMgmxG3eKAO3t3l3cd2pWFvHHbtxY0DWy9N2+vtkV1rdq06PWflSs16rbbeK8YG0+PjK3z0n5RBNFSRkeMpZMTzJY9B55F87m3JaKEs/+/RRgX9XV1hpmJn3/eIjRCP0NYi+g+cLK3+lhjGPKoyJSA6Ih4JkJ3W7elsvugRxOJp1ZMBqcnYmRJwftZwPwAXi/kh0KATdSNJ+ZEOEMqD1+jHFMSLdnvZCJ5gOtXFzVQEySEh8BGclwTIQ8J/RDz3qOeVSAbCb5i3qbCITQCVZeSJJLBCp2UgEFTC2RJgV0TL7eBp5/WgIhkeYSEdqW7tUx6C0uxRT8UixPwjghOdNzAAmM8vT6jSyIvyYzGmdcJh7FQLvCj3ImnIzHqYiB2EFjh6pZKNGg3Lz85YcWHeaktLugFQAa4wN2tFeC55rudg9Ph+/BK8nB7k9/Jde/aJi3bl4gom2ED/5qwXCiJoooKfuhT5yuK4VAseXB6eDFWinvxrNHo2tM1lLG0rtTJoMK7wcNhP9XoVHlbRygi1Or07eHCQzcD9YF4fWIlTDo0m2tWHcWla0faGJduFHd7vwGDBGHJTbwmGtlqqyzssw/MroAxKy1DTmNCochTw46/LAYH9io+ML71hLJsrMI4nUOejMzN2rgqPEsbloNe2vX7XOmhcqci7k2V4lDCY8NpooLX1hMW5jMV54EyhofblHmLWRZoi8BMB0Jb6ctN/kMrTdZs7tWxDeLtcjsabDXEM+LhgApGLECiPnwwfP8oL9Cz/cUAWLzEOKqsMHILsGKd5qfiQZKsDHnLIH3NVUEj4TOKpnCyobvUd4oQhWI4sCUA8Bj96uZRGAOZfHHh0ncc9r6hsUjFicYW0jil7FqSweGJZUpNoHER0Xi8XIRZijBCTHiU1xzJpFyY5wBwfl+s6kZb+grBuLV7SMsJTUDoRk9YmiDrEeiiX8iWBdTEKPDENIBt5xOcJTUoaH174ZazJQDG884e1UK7Xs163Y7lO31rNHsK2feYjj9innzxp+faBDAJ/+XmhXLf0VQ/aB7mMY53az8QEeHkdSPOXCoiESQ4vSrvnMcn9IfGRrmNxp7smOXh6MET6m396XsxDzNfEyEgMwt+GMc3VLY1Fr2/Fdt8q8Mhqw5bNFEY2C+PWqBSsAbtcQVv51lPqROOVbEhFYB9QNQ5VBn7YkdpTBgo3dvA9/D3+VRuWjl/badk/fv0tu9oeWnlqyUqFBnsFTUa/wQvrQa8yrx1SJgVLnvcPRwKNFCr2GOfCt0fAC6UexEHjUp+G6+TTl6yDtmifX9AyuREDEAVlNd6YyIIqT3mzoDKhgNqbgJfRDYUkxfys8JDOkKIsQZY1A+LhF3XHOqW2xHmhqAlTTg5tU3qsFkGShz4JKGKcU3GPyzsCfgJiRY7zyDrVx6ABP8Z4edIrAS4DlqUfBTWYGZmTF+E4fid6zriRAR7zAjmbGxVlfSoXM9nARI53pHRinBWQBWc6AuJHXlIX0ukpBWSQcd0zAjUZU1aXFfJVhr6Z455yneMJ96WKGzXWwZgc2h4wwmTttOwj52fsf/PIgs2ODnCKCphzsBYS6WUol2JoUNLrPm4UeE5lvJDPOmmAaHBkoFgIMY1XH/Q+6TRWKEfDZKiGxqsPoyrDxd3sMlz+Ti3W4QYNcklnGiL5v5eFDveCdS0PQ1yEXo380Kaha6MEzw5eVB2Bd0NlxEMf8vU9I8hhvdQNpg3LZu49G9oB9LiFZff1g67dgcHahPgt5O3BQDVzFT3wbZUpxL6sbqPeLpblNHj096LHpY5D8BpJQZ3QS+cB3z5j0tDPHXh9y5fWbPXR89bG+pbPnIZC6lfHPeZRKILOB4nhmICSPMRRkCQToGY+NhKOMZBsZWTKT4CTJjIySUlmGoKcTH2YViIDKcGNkZCjbBMQx3ZkZJT2CSEjIfUYQMXZ0I9I4Md5kXUDDcbrM4EMSMqou/SJE5Glk+xJQIZOvQQfhYQqJAySiIcyMhAJ43GATOazjUJDWuDEVNZxupISCo8BaQ6x/LGArFBLTOoY+5mRyoOJMekhy3liNeQhm9L4tU64AMjzVBg4BP7SIjFgMWXmuVXWHl8o2J/9wGlbyx9wFSUvS7xBBx9QfuK54NEvtoRCNvCYpMHyO2kwMowxyXVdG+kBDJw8IRgmemQ0TPSy5I2hPPeE8QFuyiAvrwfJe4O3lYMRGdFjHCJQJRgr69KrQf3wXnLg4R60IgweH1QqQ2AZ9fhrcWDAoBwdNz07SqSftx506uT51AANYt4OoefLm9u2iXoKxar6kkaJ+/H2IW8XVTbzWFJPLWJpiyUk6uF7vzpdGF60g+cJdhLKeX+zdDx3vmwknR/HWWcPvyCnHjtnsxdOWBcS+WSCA0uzH6OkWA5pkgAehUQGVCJDVlpxikEQUCqGpCBBBErFQyYrRYlRFiHDEIHFNGZiIvKSjgOS1NE5nMA2ErycMu8JypIgxviOqeLnPC2erZvMXptD5MSP+crF8Bpo9V5aKJTwLI/uDRwEmXgyiK6A4cUTwMAcoRg9yiNjFgKf8tJ8TlKX4WmHmM8DOyKbSTyms3S2l+BlNWiViiCiB6aIhlx1HdGQp3LAlRI9SA8HRRIgLPAEnUUXVbFOozKA48TxDmOBexu4JkQePz1w5Qcde/rMgp1o+PWiQrGk35kirz+BlUsYPpzNJRkDX4vsNC5R3Ztjmjj3SDkvzw+XP4iVz2q5nHVZxHnNSWV1sQtGhhoFfVVvlIugd7wzraUwWsHrccxDN2jhh/SIXhGvk2Hp20Ebuggt6NrMlxGXrJMrWdNIQwwPrVX2f+3u8TpfY0qv1OHWiOly1aq8hgZvrowKqmgH/1exQ+NJo0tjy4e1oTev+8Fko3/pxyFo8tHIYwywEehzProUzlw4Ih/N7JdyNn9mxUp6KNvHml4DxC5gP6gvGHuakSBBXF4m6bj4VTXAJzNLK0mg3DB8joOEj5j0CKhHCC4rxcc//g0xzz91D/VFcSEbAR8RHBLcMz1MAo1QBOUjPUkiTJRVXRyInsgEjEkZr1h70FJRQhuLElDjGDTgQ6EACRZ5MnkJX5Y/mx+B5SKqw4ScAKn8MW7xewikiRDLqaiI8ZgC8zUJ8fHnEt0oYAakMjRZOWtJElEhxRl5LLpQ5ZLgX4/ER9xHN3EGTjSfODRSqEbvg88Pu/bM+RW7sACPAt4L39bge88waaGTGxvXlwZFF8apK3HQEsMmg0KDxGY5D5VhPdq2AZw0XpznP3VHI0cDRB1ZjiqzC3ixnw+BM3/ETV7cKoJQGvGhadSDukrIq0F/v5EAmTRwmLEycDBiuTKMcLVquWpZTy3kqjXL1RHXSOf2D+SBXqgVrQK63lV/sKcH1fVsJhQr8TEp4JXQHu6C7/c6wXNAnTBgJdTFtvExKV5r0wRBkOeJfoZdMr4jjW3za4WUA75a2ebPnbQ8Yp4n9q+Wn+oEni/EAJk14TwgP6Da/qGMwMg4SQcaeRxTUZcTIMGzRAfyKRCPn4QYMgDUxn+qCYFIEFtMO9cYxCKAsVwibnWB+ickEkj1clBMWgghOQGZDKHjHOHZRoAYcPCvnxCqKH4dwtEh6ZRjwIt4E9TIyKuQMHgIfEeAvIx0BIQ0Iek4HMZKE41hHBVMZDskemVCoFNvpUgOpcbbk9I9B5Apo3zyBUj0xtGz/UPMf8OFRknCta8OFHoFiah8ES5Azx47u2SPnZy2QaspY4D5jwLuGem6EXBKZZplZZCAcJ7S2Mkwk856kEejRn1Jj2+i8MBcynLNpC0muYwYjSKyZbhkCGkQWQhf5UEmYxol1MnXM2/vNW1rb1fXoGj4qZ/vbaMRo2fkQf+PWEE5eFs5Pq6k2B/U5h3RPGQWsRxstVp65pKPMkENvSKowuc0sawsoL4yjFEFOue53QG/Arzzy5sJ/FNa3sFlJ/T6bRgt5NMqQ0b0utyKkebeWHl2yuZPr8LIooFIQ4r6kGUYOSKqUmFOixaZaCg1tkSLED10fRMIWjjEDMbCs5wZiPkhOFcYYUmdrqPLZ57HKYh7AtL8JE+Iy2J+wnG0cAJUQSsuTyl4X7g+XjQICJEgiwMKq5dgvBIikdAQHhDSLFYQcIC8jZCO5GxMZZKOiQURqZkoG08esATnB4iCZCSFHIsQ6fq1zGSpKOMQIoylJ5i8prTLBKG+qFfkIigm3aM0RyKYipwOXp58EWfwk8wjParYH3RjFFNOEsBI3pCWIcFE52tpHj+3bO87N2+9vX0ZK8w05PPcuBb+2ArSwBmTppgGjjzMQwF5bGCSkcPkZZ7yNTmhKWLd/QsTOY96aCBoo9gGLri0ikS6CHoZyzI+IF7BUpB72+jd7Ozu2J2379hb1+7amzdv29bmthUhkw9U02tSoAGm8UJgc2jAZJHxZVqPWPGiPpe5CCRyCwf8Ndva2JDBKkOHEtpZppEb6N8joXffpsA+R2+w25PRHEI2n39k8/iPSfTg+vTChtybx/5Q49hjSrNx9NAay3M2u7bM+ybqCzVafeTs3vME9oxTxKMozXUI5UUUg3hcrKcFRHlumO9JByXGKAlQhsoxFqQ8iegQUq0iIaRVONTLIFrkDZBNqui98pnpkR8SxQRxS0wKAQ/tEGSKkFRYjte8IgRFIycxhYzg2JgIKebgWd5YHUnQ1+MITPsvk/PywDjD4sD6+JEcj4l6XhoiaQxCmVgu2xuU6d+QDjzO7rgmZ+TxDHEziKQPpIoogtIp+BDmEkQxSeRBoOGWMYplNOL8x8PrIxFcEM7XvbjmIELWAJ7Ck5dO2vsvzVt3axPyMNHBoSWg+Dy4AXMd5SkBF42TGrh7Pszz615BHQFxypLhIh2B14h4N1EXUmlLQCvRA4Kx4JYNdkS7O7Cd7QN7+82b9tqPr9qPX3rTXn7lut26vW2b2/tY5vbt1OysnZ5fxPIOhkqdAvlcDsMo0WjJiEGfIr0peFfct8W/2fc8GE7uOUO6BONXr1VR3651OvC+0Dd8FpOv/WFDaOS4F24KOi7yMSfe9SyMrAeDxjuHemxLf9QBQ1uqQ/+88Q4t34umJTR7ihGAtxsWzq1aY2VeXpifo5ApVlC8iA7eZyFfRJxD0ZziDIEHIfLqyEOkTeQHDoCPiMibBBAiK2NxjWW7rES2AOkEc7J4EtxzQjRG88AjPxwxkRo+5BWVEDHmZMCFZRkBSDAdxkeEyBIu2GdA/Pz4JPJJGWioQF6C+EhRliDiSR6V0cnPpD0zDYygmPIyEE5JAl6WMpw+FkgPuEM2l5HnT0pN9WECX+hKkpJhwstw6ZNP+iEGLx56iYaFbUWsXxDWpXyRnNdJkATjgSOmHzCcaFUKOSwLTGnwei8jIO3YEDxuAJUa9uzhsyv2oStL1ttahzTKAycNEDhcOvjz3OnkHhma5ackxzRKQB6HWtAEmZjYTJOHwDKY7Lz9yOs9fAMqFSjS+wETnQ8uHw/3Dm3r7p5dff0WDNU1++GLb9pLL75lr79929bX9+ywxTdNQDt4brOVnD16ctkunj1ps7M1GCAaGGhKD4t9wPMAXG9TZVsQ+Cwhg//NvntevMmgGw2lvDUaVT2dsLWxScdMgUY6/Gyo3gafOUU/VIojXXfjmzh464Nv09B2DnTOEEaMTxLQiPPv0vgoE00Wd9jr3WPlgi1fPGOlmQb63/tUYwSxViLsD/ZlwCMwP45xjgPFnhQ4ygwxKqVlFdFAEpkBA5FjUZ44GVl/OlrA51SCY9QnpRFiylWh/qQgRZkZVuUzHQMo3qcOaV0siwhhbBwnANyJiiZyjtCOJPybhKAZlo3ReDk11BkSBKCsUtUGPO04B+KRRx8RvJPVQPFPlIjJBA0IgpYsDGEiepawIyA+5cVAYONYKFsmcAXZCYS0U0KeGJWKVLKFQQOCxpV/Epp+iVkzaLIUiElBzGce+eGQjnlej5fRUAfCV614Pr84MANB/YEmUY5fZ8JiqN+1R2C8PvzImvW272ovha4vUQaYKYZGinXJrKk+l6PrYaAxsIx7YspWXdwFJRy0fqttuX4PBgF0LLlKbRgzGKO9uzt2480b9jKM1Is/eN1eeuFNe+21d+zGjU3b3d6zDh9/Qhk3kCN4WHk7vTJtTz561p567LxNLdatWM/r4fFKFd5V8LbUcpTjrn2+vysP1043C7QbHzQZL/DCQunmAGkwdI16w+7evKuXI/JlkfQMWbf2IqEtJfCVYW0rMLp8Fxr3Z5VgwPhaH/2pBvekgZF9TO+OdWt7hIwU39mPPm2UbenCGT31oN8oQugznXl1ulB8kQZdWepdECMuIvNCPkn6OKRlIj3NjcbD08RDKS+UQkjHcglfBkhhvkv0o1NiDgF0H+BKEaS3DzB9/eCB40sxj8pLIZsWCgLZx9kmmQIQzwaUzD3xC5/x80ACEK8gJog7aPCDEHKyWQLlRKJYPU26+JlmTV7BESBfmuVlVVCQzSOkaT+ZmcwxvhScP1uOh1ABiE7GkUgQSVQb5IDRIMTlg18L8k/2l4jnkzm+8wd0ViYaDQG4gaTeEyYVjuwX/okFEwNOUj1/R0YaK+5MYn0wAvAeuOfJDXvReq19++wnn7X/5Nc/YPsvfc3ybcjjBi0sybSkw6SjbloWCkO91BvBfx2pGGPXQfWzHItyMus9WQXbvrUpQzk1XbEODdZLt+zl12/b1c19W99r2UGHe67YFnp48HpQnh4ZrShXY/V6yVZWZu3KuTN29syq1afL1u91rYX6+Ce0ox7vBPqm1h6Wm3zwuccr6hCmZST6ZMR+4d1KKslvCf0AY0RDTuPFiVTFsvKb//qP7PpbN/RqbN7QqMBasY72gH//X7CaDD/aiRO51+rZYY/7xtDGft7u9vK2m6vYAXi6aEGx2ABvyXqdrryw7qhjjdMrdv4Dz9oABpXLSp4L7ZkL/ajzHfowHJTnIA4A2kxSSDJiOuZGYDnRQ0YqBwCUZzRUwcyAHA8ad4wRVG4CUlmR0SuVDk5gKvCMg/Sa0C0FlI7pIEKHQGPE8knWBKR6jQPpbFPYKuGyCa53SEUikEhP+EIsYCa/JPpBcZwUHgWa5yoQkrTKBQBKTpVTiOWcZ4x3jI+pYwIPAueNILkKTIiAA3olEPQJ9MgTdZFNo7VSBicXpy7y2KnKoseBNJ2fcIIom7EumEOA2oHAvUXMkQTxeh3xQDYaIXoylE+PdIBl0uPnT9lHnj5rra03LdfpoC4+2qN5D88CngnrAD/Trh29EeK8Lsb3UAFHRl4X6Z1HNJShrryI3Tlo2f72pi0u1Ky5vmXf/+Zr9t1XbthGsw9Dw4vs/AMQGCkUnoKBmMUSbml2ys6tLthj59bs2Svn7KnHL9ipE0t6RrILHQcD9gyMzgiB/wnJ6140LLyGheVdma90hmcl7wpeELc1lJgH+czjc5FcupYRk847nXzbBRwpu3N7A56iP+xNw8cfHL0JAvJh56zPbRPcoAqj5X0z0kX+Mjq5on4a4HwMdJOBJrkAo8jJMsj1bG5txWbWViEP5wjt1VhgX6G8CBGUxoFBafCxgwHqWmZ5lKY9OwGUCHRgCNF4OZ00xzWGlOH0GFytmAd9A5+OwkMewOXEOKUTRItxJs+pEZxjDNVADWiIEwgJRUGmeDL0QNVxElQ3mAsrlx79O5ElLUxFHY9AxbMKCyOTJjC+ijkQvawayiBOL8mQBabVyeBTcYXxesiljzI9PwtKjZNSIN2FejJTVpiyKNv1Tvk9FsoDgB6TlASQxulHBpkakpHnTloYaMCZp02PbiGYqXwG+kNhhLkMlJcuLCoeiqReQDHRMNVCXzGdh0fQtscunbKPPnPe8v2WlXqYfEOaTXhO9AZ4XcvVUCH/sxAYA+BsRnqXkQHahMnhRpcTHpaAhhfR9u1bNlsr2GC3Zz/4/lW7e9CxGgzKHIzDYiVvJ+GVnVmatrOrc3Z2bc7WTs3ayvKUrc5P2TQ8r16vZ3uHTdvbb1obHs+gw3ffd7Qbn52mi/MwUtomAZl8AJxGqUjDJINWhHHC8pKGC5ayBJ4KDZkMGvhQDklrTM/Y7Zt3bH93TzcR1AD0gP5NiBfqsfSkMeNlPF7H4iZZLhXpHtDQ865lFXJyMGDk7/EaH3qDnipvYS6eOWnVpQXr8UcCOX7m2L08N477OYtpP6/uXXg9BC/rxwR4riZILOMlgqzAwEjyAmjcJCHQ8JHnEsviQ6pokQngVB4CNiYjHEhQzG9ABBxLAWeeynpdTg1plY+0AEw4mVxOAzBN8HbfH2S8Ap6AhKmy8JFEYg5JVZwFMV/BO8bTyhEvwxEIRJftkMVTCFKOFQLI0Fk+1q0iSoekZHt+EpyJRQMPJjHaJHpKVOSmBx81EZRAZ6C3IhyDk3y6doN8vjaGj6MMMXn5Yr0BljL+DKJ+0xHDJKkshaqI6neAfFQmuQiUS+PIWvV3+lgKPX1qwZ4abtuPfv+Ltn9ty3qHXSvlMaEhmx5RLs+3KfB9U+EhZuB6SR/kctMobIDXSb2JcGhjosNRgefRsy6vH8H76mJ5uHnjtjUKDVu/s21TxaJdPrlsZ07M2trJRVteWbC5uSmb4quxKzS0kIGJ3x50sDRr67EefmjHaWj0f4tYlrINvc7AOlhG6s0P0IHXpvzuZdjgWqlYmdfE4GVVKkUsBcvysioI8sJ4fQr9wbK1mbp12m279ubbVkU/sC0co3w0sodzkYO8Yr6st9vqYXL0CZ/RZPfzHY3ccV+AXlOou4qTmkd6mO9Dv5b+bGPx4lkrTNVxXvn/mGwlT45PYP6Y6dKCkyhM/en9mhoNPaUASgSNJSH88hB5Y56XI54EZ1aclE8gpJkf8nQETrmkSW/iJAtPIZYItQjnoPdUoJAUQtSVRpvA64TOFbnVAsdRINLuC4GJkXQ9rhB/EJ74NJ9tnACvScoFzBFCVhAVRjqw65Bki56kxuGYRhw9CQBaCgyLeLqPKJopki0f+RIaoiRXSEhxgI2V85NEksYeQfkYhDgpbppCBn9RA786EiTukRpxMnSbVoMFWMDP+GK9YNP0EFAUc9ja8DoOeyPb7gxtH2ami4naLyJgMnDgc0roeUTU68OB4JODt/VVFx+haR7YZ58+b58prdvf+6/+O9vnbbv5mp1YXbIrZ87YlUsn7cyFJb2emc8ajgpYJspaUU+IlJGmaA0/Bb5fi9eIeP2Jfx922GxqGTrc79iNl1+3Ym9orVbXOmiDnmeEIQbJ9N4y6Mylql6ayB8BGJsaPK+Fsyu29sh5K8815AmyIvoto05LS9IWZB/AODZ3D+CV8dXRfS0daw2+ShtLNiwJeZ2KWx70OmnozYv2cRL6tgZgnDSgr2/s2L+EMW/vNGWg+aqePnrvsAPDTiNIr5TLRshkh/M5TXYIz/chDFwLeW2chSbLgGkTsjfQF9OXHrFLH/2IddSAHvqFhgo4f2y4LGU/abyiPzWASMCIgbGi5xXfrRazNHaUcDx6Z+SJvMlAjHEWMkmW5SdLi6BVgOg8UKo4hamOUMapGUjKJCwuaxImi6m+DNGrFEQdx3V15IjsyEL6Mc1n7oTnpeaoU9lfEcIwD9k8eEj4Al1RBCQmKAkkRiUC5QRUwLKhvOd47hhPBPExTnNVlknKFc44BH0CCElSGIfOE2nsr6irlnkY5Jr4IImuLEwuxKNB2/LtPVvONe1j52bsV66s2s9fWrZPX5qzZ+fL9sRUzh6uG0LeHpku2cWa2bJhQvUwTeCZ8boPH/vhwKce/phOMNs6gZgATDMf3kkXnsoleDy/8NRZ62+tWxcsdzb27I1rd+yl16/Ziy+/YXe3d2zQ6luj1LAqDALfLqo2Uh4mVhxoNDw0GpzHDANYJO4SoDE53G9hYrJM0fb3DnhTUy8GpMGih0YPktfGtM+rXNWdvnq9Zkun1uz8M4/b6acftrkLJ6wMw1psVBT4Ntk637G/OGvzWGounZizFf6ZyOKMVWFgCvwRgGFkH9TBX4XHVa/6hle+A4zLRW3XgGEjT4m4DNDAavW6tQ87du3qDfCVoSCNfg5GCd6vtEUaikN1nFH8aGCp3eoO7AD5bfQx39U1vzyru6H12ar+WASFgE9ZdbZhOS1TizoXnITcKqJTxYGB7uR+PPap35H3c0k+UIVTnwjpGHKQ96J8cAe66nDUzxeAcvl1qQ6RpkAIuOhKA2M6UycjVXcciE7eRILKqnwWmAykrDaTEDXPQjbltaSUKAtDMyt4DHJP/mK426iCbv0JLBRFZRVOmkJawpDSjzQuC2NyxiF2qn68YiZofrePOEJohKIMOcr1yHHpn0lnIaW7QO8AtD0MSH5dn8ADBi2GOLgw7DkJeE2JuuoHfH/LztQH9qknztjPXFq1M/By6t19XZfqN3fhiLVsf2ff9uAN8E5XD55Xu43ClbodFKv25n7PXmsX7E5txnbL09ZXvfC+UK+MJuvgNSwYOA5gXqtpw/P69MNn7P/0maet9+Mf2M7VW3bt1ev22hs37NWbm3Z9Z8+2mh1bbFTt2YfP2ac/+pSdO78E3eHj0YvR0taNIycynZcuJiLv9A1hofrQ8YCeEXTn36fl4X204B0x3e/CsmkLFJeAfn2NKvPuXwXrr2UYo7OPP2pzD1+wAarhn8vS3aB3Ii+J15uwPMN6GuV7aBcNKJJa36HdsMQHOwe6dsXzyMeBytWqL7lgKagzQW++oCGCx0RxHT7egz5av7ltv/v3P8/3bEOnknXQhS2+7QL8JS4NYWj5csfmPg12x9YuLdqlZx+yxz/6ATtx8ZJNLy1zi76/xaLTtJ3NXXv7LfwgXN+wH7+zY9vNvLVKM5arcb8X98D1ND5kzRHQFJwvKeiBdo1oZmzxPLIlSDod/eJzhxSPvTjPTqbNCBEnZD2WyJWlOe7pSE5kgaD5RgAxlsvWlQDymGYeY5UVroLAHIQxnaERPBVoMUsyQw4jCYyZDhIVeGLdIYllI4xXSkbs3wCOqU8TQBcFgkc46BuYELGytLsBRFkLT1pIRhnjABoHckjFirPHBJTEgXEiNEMLID2YjjwBMqjAs7MMEfcO5uVucvAuHQd+H4OKrwAsHm7ah8/W7dc/cNkeXS5bdYgl0M271tnes/rCLLyXQ7+u0+rZ5p1tLFOGWCa17bDdt71WB2MdtRZrdq05tJd78G5OX7a9SgNLKxot5GH2cqMp7zTyxXdUVMar3bQPn1mw//NvPGXFu29abvPA8lh+tTYO7S48sGt3Nuy1G1v29q1t29rdsUfPz9uv/eonbHaxARFYQnIfE9srg8C/CYNRhXw+ewhboGtCLb5KGaF7iDa0WjaCzvprNy0b2Tf+vni+4ka9A6PNP/44eXrZZpcXrARvpVQtatlGmdzwiupgULhTntcXkcjxfWPsA99dz8nEZR3fDwbh1sTStdvhK2+4F6zILpGHomUrlox8ZQ/vMkpfGCjeWbR+wT7/B39or7/4ptUrNWtCFv8FvDnoWpWGU1sk+nYRPzYf/9Mfs6d+9oO2eO4CvMI5KEejDoEyhHxigH+qi3q7bWsdtuz6O1v2g+ffsC997017bRv1V3Gu4InpsSLUwbPGic3xxE6SQQjjHgRNRh9ZbsBIOwKik8v5Ex6Rw7j0DAfgnoW8gAuEhDqRlSxHSSWNiH5MRAqQ1TGFICoc2B7EZBQncXwT4QzkIOIgLE0K3DAHID/zg7hJZuUJgPg3LhtZwmtO5qzAJbmhCYFfpvUlLZKd5smAAMjreU5Nl2ZZcB5S49GjlM/p0AZR0knKh37y20M6ovyEtICoQqR7UJoTODAkZdA7mlT0TkTDsPSv6s9jwObbu/b+lYL99V9+2s6MsKTa2bBSDQMdS5BBt2PVmSl0OicCu3qkd9Nz8nOi8UJOF8uVLXgX7TaWjWChp8FXGNv0PCYXJzaNpVfq/zrte8j4EDOXbbPlgv3cEyetDK+uv9u0HiYYjUijUbIlLHv4v44Xl5dsFcu4vfUNW56fttmpBjy/NmY7jBUmPpebwz6MMQxFD5OaXiEvaOtPabGcHTDA06I3RGNCY8vm0HhofxcC72LqWhcmPt8fz/dt7cFgrr/5jr3zw9ftzR++am/96FW79fqbdufqVVt/+7rdvX7Ltm7esYO7m3YAg3t458A6m3vW3+d1Nhg5tI0PY5crWGYCh8lBHdy+kQs76PmDwv4BHX0mjw7Af2cqscPggV1HHUN6iehSGmaWOOh2LY9z9PE//SH73H/+F+ypX/mozZxc0ZYINQxeoi4BwCPLsWzvAFL5ONTASjDOy4s1e/jikj11ccVGu/u2tb5lLW79gDenfXZhcCZLxCRwHPFsQtfg7sQsHvRhLEKAI3SWQxxmcsKb5DtkJBzJY65Kg4Recl4c0jqc5jVMADOcBRELOS6E5cPHScBEZszzwa/TnCW1K0oqz/EsNYJYIwBnsrCqrRIsOMGQFI55mTh8Egj02LdjwDx9Ak+ELF9GdkJH7NcNUlCKX9JlWAIegngYKUPJMXCWmBFPT8ro9Xt6DOdHaXxRjOOTtNnhgf25j1y2K8UDO3znmtXmpq26il/vdhdGqm3VuRkrlPOacPhplsfSbrf9ThesEI1FB8uk3Sb4YRj6mFi78HIKy6v6Wy9tb8CJZ31cjMh8wWiy7fwVnasV7OOPnLL6fsdG+4dwYrAsxRKvDS+pdXBg/cOO1TGJl+dnbGV5xkrcKgBjo93kmHDcp6U3pUIZ3hXlCwU9fyADxjencjsD/0iWujGtV8YokJd68VYD+gT60LB10fbd7V27/sY1u/X2unVbI2vMrtjU/KpVZuesPj0HIzBtXZRClVi6teHVwQD2SlYZQSfUc4glb4vbHZDm3jB/Zz4mPgIv1ie/VeoT7xfe3WSf8qYBlLdyrWobW7u2jcBzxy23Gz14Xks1+52/+Rv2mf/4t/ScIm8GuDXmXViEPDhHvswdwZDlcsDpO8KjNvTvsLeDWb9v6FJ7+vIZm4NBfefWhu104HXBM+RND94xTvwOGq2grUYNl9iKMzTGY2kmnS5yAEchNbIGSoS4lCMk2aQFIT6GPR3lU55ifBNPKVvpESCv88dkggPc60wNU5DoIL5sQT+SRyKZOFLO+QjKykDhxNhbJSKAwK8CM2MnBjoPEZyEQ0SSSODlHRJ8jIFfJyRHIbHOCE5Xp5POg/DAFOleOBwDMBHZPFI5/SIQ15G0kAbB89PgdMYhjcF9qtq3X3l4wWo7N+V5NPALnp+uYfL4FoXq/Lx7EDRcbRgYGAcuxbrctQ28wz+mwASm8Wr3+OuOyYzJP5yZt+HUrP6h2pVDnTJkOKkMPLPIK4469rOPr9liF5P9xm1rYql6uLlvzT14YYfwqiD3sHlgrc4BDBcMSw/LVBpJWA1u46CHxGUWJz531HP/Evc3+b/6YPKiIi6HuCNeb1JlQJoK+JIHng/0Apf4mUUDvb2xYx14c6cfedhWHj5vG+WS3a7U7RaWxnf2enZ3v2e39jq2geX0O/v7dvXWuv3o5dfspetXbR9L6dmpeavh0+3wn5RgPLhRle/3oveJ9tMcaMhDB71DnlaLujINj5L/zJRDvw+xPOWFey5JN9HvpROz9tf+D3/JPvVrn9D/S+p06/EGAuQN0S+5Dmg4KXQWcE65gjSUteYhls0tyx3i3GJ5nkMf59H/507MWW2Yt5evr9shlplagqMIpx/Omj76auwgZrc5gcc0L6apR6CFIimQzo8MYgZCwuWEdJBHmqokBD4h/CqDBybG60tkJRD4BMDxZcpDqItZiiOW8qTAfgFNlUmBUJdzJrwRCfQUQprfp37psxqGCYBZrDFOIE15xUScqmYFWszynHGYLDfJM1mjPPAMieXd63F8DGL9OgIy+cJwiA1V2ZgdTkLmIIiGzH9FMEFRWDg+XBLQU7lS3bP//FNnbXXvhpWrdWtcXLPcQt0GW1j+YElRnp7GtIbnAk+keWcbnlDfNu7u2PbmIZyzke3utW0bE/ouJvJuC0tKeC4bMDj7Zy5Y78oTtl+oSgMCvRxuo9BufKiJ6WmzuZb9F7/0uD3bvW37L7wKx2BozSaMELy7HowI/65rwNcmD9u6gJwrVPjgC2K0oYrJW+NL/SoyCvTyuNTSTYnQXl4M51KX733vY2k7oNGFXHqRXEKikN7qmsMk5oJo0MMcP+hYG97cQWXGXty4bTf3du02PMEDGCpev9MfbrAxKMfXQy8vztlv//p/YOdPL9nVd16zdRix/o0dOzu3bE8/97AtL9T0J7ezC1NWblRgkKAezwVl0JhSL9SHL34I8APQgd7ahtKzjd2Wff1Lz9srMGC9qZL9xt/8TfuF3/iEcdf+KId+4K78AvecQRYFUx6W3v1W0/pYwu7f2rbWzXVr39mw/t42jFIXS9Ki/r5uam7O8nMlmz592vbKa/Z//ec/tm9sDfWPT7wOR5NOHysFGhH2WTSWAI0pAvmY56mUijKBFiGmVYJ4KJoCSk+k/ZsSVQzl1I9jvA5JnUfyQMjQsmUTNXRuiaeZxJJ0JHsD0roIQMWXkCbzGKe0wurl+NdnbA0lulzibkxiCAA0Tv5IZRyNiccxJ81LA2njPBGc7iAV+dOgSUWcARzMAB7rS0BJl++HDMTkRJytT3eyXDnFqVcmgucxjZi/e/ROaDw+en7W5kaHlseSrLg4Bc+rrHy+9oU0/sHsiO+PamJSYOJ3EfgMH8u3e9xPZXaAdBOTkIO9jSVPt1SGS7xmbb5iBjSeUOpBjVyvoZUqNRiLrq3BEJ3pbNudF1+w4T7kdHP6p5w+L2bT+MCj0qNA8D50N4+eBPqQ17No3DSAsYTkGxV40d4HFFl0BkDDJKSxYhI6C0fM86B3ywO4KtZ2C6T5h7NNtP3712/bl67fsnfgqVB2OQ/DiVCt1qwIT4xGsgUd5k+s2q985tfsY5/+pF165Lydv3LBFk+s2NVrt+yFF1+GdzqyE+CpYnnGi/xchlNNmgD+qQcfBSKBHmK+j15iEukWvEy+RqeHtn3vjVftV/53H7Nf/twvWLkCjxJl6Y3xJ2A07MC76lsHhurGN1+yl/7pV+37/+Bf2su//2V74198w65/+fu29eJbdvDqTTu8umG9d2DE7u7hB+rAivASYSOtMLVs33h7065x+cvzDQPFntG54rgSziAsg3usdMCZ8DQp7GRmeGA+J7sbLTF5GQFbFcFxynA5Ka6PF2VhpT1BSHkDkoGs/ACTbNILMYLaRTRkqnTQO6kfR+cJTABPO83JIS+yxBgg40URUaACCyo7QiaTkfIzHBn+rCIEV8JDoIQ4A4GkiHz8MpGUi4FeEGlAxcQoxDh4FGKC8h0lMEc72DmoEOnRGOCaqCSHj8vgJx14utQKXpoS0sg9ZR177vSULRd41xAGZX4aHg2fkMNkgreh6xslpGGhcvCsOocd63ZhULgJFHGLhgwT/qCFCQ8Dxv907GH52EU9+dVT1i43NFDlKWES0GyNaCmoLpY0HSxjLi7O2CcunbbexjbmcMn2YFy6FdSfL2G5B6MEj2LE1zAP4WmgXlov/tGrPKfeEAYQaSy1tPLSryZb5/3BnfACdADv7HHw6e4n6vDrX7yIXpQR4XIU1gVtadntrW1bhyG5jond47Ukep9oH/w23aXlMrUC/jIMz+JMwd7/voft1JkF1Nq0mZmGnTh32hbOrFpxum4/euOq3bn+jp1fXbGphRkbFakDArykHPpQqz4aUwXohjb2IddfwZOHIYWRrh3aZ//yr9rM2iLaAj4ux7WZuGetO5v2CozUF/7fv2df/3v/yu5+53Ub3dizemtgU/DOZnA+G/ihmK7VbQah0WjYzOKCNfjfmqWaNRbP2tVexT7/FrxfnC8aK/aTP0yu0ZSAcBwi1fPDhzgHGukMGqJiZveLprMTeJiKZdx7iXTSdMySFFRUNEcgIZFHCeP70ELsrPEwBtkslk8IIjL2hHQkR5DNo/hFE5LoIR4FxwNVEFkiUbPTBTkkQt4F4i9zFiaLPpgkQBSVKUA9oi6MhArJxAGclwhTQbPAwuYnskSgwSI1MPGoPM8Xb/wEGvMolR8lWahQ1F/678IA6Rk8GEJdk+LyA18+LMy9TLodjAHNvUW8c0bvgc/qcZ+Vbl0jnxsbMU+kt2TDo6K3xvdOkSA9kOktQz0FeC6wNoVyxd7cbdt3bx7YG+2K/XCzaXexNLxpVXtpp2ffv3Ng3765b9+9fWivbrdtp4dJW53GxCpCL8gZIQ31eq0DLL9aeicW96bxDmN8ASGNph6Shr6OI+YFdF1E591PGAfoBZOEtgysVM3b2kOn7Mrjl/RX/1XIp6HpjeBRDrt2iHo6rbZVYMgWq2Vomrc6+q9KebxgzzueMIyLJ5ft/R97zh77wJP6YdDD1OCDYjJU/n+JtLhQEsaTr3vm4zx0vSDFysgqwJhVoftHPvSkzS0sBEOOIljfDg9btv7DN+2f/z9+177w//xfbOf5a7aaq9kyPMM5LFOnpqtWqRWsQh3rFSvVqlZGXm162qqzM1bFsrG6tGqt+rz90dvrdrcP/XGOeYq4H0968XT5QbGMTEgiF4FjDPFY4CFwAFdaSccZ9KOrOw0OlKMvzk9kdxmZOIEswZWRTBYMWV6P44LYBEJCj8weRaAu/qEcpxGi7gzM8PzxwpPp40AyWBrfwonLj6cX7INQBzI4k+IAsQKJUH4oI3rKR0h4Q3wvkBjGUSZTWpeEciEiLT5DlQLLBDQBlo9YRoZEEnFa/KWJHpgEiRRwLyBeFVGetLQhB8/gwB5brdsjM+DHMqU4N2W5et3FcIJg0hb534FYRo2wLMScsmazpb1e9L52D9rukQA/gAfU4TUbTDptl8DEGMwu+n8GItDQ6fEYqMHd51rmYumzvde2r3/5m/b1b3zfbuwd2revvWNfeOE1+/obN+yHd+/a99c37Ad37tprtzDBtnZhcPI21ZiyCjwzekB5vhJCQjG5OOnkmeJLY8xrQ/jQy1KrqRcMCY2Je6EsCC8HEbcuWK5n06tz9vG/+BldY/vq175rNXBUYGSb0Jd2vYZyy5WSnalXbRnLRxqJj/z8J2zl/CnUA+OHJXMRlpz72PqDrp2Ym7U1GMSVlUUrz1GaGy894sM7BPSwgLOv+Tdrvu/MjR2Nart7aKcvn7SFS2fgtfHRa3QwlvA3vvOK/ZP/1+/ba1/5sTXaMLgwSieX57Wjn/9AxDdt1KBnrVLW2ysq8MDqU/C8oE9lftbKwCtra/a1zbb9s7e3bLc+i9q8RzhG2FUcPzEdA0Exv54pWoQ0j/yiKBauNPvZ84HpvDGdXPZA2mWkdfKjsqSH8mlw+UpQIOUFiGVdnqc9Q5mOB3CWDC2bH/jjfJOcUE8iM8B4ikD+gAo8wbrcEkShSgCIZBJqRAykCA+5RCI9BMJY/n1AuWyH5DBm54dy1C7gDFw4JV3rTMrPpsUbTqRkAOQxcOLHfLJiciZ4EOJp7xIqpXT4sG6ajjhlWa6fK9s7201uNLdiEYag38Fk4jWeruXgXRUxaTnEaDA4mVmQujAuY2Lwtr8/3lLQdSMuwzToYQhH7UPoiEmpcqiXxhI45XE/FY0IvY8+DQwm0W/+7b9pf+u//q/gWM3bwUHH+ljqbCFvG2V7mJizlx6y26W6/e53XrV/+oNXbbsJ76RYkxFQnZDHO5AwWTAekA8jQOPmk4Eq0JhBX3g/3CzKdlD/Kry46WrRFqbLNj9TtKc+8ZwtfuhDNpptwOiYPXr6lJ2Bl/JwvWRPw3t5ZqpmT81O26XpGZuBrKlazRaXlm3E5TVqV++ii6YXYLROr9kMPLu5RtUaq/CcMDagDfREoN4wUrxST7vJmweGpTF3hPHc0VMcjTo23cjbzBQU6ftLFXOHI3vtiy/Y//f/9j/ZreffsaXKLLy/kh1yy0a7YydWluzshTO2AEM2PTdtM/PT1oChmp5rWGN+yqpYppextK2urNibvZL9k7fu2I18WZ647Ldq9z5LlmEKap4H5MejkswPmX4MA59p5OmHgjEpyY+Gc/BHl+eCdcZrYRz/qhtAmueF+oIsFqacwAbw8c5yrEEQ+GKeA+MsHiBpTBay8p2FIFImw9sY0gFPcp0ZtKB3lAI00TOBwBxhLJsJBGchkuZGxUhLG/ruwImjwI9wHDChiXujnI8RcSVD7IEJUZX2Y+xJ5pHm8h2P9DTPgZJkakKSOOPAFkYmH46mB8E077HdOoDnlK/CQGHycbMilzOc8PiV5yYi/ts0PSQ+IMwJxYmvwQUZ3HTJWEYs1AUm3cwbdiCdXgTrlwKgcQQG/WR8EeuaU23K3vepT9jjH/6gPXf6hH0Qk/VKraI/ceU74lvchgFD8dCZM3bq1JLd6LbtjfXb1uw25YHxsR5eo6FA6sOD3l7K3qArSByGUEryRYD6CzLIr5UwsWuY2PO2tLZqK2cXdU2qBU/y0U98xD757Fk7lzuwT59asU+vnbQPL87aU/BOH4L3ssg3QFjXTsMjaixgKQvjWYHB5TXCXLVu9Zkl625s2s4br9s8DOCwAh3pcYaL9NrCgP6mkVWHIXBLClwunAM0hUtJxLVyDcu/Os4D6FgWr3/vx/Zv/rs/sOZbu7ZSbeAHBwZa1i9nW5u7epX09MyMrZxatSkaK3iG09CvOgMTB7wII8znHztTs/bP39iwN4c4741p906DYfGhxbMTjxpJPiwJYPBPSDKwDIKzcBTGMkkhBJ6cmCaFhVI8oADNpoRT84inF3HcIEuI81S8wPlDqd8AVsMyIWh7jjhjfT5LQE4h4gktq7cfo4bMUXpMwPEgjsgW9PGK3cS7oIgIgqrKYAHGCCAzhxPqQUDljoEoLtbnODspJBCkJCpjg5P6E8h0ZoJlmVJmb2zE1VwigZ9lGYc0FHA6cecL4gGBji7jnTLZsnzFNtsj22ljlsAo8f8TeVHc5wIk4dfYi6FeGhsYAf1lF3EYCL7WhW+iiNfLyCrjTQE0XlwWsTj00i8ieQIf9SIb31za6gzt1p0tKzQa9tzPPGNrZSyzuDsd9XMrwz68uO/88AV77c23rHnYhGGYsWd++RescnrZDjttq/LPJyAMizWrwFupw5OagZGZhYcxheUd369Fx49vJq3BcNUaNZtC/vzKgs2szNoMH6peW7LTD502O7xlw7e+Z+cfu2y/8LnfstJU2Vp727a6Mmfnzq3YWfDNouxmZ98G5bJ9/Bc/BRnwqmDk+1x/8jrZzJR1rl2z6//6q7a4uKxl2qDbshxvfHCrBvsZs4wvM6TnNeTFd4S8jBevh6GPMOn5b9b0TvnW09yob/2b6/bd3/2XtvPWus2WG+o7vhusVOAdYnjHKHvzndu2fncdHtesTS/NQv+KVWC0SvhBKAIvcVk5P28/2j60P9o8tE5pSvaTp40nBD836ZAhKENIgvIMuuePceEFk+AsOGqsBjrOf2LDaF1E97EsDrHzQJmiKBDnxl4lAe5VxXJO1HhSGQd0VywO8LbEVUo671P+yBzlCYR6mqI9ScSNXhZi3boxNZY5JnFMDmOGwomHuFUiyeFBsQvytPDYecCl6nhNgnHa8TwRmEU5yVodgTE//HpjvLxi9pyS4hDuWFrOP+nJIrCoG62U6PykeEyM7rfoLABIDAUCf0+B8KtYvKRxKdpr2XMnyrY6jTR05r4pvixdZXkHDpOSfcfHVAZ8lrE3tDaWJ3wrATerNvkaGLC0ukPb7/asA179bX4Fk2XttLXhGcG+YQDBaMY+QazlAnWBSl0YoFMzBXv6iWdtBkusO89/02x3307MLthgf98w9e1EtWRL8GqKg54t1Sv2Z/7KX7BT77tsu1ffhsFpagLzve3TU1O2cnrJVk8tam9Vo17TmyL4Lz5VGOg65NQwgfmg9BSWf7OrU5jcBXhPdWucOmmVUtk6d66iTU1b+8jP29qjj9j1G1ft5ltXbW9j23Y21+2t2zds8fSi/em/+Ov2/l/7ReuXczBkI3hyMJIH8La++XVb/+of2cnTp2361AnrHuxq9z0fDqfhonc16sKb7LnR4hKSfcJNquheXr/Xplo+dJ2rDK2xMm0leInNG9v2/D//lvUO+O9C5eQmBAP/No3vCuPPYvtw31ZgZOfPLOv/GSvoF26BKGCJW5lfso1cw37vpXfslSH/HBdLbxhN/iBpcvO8c0wTxSe5lqr5w7yIByBO5ggszyDUxxnjOB6dxWn6T0/RXKbTj/KhW8Ti8wAgQgCxMlMp8MSYSEw4ncXiktTdB8r3fIcEERrLuMlK6xSXCjpEfUOOsxIN9JQzAmvHXDtJ4zVWOCgUikQ8dgo/Tvc4ASSVyzgEUbJsxEPwbCLCHJT0dBJ7IiIeMVa+alR+SmcSJ0ljxvn8RGfTCPw1AVM6KPzEslOirBR41hhJiPPzpNCg9Nr2zErJLizWYKHw68/Nn9wuQR5MJF6sZ1ldn2p2NNFaMGK8vsXNlYcHbd6x18bOfRgz2DBMOkzCIn7xT5+zNpajPFX8RWe9+oENuukxHaoCYmN4aM888rgtn1y15q1rduP737NzWM6dnoYxwgQ8Nz1tJ4D3hl176gOP2rN/6tNWW562wu6OHd6+qaVhabpi82dXbebSmlXX5q2EpVIFnlcVy64aJm6dzxhy9YglcJVp5E/NIV6CF8PnOMFXml2U0e7cumHNOxu2cPKMPfnpn7XzTzxu55950i4/9z576hc/bZ/43G/bpY8+R9fHCjBG+YOmtb7/gm3966/YwRvXbPXyJaufWITH1bQi+qbAtvbb6JwuloU4V0hrjxqXxMjno0mwWbBrfEyI2yW4ObdvhXrRGovT8B7hXdGz22/b3q0NLBdHWDLT44KzB6OsV9nAEPKKGW+2cJm4hCV4AYae7kgeho1eYXH+hH3r1r594fqOdRqzqkuPcPGE8Dzjw/NDDzqcJX01HvT1mBDHYgSxhHI8KifmB3rMibwuPOBMii6KEKI+pkUUnmESmkTJIXIDEgRoqINdJTlKB14eEsSPqdFk7PSQrWiy7R6nNMFEOqYYF05ceTw8mM0jPmD2EMtF3OlkPVIBQVnOeyywvPI9FjcNiOR5EBvzlHaCjjFTEEqDlnhHXgAheCaB5nT/FQQyzouYHk3ERRfm4GkcEYmFqRwv2bsB0cXRfBETp2sXZ82eXGtggrUtj0mSg9ek4jy/GNySRGPVbGmi8Q8n9HwhQhMGjfu9WnAZDrAswgoQkw6TDx5X6dRZ61RgFMM40T8HAVHdBCjC62C8MbC9uWMXYOzOXb5sUyuLtvn2m/b2D39sC/W6LddnrDws2PrOhlWWavYb/9HnbPXRR23If9qGh9a+exveSttmlqZs9bFLVjx7wkZzdUxWeCY0LqUSjFjdH5AuoQfojWD5yDecFsBWggeWa9RtWMIkLpesODtrVfRD9+ZVG77ziuX2123l5AlbfvIxeGJP2KmLj1ttqma51q7Ztbet9/2Xbe9r37aDF16Gh1WAbg9bcXEGHdGxIrwrXufSBXe2GUaLd235qBUNBR8f0t4u9Blf4Eijpecc4Q1xgvFBeXqF+sdu6FRHW3axxN7b2od7xr9B48ts4DnB6BWwTIfTjPbm9b6xpXPca9bQjQy+X7841bDd/LR9/uUb8LpKaC/OM08FglZzHB00qJDHsSZPzMlhHPEQYm+NpyMe4vTH1n9Qxa9TzvFIbo9J1Nt2xRvLMo75DhwzHlOul+eXkK1DpMAbsp0eaBHYPnH41w+RhZYtQpKfle3yNIZjGYHTxUG+WCYBL5sAUCwbH/dNqkwpz2OhAuSEBNXKigx1eAgEz+XRMcY6GTGNSPIUgypXwgniIZoB8QReIh57hysdYwRdS+InpFmv1+x4HAD8BsyPIe24B4+S0iGXWwfkAymNCjVR5gp9+8jlOSvC+xE3lxIcVBi9vN6ii/aou3d46F4CJg2XjNTnsNWzAxgw7k7fh/FqgpfPPbaRLp06Y736NAwUt0b4mySoBZvBpY4EqC9y1ukMbKoysmeffNTqK6ftLDyd1s6mbV2/ap3WgbVgnM4885j95t/+j+zCx9+HwYMJu3nHmq+8bp2NDV2I5naC6UcuWA7LRb4FZsjrSvxAeTo73FZRqpWtQsNTgdcCA1ZA4HOEfCi5EDaQDiooPIcl59o5q2DpOmpuWe+1H6Oul6z3w++bvfS8NV/8hvVe/I71X3zFuldvytgtPHLFqg+dhgeHytAXJfSBrvsxBF3oBXFrBPuUb4jNj8o20H46GDD0G99DNhoW4fBCZ7SxDFk1GCLq2EXZ+lxD19HaB4e2i2VsmUtHdGMFLuXMdB2hajPzFVuBBzq3dtJGui7Z1x6uwsyyfePGgf2rd7ZtvzqlpT918nPB08HzgUnFu7UaJWHchPEo4MkTinzReD4dT/lAIR9zxUJZAacAxYz4Qd2eEcoihFjy8HFRpIdYR8+XOIxTtQCxl5wAELJ0r4cID2k7HYAjX4YbIRpwaqE6gau9wpQxBqHZDsrLUpzZq8dspPFSKhDCdwzcOseqhWb4QgIhtinmKNaX6aAEmJhSBxDxgyInUU4aPI+450dE1xVC2nnFGZgY+yEhJ3IDHtKIAkPM8/w0AxCS6gfFTMPLYJn8UBe5P3Zpzmq8/8gBwAnNC6UcEphAXEbxAvOI//ADj4AXhjtteAyg0XAd8q0SsA777Z7uDILdOljiFE+essEM/50ZMmjkUXnsF37Uozjob7hKZju337QPPXre5qbhJSws2vkPPWeXn75ip599xJ7+0z9vH/ydz9gyXxC4s27d116zwx+9ZIPbN2zY3tVf2M8//YTllpZsUGrIYBTg1eSgDzeZanBjlrML+GrmQq1qBUz2PJ+NhOdn3KDJ5wU5EbDs4obXURFeI4xvfn7FKjCo1cWT8NJm4cHMIl6wYmXeaidPW+WhNcufhfuKanvdPct321biVXDEWiayz+H96BoXL2rRi+W1L8b0ytAHNFQd1MmNqHzgXO+pxxK5PFW2xhJ0gLHVmhdtqM7M2DR02L1123p7h9bA+arXCtaYqtj0PIzb+VWbP3PWytMzcPKgA4qVZlbsdr9s/+CHb9m1XA1eF36gUC/HBDTTT5q8YuiqO3r4cqwoBNB4yxKE+/XL7Hn1r8cOxEO+ZDDptGjYhDPSR4hDSIg1JMWKQBUFIU805aX1eAbjiDhkdUkkIel68TvOz/KRQiyW5TErJ8UdkjTjTBaTPhsz4KlIy3KHaJz9wYBlVLnURhSUj8KiTNFCVwQeBaYzPZ00KAHa8hRcTCjHdMTGmMgXZEV5Y7hHHIgsxiFCnL+1MU8XTOERrTdHtnGAiaV9U343TIUkjiWQgEXi8ou70n2fFIvCk+HdR8S828hXGesffRD4pgRulygRpwR6HBToYjFxMIlZB3e506DAs1hvde3G29et8+r3bOOLf9/yB7ds9Wfeb1d+7c/YuQ980MqDQ+u99G0bfP9biH9oBo+rCiepMjdtc5cu45ds1fowRAOuBeG95NswtvtYXm3vwEWkV4k66VVVKjbStT0YhDosTg2hDENVxDIKHhSfPtLfgHSb1t9+C23ZtWG5bd3SoQ0WSzZagce6XLPS6Vno3kTXgN7Dknt722qHfSvCi+ztH8goc1k8gFEf8S4jwhAeGSx9cpr0UDb6XK8ZQn/0YOz6fCRo0IWd4xsicM6w5NPjOtBNb+qAkVq4cs5mFufQhX0ZraXVeVuEt3Xy8Qu2dPmMlWew7O1to3zfSjC6u4VZ++Krt+3VXsH6VT62xXPm04cTPuqTjCdkOYSMAFm+yMvTGNnksYue8oQsQTLSncURBG0gznAqFcsj4TkRocyQx9WK2uEcWSDPOBzlcXBZBOkXVJyErO5p7AkvH/EEy4QIKa65GBmcjCMnJTGRmdbX04z1GYeYl4AKOEqgcv4Lo4TSjuLoRDUtdgJ/1pJrO2OAfNF5kiFPnZ9q5MWDDETKS+JMSHhSWgKRH7LjryL5dFaI+kF6UIf9XtFu7GCiYInBDaq6Ao+vriBzjwEDPRlMIghE0t9TRaPFv/PiP+rQseI/56gqNg/L0T5fwQIjxXmgV0CzTgF1w5IYcvSKGuQNRiXrjqbs7p0D/aV98foLtv17/6Pd/h/+P7bxe3/Xbv/+f2+3/5f/2TrPv2R290DXeMoz8JZWZ236iUeseOGC9cowPkVexKppudbfuG2d69et+w68sxu34bHtqOu5ryxX4TUxeFxos5WhoQIUZLvgkTEewrss9StWQP/03t6wwi0+Mwiv5dotK3b34aEd2v5br1vuzr5VOyVrre+j/9jfZevsttFGf11zrwUcS0guuem58kYFd/n7fyuiq7hcpEcbPS7EfXlsQ6tNUU8sLUs4B+jfcr5q+Ra81JfftP2763o3/sLyrJ26csZWL53U1g++dLA/3LcRlo/l0xdtszBlv//iVfv8TSy/awuoE23lCcOX58TvmNMT9/PE8eHnh3czyee8Ao6rTNAPFfPQrzztCaOKRTzwEPWMNM4E14M4R4wXQDLUEQI/iSyGkGYexyZCwgu68iIoHfgDuMwUd6YYpXkEpbIEb3ACXj6F8VQAET2ncPLK438nUSjEXqWQwMasiDnuIRiPlCtEiQTnY4yOjSc8AeEhn1k8CFeCWQHHVx3rg8R5iHu+h8AraewVEvj1T4Qx3pQMIN0DwY0W6oq8AOULCzR8yceJc2FuaE+cnobXgEnJDatFeCAwTsYHk7nkwUTjRXvuZ6LnoNcpYwLyjQ7b2wfW7g6tDTkHmPB8tq+NpeVgZs5KJ07BDlIvb7e3jGkmwq/0yN9dxYvV55fr9uzTp23qxKI11s5YbbaMyTiy6UbZZqenrFrKWzfXt8rilJUxUQsrJ6x27jyMEbypgz3LHexaod+yAl9/c/eOjbb3rdCEQdhv2aDVM26KzTXgedDrgttGb0bnFbYhKIVJ7H2nmxelOmz5wEqVKpaXMEZchnaxvIZ3N4Le5VrdClV4bTi3vKjO5y4H9DjRTfovSRhRep9aMqJfOA546Y99xGuHfAiAb+hgmm+m5c1dvoe/zf1rDXhUZ09ZcWbahnwo/p11237pDXvn2y/Y29/6vhUPu3bm7EmbPTEvT2tYhPHj0ngefXP2NIzXGXtrc2j/07des69uduygOmt96KyxAX25VGSb2WoF6slzojlB8CMhnj8C81lU51J9RuA5Be7fSKH4EDzf+QORGGni83SESBdvAGGRzi/L4OsekY8lktjtiMSrSKhLE8BKR1zS0gT6xvsgpuMP7qR+zCOF5FivyIpFlFZKxTyPAsDzpfGKt3WzFRD1lHLiV+B8gRBrSHIBlCcBTuPR04FdBH5DvSE4KEP8bqBCTpDHlIvSIaE5BIy0yMMkY35JVNqDHwjOHwleNxdJOKEhD6YzzdMngg/i+XLLPnBhwSo9Lq+gN70SFsHyhZ4UPSReP8pjYg15bQYGjX9kwdXf5uaetbr+/vh9LpkwOds9GLjGtJXXTmOpw5cgA1xJ6UCNXD/elMAHE4Jvi7g4X7TnLq9Y//Ym+LB4m4UXxecP93ess7eHSVqxytKsFWdhNDCp4XZYDoa2/errtvvN71v37bestLOtDaFDLOEKfCaz3bb21pZ1tvZsBENWmGpYYWEabaRXSY+DlosaEdB2xdQYxgahCE+QXUFPaADPtMRlJrLZLzRc/Fs2Pixd5NZ4eEz5YVcbY2GN6VYh+L4uAj0uLtn69LqwXtafhQTD1e2xD7m67CN0bHp10WZPrULPkvW29m0Dhuv686/YwfqmVfADw31kUyvzVlpuWBGGvHr2jFUvXcDy+YTdahftD1+6Y7/3gxv2wmHeWpUZG9D7hYoaG+FcqLWarLx2xRs6AJIUAREbx5DzexTxNGbgxGdQsUBTAI/LcxBLTACS5RhgvBwZRVWUpSVxEERTEbgQII90fVNqPDoBdJVN686C6po04iqXopSh0pITaKGhgeT9IWAccYfCyYef0Pu8UqYMgEayQiARpPQx/E4OClPxwCIaQrTCgsgrWmwEgzON1ZGhicULh7RTRM3SEBN0DDRxke5IJvBLYoCQjh/xCMIJxldtCeXhA1gRE+65s7M2X2hjhmEgc2mFGSsTQ6+TS54OvC8VpgcGz4uvUbWibe80rdnmg9lm+5h9NFwdeF58FXTt9FnrleAVqTqVVrW8REwviBrB/wCRd9qGdq6Rt49eXLbB1Tes98ZVy+/uWLHdtBE8uvo0PEMYs9xUxXLTczbkfrQ6vJ72nh1+/3tmN27qve29q7et+ep1s4OW3lk1Ojiw7u6+Ha7zRYq7Vls7aaVza7pI733ujzxJSc5uaiklQWCAceErY3NYTnNXu0FmHp4d//LNmk2km9qmYKDp5ga7hRacF7EQcVtE6HA6YvIw9b59LCX59tcuDF4HoQ23i15ehzdGcj1bPbNs0ydn0U708kwN+KqtPHzJ1p6+Yqvve9ymHrlk5UcuWPXRSzZ18aJ1Zxbs2kbTvvTiDfvd716zr9xu280Sy0+htx24XYXN43OW1IjtZfv5Q+L/ouT94Hw8X+wLdgP4mca80PVL9VsY9wBi3DMmCLyOOi0kHZksq8zIEECZ1JG8zHUeGjrhlCGmKEWk8ZifmCCoWJQESIuOgXjI6wnRxpgjCZCKZ34sFEC4E8THbMoOaTqwIWNc0ch0BCKP2n204QLgKk0ZrIF5geYNE+a8BJxnN3YeWM750zLx2pMCB4Yg8CmQO0BEEetxmwDSljqnah+FTFnqFF1qj0Mmo4CSymsbG+28re/DuyrXkQcqLxbzynWe17F8csPvQDy0fKWIwD1TDHmr1rmzGwaQF5WDcA1yPiLU51LN26761OfsD+5O4pRimnTwQw84bjCW8Lj4CM9M1cqsGwayxldSw1DRF+JdQd5cGBYr8iaGA3gmKDjA0qrWr1l/q2nbr9yyO8+/Yes/vmY7b2/ZnRubdnNj3XpTVavQcNVgEXgaMGH97prrobZH0IlBjDypr35BL/BOpMqgLL0rGJyhNvDSYCHQ04LHRe+Uxbg85PUtGSYYdy4NaQ874OObOBi3GWAMuwwwkoUC9Gws2ABeZQt93q5gubw0ZXZ20UqXTlrxodNWeuyM5U4v2B3wf/E7b9h/+0+/Z//NF1+xv/fagf2osGgHcyvoIxgmPl4EPbhdhRuChwjEdY5wbka0U8C1pEbMc8Ve0IP2+PiYdRpB5xLfJC/QeFlEl0bC+c7yZwPhSJ7qDeNEQZk4gDPkiyaKtMMHBIwblxFkkkflJiBLYr5CSBMCPqbfWH424VlOQd0xFVhinpIB4fCKnCGHy8YndM2LwkVyeqIEwRsXQqA5eCrDKlKUx6AyOBnO5B05DkhrEjCLB30dJ7B8JAKyHmLkUUS+GPjBiSSvTqrSHignliOuSPTAyzhmAJyVA4sI+bwjhSKTxpF5fSx7HlvM2cMrFctzi4Gue/H3WAJwRNxpAcOkxCDnDOT1H+5HarZ6uu7F7RF7MCLcLgGyNTGP62fPWb/OvysLBpv6sV4fHuwQDwDesj85lbOPP7pqpd6eFTGhC3yQmhfSsQrjX5Pp1ce8mF6q+67x/MgKI3hQB0374Ze+bbu39zH5C/bCmzfs2tW7cMqaxvdoVbD8Wvjg+2ztF3/OyhdOq136sIPofciOQicGehA0QjBUvMvqOEqQjnbnOclRhtf/9OwddcfSlPI0FFCME5+yGNNw6V37yOVmVD4+RTs3wMTrwfAwzWVjp4PlIwwbDRwN5fzJRasuL8LQTlmRF+oN7UX5dntoN27t2gsv3bI//O51+5fP37Zv3uzYS+2ybdRmrAv+UQF9AhW4IOZdRTZTWyI4RiBJ1+MQu6NF3OPkvAA4nmiMSGIpJ4YxzHNIOuKQo7w0RcNG3nDeAZTM3BjikSAaDjofwiEp4IRAFRM/ujAvWuB1hF+B08jPr9Oz1+0IsZzqCXwJ3dFACXGWFnH1AYMTYuwQJTof25+FwhqMF0snhUKHElyJrDAA0yFE1On4qkOIIK1fD6d7r4cEoyxITqhHX3zCL08SB7qOKs/Y+RnEI8TToYCiOEAm8zzf5ehDGkGIMhXHsuJh+3gClR3KoAKSeL2Kf8jx/vPzsDr7+OWHkfBLQQC0A0scax+iDIY37z7CQPHumf6Eo2u2s3toB1g6HvZgzGi8MOkPMQlrp2Ao+Iwi2xEmgoA6MI2Y3hgnBDdNzpT69smn1qw+Ql1cnkFnGTfucSqCnxfFy8SnvTy3q/PNErMz1ofOL3/zVXvt+as2d2LW3v+Lz2A5tWxL73/CTv3qL9nsB5+2/MocJjaMDtrDvhiNsPSDcZLxktcEhIZH1kUWxq9doa1u1Bhj4vJuIFC9gQM88i6RzbZwmUjDHrc/8PoS6fz7Ml6M591FXqTnn4XwPx07utaVt067Z22mUd2NjT378Y/fso23d6x9t2PXX7ltP3zlpn3zx7fsiy/csC+9tmVfp8E6qNit/JTtVxvWr1bRJ/RUeb74c8GzDp1YP7sKIO8GJ4F0Pwkex3PD8yCDAzwwoQ1IkA4e4jGL44mpRBYhyGB7me8kP78JDyKOP8phIo7jIwCal3MQKl7GKim6Ekkq5DvqNGVHosNkfSo9RlKhCVoKkSwxaoi3hpAVnektrzPJg6e7pmtenqElifKdSbHzpRAk6xhrQeyNQYg4Y1BUtfKIiKzguPOKxk9MO3dgdL6EP9DdkPhAUX7gS0qriPOMAZPMi2WUEOqQyEJQHRysThAv+4gDEKjqFjdNQEE77T9wbslqvV3/ZYPBkE6c2JjU7e0tTMy+FctYmtFiYfL1ujRgA9s7aNtes6/XyTThPvAiNP9RqLhywvJLK/DEdPVMuvqvZjp4GTjxMadtKt+1Tzx81qYHXcsfHvgEYCYnlwwqeLFU9b9Q46Qo+uTkXqdHHrK5pYZVps0u//z77MLvfNZmnnvEpp58yAYryzYsQx8shbkApkh5XPK6YC3URsQyXjBaNFgyXkjLkAU6abz+B+Pgr7UBHYrTkPMuo28+hVFEPj0rBr6QkWy8o8g3T/Qgj3dr+YcbXEq2+zlrony/07VWu2MdLJN/vHFg3/rxdfvRSzfsqy9ete928/bNQdWe75Tt7dy0bVUWrFmbtWEdS0ltsMW54kml4UHPsn/RUL1okXEyXtiVAScLDZ3HYf4Euijk4/kPIQKxmKfxFIjiA0pKNIAyYqBH4+XFqGOAUM5xJRL5gRrIogpnHAaP8yLEyyuhtJcRIciJ/E5EyAjIwmRaAKK+UfoEiJjNQexf1BJxHlwvcSBWz7NhsnAxJ4BbPXIwi4WVFATVVcaL8cCODqhSyhZkyDpf3owMLUrMMt4DWJYfnffJChA8CvQIpEvXDBNhgo1AljgQGevXktdnGJMIgxCNphu3gpWKZbu137OtNvoAk4F3z7wHOGk5uX2y7e3sG//EVa8MhidU0d/YwyHCcq4Aw0JbUwSBND3M3eJfbEEGq0VNHMQ6X9QPX7Yzz71R8GZqWKoe7Pdt6xBeHbcliAFl5R1BB5ahB8g1qV6cSGMCudA1N+hYL9+xk594zp77K79tpz78rPU3Nq354qvW/PbzZm+/bUUst9QDNEK8nidjxYA6ZKyQJ+MUAg0R13Ha94bA5ZzS3AvHZxL9bbOjeBGLgP5kLTJYCFSVIrm8VkCCS0i/xtXXNb4u2sb3+beR6FrF3t5t6g2yo5PL1sbS8c6ZNdu7+Ih11i7YaPm0FWaWLIcfEHpLwyH/+AQ1Zg0Cfxx4/RH5HB4676iTbad9g0oaJDr/5AllNbZYgGeFJ1JnB+LE43J8zHi+Phw/YTxpTPHEs2Tgw0HnXOc70AMiPDWkcWwQT/mSMYtDMmbElzAisJ0pjR811DnE42U8N45BD2xbwOPHiwZg+j5Bn8CZKRepY6IywDYlZywKSUUFXElgoTJPIQS2VBHHQ+4YD4GVxSBIWcWYlgWQSbSE4mkOiEgMaJQoNICzuEzJjZkTsSIUz/JGo5Qyc/A5HRkaiBH3gREGJOjbvbzdwMShh6O3fGKS88Kzhg+8sMbiIqZJwQ42d2CoivKC2CQaq2q1hBVdQbvsOZQgHHmYrE0s//iuKl3493pVd6Ii09TR16gt2Ig7+4fw7khHvTRW8CrEFIyVXuKHpZan4QVBbnGIuuEFDnLwDKcrNuzs2sHrL1j39lVr37pqw83bluu25DnKENI40+hwOYglILeEuMEiHYYxel7QPTFkDDKcDFhq0nDBmPFv5HgHkb+yNCIoob1tkCBjRUPFZz47qIvXt+iR8tXZHejehlHpdVEf6h3mK/bWTsu++MprdjDVsPKF87Z/cs2mn35W/4OpOrnHDDL4ri+uSXkNixthRwXg6KYBjL3OKvqOjxxxOctX5/APT4pYUhJn//PDPvWtG2hPOCfsSxkrfEB1OseJWFgmpfnY9fFDUL0gcXwly0tkMSZCPhVzimeGsqKR15lFYaSx6YhwxcrjMcoJSc8RqFyYb/qIITCKFo2W846D80eqYlTF2uThiT/EyiSvkHEIfMpzVz+Qnbtw6hFfNmbBlWIBpSTDOztNK1bjhOEgokPEFYkhAf3iZHh9QoYEAXnMdh6vw5UlUQyeRoi/OsqFnITPp7/SEYinLXBIfqkIKM988aGtkpXkS5rnJSlRMFC55EAb8B1gAp8od+ypk1OW5+MuvMbEQMMCg8b9UZV6w3Zub1i72bJqkZs2uVOgq38Q2uND2gdYOvLiMyZqB8avV6lY6eRpG9BTCLVyeumNrNpXJL9Bk413wvgamOVa0Z4+M2e55rb2lXGnujSmx8RYOgP3i07SnV4TW8crPtyqwEdqaucuWeOpD1jtscetcHIVbUC/wpDkaKhoiOhp0QjICALnc4c0WjRgMBRurECbMFz+Hi5e0/KH1rVkhBxew/L3+3P3PNM0Vn3goKM4b2h0UEcXBo9eWBc83Ns1AK0Ng/zinR37V6+9addxPmprVyx34pxNX4bHVa3DXvuY4I8GY905xGnRDReeVAL7QefcDZDMB5j5w+QGCAEGz4mkUxKK+SDR+GAgsKzTyRjy+MnwEDRuIT9YHQHrJpBNP5QA/8EUCgiI5DriMp0eSKQ63cneJtWDwKYhzSzPTvVyHYVmgHMioIQEP8IYgBV4rlpGmYyIMw55BPWzYtIiFeBkAY2lxylHct4SgNSU5jWwvaIhTxeAMzVnO0dxCE6OFaF0oBG8c5wQSIHX0/HIb9QlLRtw5XHCOcHPieNRtjoFX554DUjnVmEZTZ5MFlNaGSqjC6wAp7ksj9xgJvIRYergwNepYMKNKnZtG8sX6cHb/ZCs5/34PGDRRnymcapmMyeWbPPWhnUOelbkErNI72dg1TJ+2Xn3D5OKjw7RI+NdON69jHfl2FDWr3MCz0CtooHX2EYaRu6ltzdsowsd6jVvn/6TEQaDgZ4T32iBia9Ar6XDB6DpLQXvCcJG9Xm96rhfK1mfj9dAqRFHi9rMa1A9TORQjh6YloItyEKaLyVrQ04bND2TCPMKgzNCvUMGGJxhPwdVaGxp12iwUAwGiE8W8N1mNFKdHoxVvwCvq2CHUJ0PXrdRRxP93UI7+ny4HbL3WgN7/tq6/ZvXr9mt6rRNPfyMLT/xtLVn520PHi+7QucK/YnarYO+buP88OEikHVO+Uwp/CsFvfoagX8Eog6UYed5D4YGvBpT/MT5QFCE3tE54pgjIcV9VLF7vRy9ORoUem+UIY+N8lTG65NMBHqBrM/HsioSRJkEkpWnsoydqA/Tksth7/WIpANjDzFJJH74RQEeQnBIeRnAKZkeEl5+PUpxJVKI/FFn9ZcQ4s4Tdc+2OPlx8JBwAoiDMfBGpZIToHTEPVaZmCBjYgSkSiiTMMcaMFicTpXdxPhEZansR02KxVGQNCeEOOCqGh/Vha9+bcKk9+WXiJSS8CQ4QG/YpLFAmrTJEEFpfPSrSPnFmt3a79su/y+RbPQs0LYhZNEr4sKIS8X6wqzNzMzZzva+HBb9lRj4+Ywj93qF+aElJHe3WwdLURDYDh94MCRBf+rJV7DwLfjqOXgWt/a79r239iy/eMLrhjc2yFWgD+TRWtBzosFqQ0YbRrUJywFDkGs3bXB4AMPUsRyWsGXQitduWvnNW1a6umW5u3s2OuCmUhhTui3Uid4cLQ+MEvel6SJUm/JgbRCP+PbYVtsGKMM/uOBF9T49S25xgKHi3UOGVq+rt8lySahrWTCi/PPaPQTedW3JcHW1VDxEfeQZYZ23uX1o3716x37UK9mdxklbvPS0nXnqOcvP880VU1oWFnnO0VT2GPuPY0BLQE0SQDilNBAE7qGjJ8g/suXeLbaT55r7+fz862fRT5LiEATgRZ3xR1BjA8DTRXb34pimhGjovDApyfhS5PXEukmL5500fgJjKMfg8jywLhpGzw9FA6/XJwhpB5ZjzLrBQTmhDuEZVsrzZKTjkLB6qbSs05yB/CLEpGwjUYdEM4BLCNokwKKFtUee1A57QlIRQPWEYsqJFSmFgBPkiVjKG0oIkU5UxJ0pyHFUjErqBId6NHOFJXFstP+CAYsyAI7HQeh8jpI38CF2HCc2yQemNiB4lvjSX78AQjNpgLO6TOLqWLDwr7V6zV17+sSUna5iEg8xyflMHzwuicCSg6++o6EowsBtb24Z/8maxmgbhgzz3A4OsYSEl0IPhHfW9jFha6snLb90UoaOSzepTF01OFE3gnZ0MwPGkUuuzY09e/8jF61epEHZ1FsecgO6dNS5hxUjBnUIfGyHusI9Ultyo7Ltf+8Ve+cffsFuf+kbdvPLX7Nbf/Qtu/bl79ntr71oBy/etOart61/Z1/OHPVQ7TRkaBsfyB7BOPFfwwfwvAYwaNr2wDbJq4LXwwADxT1ZXRgjelrUm3ld4OJDWf27OAwbjV4PaS4ZR1oq5uz63X378utX7QedgtXe90Grnb9gU6fRT9N1eFuoz7vKCuw3tIu/Cui25EdQP5RkQNq9bfYN+gN8MmwcB8pnaSLOQ+MXDZ0mMGWhjAwLcZYN/CwhJoDGoBOAs27yOH80SixGXHkhn2VSLwNHtkNYoEc2yWAiGwcA6jJDbpCdxo57iuA6kB6a5XmBJ5bTIiPgHrEMiSJBSkYHQCAHkFKxoHgzSUBWnwAkiMitEjBeKYvHsbAr7yfYDVHa4WRNcAJ5A0rwTo283qC0LOPATzzmMQ40pjUISBcwn1meZkTcQzR4KS3LQ8RpPtGdRywCpAKz87MT9YMlvsCb5Q88Xg4YGTDQBzAsfXhJV+YKdmUaWVhS5Wt1f98VRwAvjtMl46tmuiM7hBfD/Ur8r8LtnX2t5vhywr34Xi/k0fuoLC5bYfWU9UK9Pkl8UFCXCKTQEyphKbq71zb++/YTV85aadiy3MG+6ysecGJm02Zh0YaAirmczMHAAb351e/ZS5//kvZyLV46b9Vza1Y6tWz52RlYgqLtbOzY7bdu2Fs/eMVuvPSy7V2/Zf39JowEaqCnyetUNDYwPDI4wTD5NSpeYHcj5B6WGy7lBePVgd7auwVPrAvDx7dK+Pu5IB8GuLnTtldev2Vfe/Om3Z6et5nnnrP+/KLl52YsVytbByePy262M/0dYp/xGD6kIyT9JxzmjGMJQCOmGH1NT0zlweQGQqjAPTkXpnGBfH4IGpeA9FKL8yhkZQESOgIOCE6LeRQpXVRXqMOzBZREYysZKcXTGTmO8hDo/k14BIHPaQxZYxrnD/GJcoCE7gnhSQwgFgMPMWdcDuRnMwGigEd0J7jx4jSMnC7EGUVTFNMOEhLT2QgHkj34rwnpqSfj5ZQfKRwwCV0FlS8OfWOe456fGjUfIMrxPEXOT7qOAY91cMClJ5eyfBCSnRL08UIhztCUjLin46DhniBKXS607anlkpUG3J0O41Utw8Hh8grGiwyYiMM2lkeHbTgqHSuVy9qk2unAWGGptdvs+L4l8LbhwRSm56x48iyMF/oU9WhJy76FMD3f6Goo+OAGDgN27cYda9QqdhYeSX4Ej+VwH33N+3jI19Vq9gOM1wjeGSsrTNnOm9ft6re/a6uPPGSXP/PzNvPYBZt96JwtPnreVp64bCeevGyrl87YytlztnxqzaaxNOtDx/3tXRgZboql3BxWuz14VyO0qQfDA0OENpNGo0UD1ukhH3XyGU55X4Emw0UjBpo2nIKfRnDI/1ZsjuzGjXV7/qU37K3m0G41pq1/6YrNXL5sg1oNq2IaJbQJfaCLuQi6Loj+Yr/zHOnuIZeR7AN8yBYvJcg4hJh5HBPk5fLR0zRibtTi/4DKACEmqBzwGKgAxwblqC7yqkby8uh8zPc8qh7Kog9dttfFmMAsjXmW09il8eR4cJnZfH5ULkQ8hGoDIUYZAsBlZHHPj7SENRC8vUIdF+J9qK8i//Abg/M6zccwM6ghE+xLoBFiFg5eCp/n/sxvo82BK2FGBnCJYQUZKQmOCN3r+GR5kKPB4i8EHwcJ0kTziNWHRKgs1pWtj3lMpTTyOxYlugHL8AQW1y5yeYq48/nvow9Wn/SMSZUO+GgwhoEhEQEkSeWEOc4xjbgH2qPFTfvbH563tdG6VRsNLPlmkVfQBXy+aZXXgfpbbdtf37H1jU2bmZu3a9du252Nlt1eP7S3+bf9BzBg8Dq2mm0bwXBNfewXrFXjq4e9ShpDTkF6CJCKcw1Dpn7wdqmNMASF5pb9/FMn7Tc//LAtdrfMNq5bvnXgV8j4Z6nQp1/ERBiV4H317Edf+YqdOHnelp992rZ3b9sAOg7hVR3uHRr/3q2xumRTC9MwuHyEhuUGunvIFwa2sVykAaLHyHdrDWCYuDLVIz1YIvIZRfYT89gQvaufHibo/T6MGdqkf/2hseJFf/CxRU2kb97ZsmvX79jV9Q3rLJyw1Q9/zJrLi7ZfrlqpAQOKRvM6Fccd92SxL7Q3DwL6iJVGfSO+oihzMrVkU48RQMekER8+zNN2CZw7LRPj+eY5pBFDUteUJI/j3Meh2kdRoR7pIQQ0zosoRwBZkuGgMYXg4479x2V9GI8uxUF5HKtMeP3+jTwe80jDLUDsy2POeC+j6pghHsaZWjK4qhHb/4+tPw2Wbcnu+7B1Ts1nvufO07v3vvm9Hl43egYaAEkARAMiSJCUKCtEK8I0RUq0rQhboQ8Wv0AR8geH7fAgfWDIsiVKVkhkiKNEkARFCgAxD90YuvsN/cb73p2HM1edqlPnHP9//5W5q26Ta1dWZq5ca+XKlZlrZ+7aexc8DYXTmU8caVbf2KfS8c34rGkV/EvT+UNJwQOkXZ42m8fz1brqa14qtHYFbKyaVDot9Awei9goxlWaObqS5/AWstAamqjQqENdT4lLoUPSkC5lTTHpSp+xk0CNDdBlDE1dmTjvqJRTxhmafLGXZc4PNtMSMtvEgvYiz8Kp01pdbRcP4uXNTlzpaaJoMreXlvCO7hxq9Qv1NGlPtMraHw6j1+vH/t4or3cNj2Jfk5VHhLiQzaTnn4QGN27FSX85uHEz1ZA8KWrNpKPP7irz/UFKewun46S/FO8/2In3Pn4Yg7ObcfbaFbfziHu2JrzkDxk4IW3HnjzxjaMbG2fjcPtJHNy5H5PHB7F9dyue8i6s+9uxfe+R74TnjRiHrBAPDmIkB+sHprW6ylsdWGmxPeSallZawtWtIxfiD4Xjgv2htpZchPcKC8enLSbXxfhHbH6RRP7du4/jzXdvaxV536/MnqyfiTNf/5EY8baN9dU47bGqLR1B2913/Hyh1mMntRUU1krnAp4VWN0KYsu5jgRKtuJ9Gwp2n8dhNeTw447l0g04IskkKE15pcvVHUWUmzxBOMrzBFz0QR71wVCAvqTY8oyAMXkTnNF3ka90UaOBdKEpFznzkHTIIF2YFHvuFqg8tdzVOFUhcy5WcOT5Q6rw+htwiyyraO18vdPfoGRSZaYpcUK2v/rqZ39uhi1QBCSNmMi7kjlIlBMc1s8B+hpDVPGgSp6sy3EWzgidA8B55Wp5pTeNA+mKUsIIOgSE0QWXQNJL8TLADOCKE0OGb0JUXM9yxhf6mQ6l/oJrBiUH7UB/jRZewHc03o+ry4vx2hlNkOF+dAb9vKM+5MzkLORhtBzQZ6RtoyYwf14xPBjHQXFeB5rEB2XS+8V6OvMPbtyI4NYFD2prI3mSQ0ZtofvtzihDLxcpr0lzLJ0e7Izj2+/fj63Dxbh088VYv3jNK56xtpKnx4e+H2xysB8j1Usd3Id2sDuM3Z1RjE8Wo7e+Hsur68H1udFIDkeOl4vq/JGIt31yQCOtvnILqGBnxsoqt4AOvp7FCm0sp3Uoejk9OUKcnhcfWiYdaju9u38Qn3x4P9774F7cfrAd+5Lblf0Wu71o33opep/7YjwWucRrQrKqL0Db1W++prdwbIfh1UlxYLZH6TcH2Q28wXaDjtVb9j2OZuaYGKvYecbHdTVWZLk6oFvz5ASPnV2ph1LqtbwynvQp8spqSAn4an3gqwxwxAyxmjcNuAJO6zNfL3mbIgkcz/MYTJY6UmYHBc/30wm+H1flZfuzrKFxm5BcywUqKql/OZg+ZTRyFGUqOV1eQuvqa7NfGw2FyQKK0RyMTYCkYlxJyVd8Q6+46fQSwDmm2N/ZaRWfzoKY8pKX4g0v9KSVsskKHihof9k5CcHg9ZZQWHcsh/PCiKTq53tt4FSaUAeI64CQuJQR9GVs1c8gHM6DLd2yvNPnznejO9n1hOe/HL1S1cojlVmM8d6Bf4VjlzHU6oW3S+zivFiRact4KFru/+QPubtXr8WiVkRstVy/2sLBNRyu8/CLGnbxHePg0Q99lMMUba3uDhe68dadJ/F7b9+OaX81Lr7+WmxcvyUneqKV1rYcqBzF1racb953NZY+2Gd5eSm6fgOFHH2nbQfNFvJQRDgnfhiYyOngzKaTvM7FiotrVzynOfLKSs5NTs8PostZ+UWMcpiL08WYind/5zAealX30fsfxQfvfxKPt7WiUzm/1Pb6cvxyQCe91ei+8nocnL8cB+qvvla7PLSNOegMYjseJTgh0du+5iW9Z06hjA1ANnN/Ks/8Ap39m8XVafjCf+F3p2N7iPTJHwVSJrSzi/tVVgpzmeU5lzjzZC4xCXWyQ0+qiBAU4ix+Bhr58wRmZLzAxhf5BPJVP5cVSJLEN0C6BLC1zDG4glcmj7JPTdw8JJ3pzZtY4sxmeYUmR1melTMPKOltYxGZwZ8SF+KMMg1UGbXcoHQqVfCkOUg3AL6msozJUZuanUkoecX0Y8ooeVJK5GByzvkMOdiASldlAl5heYRmWQ7YLAOXgyvzdm7Idm4mB2w9u5FOAqWU9y9cZWDzcsJPnW3F5oJWXlJ1kRf/UTfeiGWGtmlH2jLivGDf2xsG/93IA9rDUd5lPxItZ05+eexdvhzt8xe92qBuN1/iqkNGiFe/oBVzJzmXuVvoLWKuB6HfYqcXB6r72x/eibc/eagt6WpceOVTsXRNK7vucoy2dmIoB4ZcXpnT4fXQqutkOpGu3NYpd6jBOZGD5g54tnjTCQ6MC/OsuLjNA/2P5Li4d0t4OS5umTjBUcspsiU8GmlrvD2Kx9rS3vvkSdy98zAePXzqtvvNDvxLNTfttqU/KyceINfKc/HWy7G9zL/6nMiuqlu6YAqvaLIzbGecCI4LO9BPLiFhkK3ofAG25PB1J9IK9AkxYDIlHRXxpC27bAUN2Et2zseFKJutvuyEmvqSlrigCrIKIgvPLE+5+YWizHILPfmqK7j58UyqWTzoYIUHrqEv+PLJGNwz5U6V419WTjrbqS/jQZGap00a8DoYk6YA5tPZxgagRwYHzNVeBZpbJbKOVCKdQBHbCAORChSpBUt6NumBnOimKnRVpoxrjvxOnAad8ObnU+jLp8kToXvyJX7mmEqJ0+qw0vGmccIf4+sgyMFeaEpI4sSR8aF0HYTWtSmX8TjLIg4as+PyNAlaHd+b9MLGYtzqH8bpZBxt3l6gQez7q5gooj7WlmuqLVS71Y2nO7zP6zT2tX1kBYbz4mZMnBc3bnbPX4j2pWv+rZABWlRQLuuvgxTZWBcnk864bB3gkZJeTcuBRacf958M41tvvxcfP34SsbQRF1/6TJzXlpIbW4d7T6PFP4CLl9ct+2WHksGzhtwKwYVvVk78osiF9onqxWkdHI39iyHb4aOhto5D4eW8hoeT2NPKa3t7L7Y/eRwP7j2Ne/eexNOHO7G/P/SqbVEOy++95xEerbh4vIrrc4vtntu0uL4R/Vdei31tYQ+mo+jQXJyTVz/ZfvqANks5pXWwEMK9lT7EdvSSx4jaJhKDh4VsA6I6vRybjBXJIS0is0BX5NW3n5JGBpB2hzeFz8ZPoXGauhKgqmPZh4vQMwG8Y1MmVFxtQ81nXbkgyAvnpApRgYZXUOsAkO98bUgByOdYDFVXizV51a5BzKDQzmTM+IxztvKDA1FzQMoDU6oyPHPBviqUzEkw39BM14Ia6bCzmKejc4kT/4wM6Pi4jlqu79J5mTdVAmnKPCDm8HNAfbDSMNMoeAAp3+CUt+MqeQrzp28BeKPgSIC/gtNmhS7lVxl0t50YrMK5PrY4x0dxpn0an+GHxkOtvnh7BPd78UAzq60FbYWY5PsH2lb2Y2d36AvZ+wf8Ce2RHJYcmbaN/Lcj14paaxvRvX4zjrQq8TUSTTAGpm9OpV7lMbv1kjKepErmL2dqg6/rmVQgnPDcotFeXpbz2onf+u5b8c13342TldW48pnPxHNvfEoTcxrD3V1tK0dyurli1NSIsb6lki/MD7UiY4U41CoM/U8UJmMu4E+08orYkYN7Kmf+cLAWT9bOx/3hQjzS1nAsJ40slqWdXtfPUi6go1aH2LPdbvnJg46c2IJs1em0Yqr0Xdlk2O7HilZfvJGC22p5MqG2Ky+M0185BqgCC2AXVt48CaqsnSJ2yZNZlnkciCFllTJiKC0nc7X/jdfHzk0H5ZYj8K/BZQxV5wV4LLuODIlLurzmCiLrqjRYvSV9AfDo7gQAbdETPSqY33VlObo0xUaWZIOjrprOUPUDTD7LGlzHM0iYChlf5neuwPeli95AjlIgaZKz0Fc2x6knyda112YX7HPCUyJB4ArRrGH+KumEWSco1LRD6VQcCwdn/VLOUZi/Lw+q4ObKiG0qx2k061powM/Tl88zdMYp5gxN59efmWcdC4eAqNA666jKz4vzBmjyK+MKMHChWGf+xelhfPViL7rjoR+kbvGX+Jrs/vv4Rd48cRojOa+WVhxDbav2tWUc8WujwkgObqhtJCserhGFVm6D51+ICc5L1bBloX12Wq62XuzFJaBD6os6GbNtyO1Qts1TWnZAllY8/aXYOTyNb333w/i9tz6Mg5N2XH39s3H5lU9Hb7Aao73tmI5H4b/W17ZzcrTgldZYDo5f+07G2kr6gn3E9mk7HnXX4/76pXhw/mo8unAznp6/FpNz16K1cTliazdarEblqNBTH080Vlodta/NiovAWzZkN/6SvydHu68V4G+98368K+fXkm0uXbySr/451XqUJtF+JXDaJ77Rq7Sy9BkOJR0aFebY8LWxeeeSkcuaEyqioHchOKEYP6JJmyfM6EvdkAtwrik48ciqMsVRdEy5fDW6IM+Hc6arK0azi856JqNjB9PXCqBJx0o7C9Z4gyLGdHWA6UiFLHnA8ovcOqYSzxefish0XvNyao7WhSXzTDQDSObInkk0gjIibl3FeZFWIYfTGIi4fLviki5IQ8Wb1/wlTayQFy+/n2Yuz6HYKKJCUwhKPssykbE7LHOGhkfgFZpimw9ahdoNdXB57y+iOvCaAQiOgU6haaCfG5wuK+m5PGnvHixfAwF2hWNN0DfORJzlvfVacbXX1lTAheq8UVQMMRkOff/TyUnLWyr+Am2/bBu5v4k3qnINZqrtVPfW83GkVZrvZ1J9aYdsnW1Avdlwt9v6Z5Zv0WtVQlI86Mn1sJzjSIGnpR1vL3a1evruB3fiu+99qFXOYlx49aW48unXtVLrx/79+zF6/MArS36V5FoXr1/eny7EVmsQD5YvxINzN+L++RuxtXEh9gba4nVX5HQ7LDS10hrEkngXdx5H51gOTCsu9OB11TwqxUqL/69s8ee2fZXxjn+ZuaWt9f3JYnzMLSX743j0yYPY296PM+cvR2e552tg/HDh5lTHgh1oMUbhkkc2VaBJLJwnrPLYqU5eENgLyxmlL052ZhPYzsTYfp7X6bzmhRJ1VW9ys1B/HtVZEBp54Mu8Y3yiOydYjjxhogw0OR5r31JBclnVUl+VCQ4+gPoK35zuWZK0zqMTSJfn+Jovrzz/Yh6Gik+ZDYCY5+OAV2lLd3HmDfP04J208llUjpbOrvkaaFPW4ByJ/K5Z8v5kB1TlCRAR14bWb+ObdPkyjijT4HyUzjMYX2hcmulKUY3ji/DCNx0DkhhHUtPEJHXkQGMQlMFVcNB7YDTEM/4cPJlOnbN+eFi1+QZGHAMyVOi8Jj13x98cTOPWqvhHB9FbW4mFtpi1WrGumpDcLsE9TouL3Xj6ZMf3Qx0oP+TXOaW5KM4gHkv+8osvxfFg2b848uJCezABW0JvUZT1NSLJ9iRKVRtbUScTo03dwh6jp2JvQ6AVHtpTbdeisxRbhwvxBx/djV/7/bfiztODOHPjUly4eSPa2v7uHBzHk4PTeDztxaOlzbi3eSk+OXdVjutyPF7djJ3OsrZ0LW4O0ZZzIbpc9VduIhv1B91YeHw/2sN9v0mDPyLhVoi2VqCsutgitnrcGqG89FrW17S1Eh+OO/Fo3I6l5TOy2Tju3Xk/9raexMbGmVjdPBtjOUW/HUKBBvlQgziRMBG9AsGxkWbF5W1ajuNngTGRTshjEhlgsZttVCY4AI1w6XigYiVLW9MxWXShqZBpVlE5Bi1sno4xKvDJSfmc4DnWTORQ8Apup8pryO2n5BSdjFfa1SBeMV8e96QTkzoIqrsyd9EFyLlTyAotkJQVXwtmfBUoafSsCH3BAm7mKoFnYziq5Apeebmh+kCW8kToTAo2FJpM5kSvilTcM/zg/cm44ozOr4yhyMj5xJW0U5kGUiUI6Vho6Uwj+VgnyrBx3oRIugxQd2RO7ip5pi/9XM7aBgYWsstAdf3JU6o3zvTUXWQb70FiLmVasaYtzasb3ehNud+LCakVhQeN9JDzOpaDmwzHckZ9r7wOlB5xnxdbMO0WcWastA40l1ZeeDlOllbtvFideFypfTkJVKcnZukH6eGtpYjyRONq/ZqdpFGGGMdlXZGQfJSzlWQVttjux2F04oOHW/EHWo29/eQwbh/343Z7KT5Z3Yi7Gxfj/ubluHfmQjzWKuuw3dPkkf21YuzIa/j5SVY90hMnMuYXz24rBntb0d/fiWW2hnJSPa3Aer2eb4to97QqlJ36ynfF22214+m0HW/vapvdXlcbtIU8eCLnuxfj7e14ev9JDJbW4uylC7IVW0hap3bJHuWGN9uHnne7HWhrcWhueI4K2o4NElXHFx++sI3yVQQo0ZK2XH3gL0nL45t2ZyWJB1wPZTqctuDC0+RT2/nyWZ5cxlUy+CofQSrNJHjVn3y0SWnwpa9RLcvUN8Q6qhxljcdxVhlmpm9JV7BAOGtsInKGLC54oyttxYNGLx1JbJzLjEgwtmRL7whqeRMXIYZM1MorunrleeFgCrVCTpSURb7GM3g2X4024/HgEGQ3ZirlSLYdTAEZ0xT6UmmuPASmK3VYng7TGWVir95qvi7d3TSSius2E8iOzrqRhw2oCU2EsdPXlIi2Ag7gvd2IR0dyIpqAU/6jEBptjegmHCsXqwG06nMvmNJdtlKSzZtUQVh/Xpk8OZRUcaKTz66qSw6Kv7dHx5ZWTNkn6Xyd0lfiROxYoiSAi8AAsv0fhNKF2z15pTRvvnDdrJ1kmn6vH0vr52O3ezF+f78Tv/j0JH77ZC2+O7gUH65fiof9tRifyPFMtYKayEFqpYUD4Z6zIxlmLAdypNUTrwU64iWIK8uxcuVqdBT31X7a3e13Y6D0kraLPa3McPR9taePk15sxxY/bqj1/Pfk4Xg/xpN92Ygt5SCGD7bim7/wT+Put99WvitbcGFe+stRUmd1RvmKG/ott3fpuNIOAKlqL8ZJ7V9sZxni8ZYOGcobr6OeyH1ipFMEPhkW0dSZJ0PszRf9VvqHoK/Kh6PLZDInlpwO9FIhY4/SwtIQZbmylCvtUPDePRQGOzDs4nzi6vzC35PKxUG2DzLLkFzzAh4fyKJCPhxGGG+cy2qJQrI46fD9UPENzwycL+W1VI62EElwplRggkxXaOiISENfcM/oZObEJyKTplGDiU1Sjefy9PikyTZoAxloc2BUp8HWjAuw83Ka8qZjhFM6IWlU0Ayk2hnqF0OV3cjT0QxI8Mi17Oo8krbKQ05ep5BsfXEN6cnpID7an8ZJT9s9rap4nYuWFZZnh6NVB3WcyDkt+eWBDLQFbZ+QiwYMGqVFyxazq7r8/44oARCrer/ChWAeJl3RUfRup2M5Oq+A4EkcTrYjevNr0iulzd1iTNRXvC36RA6Ap2/4D0UunC8vr8Tq2oZWSUui1ZZvqhWWQpuL4dRHCyT/GH76W4ZoUafKebRpVY6wLUf04MkDO9HB8kDbwEGsrKzGklZdfW0b+3LuPbaPqn+pPwjtXmPrWJr2N+Pw8CCe7n4iR8R6UHY8kUOjbXvb8c1/9A/j/d/6fTs0oTxGsAnPWrpTpBdODftic1DuZeVtO45ivzpusBnmMtjGOfYsTiEdRDoVkNidgvlxCMpopf0KJMtIrHUpdRmENo/K4afvnBaOAAF5x0leZNB3VQ5ys/4skzFQT3yVt3yM55fMlE3dfLskceZzzjhvp5XGXhVSNycoMaVj5Wv7bIsS0Ad80hdwtsn9S/MNKI1K0mBeUSp0bo54Pp2QtE44uLima6DzFCO9wXmAkKcsDWowaza00gGpGWWlnE4wgg5L+dDmWSJpEJmyZsYFjPd3wnyHcEYmT86rrEZ3OjvlAXUQ1TZB68Gg4AGoyZjXn/L6F2f+Qzmqd7ansb+w5PujTsbcIpBtX+AXSdXVG2irdTr1istvihBfWys1VkK+yZT6eaHgcB8t/KF1rl/TEVp04uFmBKM/erES869pYvf22QMnX1oolOrnhwKuoufq8YQfFtriU8xU8A8u8lz84rnQ6tiRHR2zneViPTrosDo4KtlD5cdyujg97L+oLVxf5R1Wc9Kp39Y2+fF2/LP//r+Jf/SP/3Hsj09jbe1sDLpaeeG02Dp22K4qVn0D6X8sm21z7W9wXs6uE0+efBxH4x2XL5yIVvVMeZc2th8fx7f/+W/Ed/7Zr0V3qjpZ7XIyYSxIP786WwfOp44P95OBvoUs7WeDCub73icRlbltplNQrKKEwg9NTvKUn+l0Rj7hQld4neZL4PGtJPKsX5ELXpSFvjoz6WA8kN8Iq7JqjCzEwG/dVS90sLgNOih3mWQmHQ47dckvJ8wHHvY6VxtQ0jniUlZDQTdp9E/nDQ55hZajxlkKQQbn5g6hrOF8BfOxEwpJrODGiwU0+flQaSgsRheiJlxGoQeGQR2gA3NVL9wASeVnBqplVXAau95Tk51ZaBwznRJXNGrkQ0uPVnpinI3bBX0JxbbPQOIlmUKxI8EDWcdJ2bZS78mCJpvWLwxaXlD43v6Rto7I78XRKG+VwF1oytuxcH3nmIvNOgO2+U9FOYGOJjOtQyaPwAAnB3t2OKrUeCYuBxOceuvbNoE6AZks6OtrFuYqgbYwkJHFQGUlosgrMx1um74hIVN5fUGcM7XNdewtpwhVwspqqoQcgwJ6drRthllrZDmmXjz5+E786t/9W/Hgu2/aOfYGfdHgtLTd9IpEWDm4jpwOD7TzcrHl8xvx8ld/OPZbg9jS6mq4vyNVuX1iIPp8imDKiwelI23sHI3j/W/+Rnzw29/SipB+bUVbenZkU6+KsaXo4HMjpb5PNmUSkfd4/D5wWRrimXyKY8Jn2jINSgjhsVnHl3g9dOg36rPtoS1jVQG6mtZXSipxM/YEFVdpgMTVkPkZXebhFtb1A7WvwZPmAOHYutf+tgA+CulAAdfhlICyEmcAYYzzjT4lnfM7ixOybgcgSWdQylJH8dfSSmRV+FhwVtDkKS94I5vvxJNzk5zOstoZzmR7DSmtKFL4arHJKfZXLVFQ3rKUZEvkweizGhJSHpB2TfoMRKKwLioi7QAVdODgSx6iaiB3mqVx5mXGOmv+2jYPUAYk5fDBqgHLrAb3+GQQ7++dxKS75Jf0+R3vTFTJYtJ1uHlVToC71rvaRgJckEcaNHZw0uOEfxKS4xM2D+E9cTwQVSmgiJVkk4cGQvS0YoVXh/VXAF/GYqFJO+njtpVxi4rGwet/RxIg2y5Unk9cOkjLHmoL28KpVnLrG2vx6N334jd//u/G3oNPYm11Lfpaba6s9mN1IEck58Jqk2tr7UXZQvovbXbihR/6bPyRv/jn40CrrvfvP4zdnYf+O7jOQl81s4oqtybYBqpbYwE7daTbW7/xzfj42+/EgNf+iMfjhRUk+rtB2Cw19jbQfQg+HTjbShMDwmMeim2mEuf2Me2I/ZIGGQT6JscHhVLBea+EdUx9woEM566UZYJJyDTOozqKHH/zMurYr7pCx+HVlQJslJG3fgrWB1DEmM3rvYlrdBfUMQOT6y/4BPKKmqBWuFyhxgB8gMuxdwGhZ2Oy8iaY22WZN2+JHQwZS0ZBQORAsqazjDgNWMBEmUxsofPXTAbg8pKGwHLVATMcyBIRbGgMlsUuLDG/pgF1UOTZLtPzOmaHYCzyCpRVTaE3HzjymQbgc0pfHiiN7MwjnzwDAjnw+7oKLPpyuwTUJa7EKT9qr8SbT8YxVuzXGh9w6ZlNoUqZjB2tNuTAoO3zd/yqh87l2lb9dZCykyF/eDG1Y8OTWO8SUh+2nLOzvNvJofJs/RzAJ0ibsfrMetxmYVjWu22mow7sk+2zE5PsCsjIs3PanBUUz1GS7mqVtHPvYXzzl38h4mAn1lfWY28yZs0Zm0tLsaSVZr+3HKv9Fa2+ItbO9+PFL70SX/3zPxOf+jd/Nn53+yj+y7/zS3Zc0+MtcXHzhRyc1m7WXU6y1fzIQP8pre1lW1vN7/7zX4s7cmC93qpWwuhE2+gbBr7SLDULuH91VLtAZLtjw2Ibo4n0Rd1+akEijllJ246UlQheiEtMsq6yvBos175sfcqpg2LyqtOXH7QCnc8jIx1m9j28tMkOvNAZTzPImz7blP0FX45b4BmnXeJ0jFCmTaodKPcJwn2c9VTINDhyyCk4BWI7qgrkbWtAtAVX6TMYmbFRRiQUHHTuvVpYaWiQG1AaDjTCARoKjmB0Vm4jl2BjEdcyBksSS3aaJ+mFh9ZgiRmStIQqu8rQp/CQT2l5xsl8GjBBfPDDlFlDGg9BnHmZqBlqZxLo3CQscl3unOI6YHLQ++wpYJChp+ssbT5pdePOKOLxtB0nmszjgyGnd8uxOhp8nU7b8onzTzjSeSHHWzXJ5FlIfnWssvVlnSWApLc/gOsXbwK6KtIXeCrEdtZL9VIneNpgauxq+RkzybOs2lkgGssiL4TTFMgR20Y6cDHeyp0sxnt/8Adx+ORJLPPesoORtsSdeOn8+bh58ZLa1o4l4btL7Tj32oX43M98NT7zUz8cF974avz6mzvxf/lP/3588mBfq1VsNoxuq6OVHasuQZuHuNGMIJ1YSclDsArsqmBxuB/v/vZvxcGDbdl1IPW0IqU91lXtUfs9rrDVorSm3WoLjybVthIA978rou3FNsSq1ytj8diOM4a0hUK1N2CZZexAYzlyuvmntoWmCGn4rXOOT+qoJ1XS2U8pN/EFhz1Mm3oA9bKC+0uJ3C5nnXZK0EoP5NiJlbqxT/IIkEWVoq110d8zyLZWuYaaBu9IsW1S9K045M7x14OCzFuIY0LRSOCSRM/IClhqYVLshlSBqnxGKFA7WCC54coS3DjTZM6SxEuTKavGdU4dayekw86klDhhGQnJI12qYSUvZVZ5qZ9p+VIypYGDtnZiQu0syygrPPhJpczsfETmzZ0pH9Mjh84wrcpcLxnJYZXCIHly0o6PhicxbfViOj7y34Bx7YsHtXmGkPfOL2oCcYc5c4mFi2+XsC2yo05YsYwPja82w6nhAKw3NKXtRG6OBwkxEmZ4FERv2k262qxuxWu9tP2ZQV7iSk+582VPmTfAanWpNBsjbu/QsinOamW1vLQcX/+RH4qf/ZGvxB9/6UZc62nFqW1ld6MXN778anz2z/9krH/1lVi4diluf3IY/4//89+Ob7/9SE68E6PRbvS1Ql1a0gqt0+MeYOmC88E2rGO5gK/2sH2VDjiqjhzK/v1H8c5v/V6cSg3eVsHtG4zA2nZOUDxYDrBizO1ljtE6PmgrDsp5yabpmIG3vmInrj0mLm2dkERpL2LGSPIzenztjRLxqxhMyvIJKOuAtuoAkGbVlvQJ6AtPdVLNSVU0KSJ1oBxEHTdkciXolGlMoJh8Xc0BjAmgtp8DgKWRr0GLPe0OkFHqgSbjpCM4jwzoqLMBcBkba5Iin/FIgL/IaF371BvPPJhtKOma//50SfAhAbnzpDMJTq1QY0l7pVDw0Lm8Bg6n6RjK+ZBPY7mMWIfPcErX5kIz3/Ta0dnJGJAcHVP0sLyih/Ac9SwGNPWVkJCTnHw6JmTTQ1lGJ1lvTYwK6GoCy8iJwB0SyyeH8cqZTnTHO5zoo93t+9oRDozVwuFo4ucZ93aGwQv9eDzoQDF/UMEjQiONp6Ubt6K1vunHYXiAOWvIOlwr1ZLSx3qqzBjapFRCDta0D7RZDimx24NbBgcdVIW5OnlweV8ZjoIJVNuvgS/aiQYz1736WmkN9g/iaPdpfPWHvxY/+6f/lbjVO4xbHX6JPIy1Wxfj+Z/80Tj39S/G8YacS7cT21ut+Kv/h78Wf/jmAzmrboyefBgXNzZiZX01VtfWtYJbiokcOc9Wci9dO7rWg9eNL2rLuChnzjVHbuWgdOvRo+ivLMfm1Qsx4Vddfp3lmp38AD840F47PE1Sj1W32cZxWY6Tgsdo4rHtbaeEdBrFjtCXMeMyHZWX8Yss21DBvSJ5SUvaLKYDNXNGOe5rHoDHfCpwHZZdx+acvplz7EghSRJn2R7bucJHjnVT+3wgR3RFVJGRvEDqkCtDWbJgE1yvymfUgsLLd9OeRh51pV0stmBdN6GQkZcdlat8pdC4kq1x7YAmCJcVZKoKafKZnYPEJWeCaZusakGh+ca7vNRXBphVNC6NTCsQAa52FEKdVkFdKtcy2mGDid4TUUfqLFCcEz7PaEBTljVnXCIgz95aZRxrNaW89TBNcWrwo2Z3ELcPTuLpiSaaJg+Pt/DKY0hTH61A+h3L63U16diGaPlFvk4E/kpsqq1QS7Q0J9tCFTnQKzRtUiGxJ5nSInU+24gNM19Z0de0wuUtFFlOHT7jCzxAiz5c64HZNpB0/4YqftrHr3n+j++9vTh6sh2Xzm7G5994Lb75G78aL754Pm586WYsf/ZK3PrXfjKWPvtyjPv5YsPhzlL8F//5L8SvfeuDWBosR+w9jDdeFN31S3FhcyMuXliLjTO96PYYKaw6GQfFAUmvtJVWYnJgvuFWDq0t837y3e/E+Ol2dOXseGLBr3Z2i7DDoldD5mXZqzbRXhyBbUmbhOPfyPPyAPbJyV7HWf6FXfa9J7+oKHMeGxOEo+5cHWd9RqoMhkYj8vpAZ/HSw2C+bCc45CM1ZZcYeZCWeitYNmIrzrS1fEZr/Wgb4wBQVG0LybxMQ8mnZjWVdITMFZy/Cj/ljvRtXMXz8ZfQWWcDlQRehWKVAmYoaUElmucHUpWE6hTgm99zzx+1vAYmKuDOzd4xDwau2w8TFtkY0x0lI1KEAilLeRvV2BmUrPFFHFC3AxXqAKxyEpd1emBBrRiMsaJjuZ+OjQ5PHusFvatLfiDPKkWBdice8l+DIxm9vxr8XT03fjLxNFwk89jXWnpdHpeR8+JVMSzFGTiqk0kqbyHndaBOU90qs/2KfNpQ68aZeHBzUKwygKi2NVcUqS9x0hvR0Mz41GYJqpMOcFJ47GRbCeEYWtmnpeVXZziKw/v3Y3F84BXU+UtnY2vrSdz8gc/Hc9/4sXj+T/3xaF25FBM2mHLMvc7Z+Cd/73fjv/7//UKcu3wtFo+34yuffj5eeuF6TKajWNfqqdeRblq1rW305cjW48zmcqysaju50olOF72ZeFy3YXWEpgvRkzMdPXgUd998x7dsMEF9UpMNWHlll6v9pOlbbCAMK0qmSLUNMbaljRWqneZtlSsr+r6OowKFzvaf7z/V4jFUZBiHDsr6epxi6yI+fhhxX9CGuoUsdMjzGEeW0B7f6Fd0qLp4LlkX6shxQ1k9UdpZqa2mKfSVp9ZHMr/QP5Oup9DUtiQkrkKtG5y5XSb55TBgAtVZIXlmtiTvnAtIVEmF30ka4gZlB3qf7MBEdpQBUZaTlWRls2BAgNJWs5bRYBdhQHWGaMCzfIUWqPVT5vYIXRsGLcPEPJ60OXCqXF+kFcDv2w3ElxfVU7b5kVXkwQttykk8tOT18cB0GvnWQ3UpX3lS16QBcDJp9IU4iF68tzuNkbY23BZxrNUX6qkG0Un/NrcLaKMj/Wi/H1qWLH5xRF3WiZPdPcVMqmwT78DCduS9JamTAr10NLojwFSqT7PVZkRHJVJXY/ztCYDOwiPZE1ZA/7DCgCbbmZMHZwAttkI21+SWtPI5ffgoTneeyEkfxsrGuldSF86vxtKZtWjzb97rGzE55o1cPBJ1Kb7165/E/+v//l/Hcr8fC+N78UNfeSVefv1G3H54VwT8OqeWa7s3nY5jbX0QL9y6Gs+/cC1uPn85bmj7efXqZmyeW4n+gC0d/Ux/nfpphY7sfO/td2P/yW50tV3nBMotJW4DdlJ76ds0UdrBdsMGogUYNwwJyLBJPthtcp2MtCrzWMAM2G82BoDsE8ZSjstKk04CTNI2dWJ594GR6VhwXNaMtiVflVv5IPczrowN9z020Jc+edLNMVr5IIAPoLzi7fh0ZMuzHMg6yKfspsxysjyhtM/jBF1zPNXy+diH7YAAkC5wORnTlGzyKUgxtSsLXdpEhUGHG1ObkCQ2Ri1v+E1DnAYFMidoaAQqg98yjU90TnBw+pbx60CAD3nmh1YhOyPxgOWhZ1Nv5SmDDD4XZKKeFaEzzMmprw0GBS961NUYQMoDsMhikJgemlo/+miY4Ti8rUEXhl2vH3f2j2JnimxtQ3zR3gyqB7laJXDDJhNVzsy/PKoa+wjl0W+6v9/c61UnHL+w4XBcO2rwJb6iotuQmqEiAzv7g8AkSCdEHr2kL4fzDKjCaMgJT1m1Dc9Vpoys0CcGVbY0mcbizm4s8PpoTf7+2hmtvK5Ed6UbRycj6aHJfjyWyEPV1o4H93bj//l/++vR7g3i7PJCfP1zN+Ozclzvf/yhX1TohtnW0knxYNCP3qAjWy3Eyko/1tbEJ8d48eKZOHtuLZaWe9aJt1QwAPiF8/DJXtx5+wNf1GcFTRtsAwWPHx1uFycH8dLPbq8O2oXjTNvSVn1K35PHbpYnnASavkLWkzF8zfizzWDPuIJPOMgRgE7d1I9cH9VRb6EAPBYFuRKDj35LYcTw0k/+0QXaUg+6WB+B6ZyouqaNwXsRIUgHlPJmQF3Jj4Bago5ZlpVVmll+FpPE/gQy9ZhvC6Gp1Xli8WWtOdETIBSuEMwVFJjlU4i+FKoiFM+nXaYIqIp4wumwwuBLQEGXFLxBSRqCTpVfX7N0AdJ5Zsl0xhjeEi0bB2NZ2WSK3Bl0jAeBkRQqIqvASiPPckUHU+iAlnrAI4MkZUrDLsubLqktLo7b3Xh8rO3jRCuL9pJ/rWLrKMU1wLR10iDDeQ0GPa8SeWTGN9wz5rWllBpxOtLE14oN2zEo9eVdOIONNhhHGibaKqXqFsCPCyl8v92cddszn/dzpe62HvKFPwGtGFJs3dEK0r90YneFfPD6JLoKg90ncby/LXqtFiWjq63y6sZ5vybnCE990pVBOnJunTgeL8R/99f/Vrz13nuxrFXTG596Lv7oj34p3n77u9o6d2LQW0a1WOTRI647qVG8wJFffeliVrct2arTa3kLef78Wpw9uxara8t+W2xLdl9s9aJz0opHb74VxweyoWxE4HU97k/pKaluNv3NyccrLp00bCM1msnkXwOF9i/O4BUAxprQzRg0EbYXT+JKPfSXeNLp2LoeMyYXrTkRBFh2rSPHqeWgC7i5ckKV0wAyS997dSyEJYmOsQbOsnQgu5FRQcTelSg2D6hSl76US1rGmLMVyNOWgocqucnPEwKFyFColOfIZNY3v40FsCtdX5iTCHaTSAqxHU0TkrwB8yVwTiKbHluIpiyVTkA+BklDNh1daP1tGRhTg6TgqBtG27GRmwAthsX4OegKXmT10RiE0A7ahlyuLbk9ricnvfnAFboqp3ZadhBfVsVAO7zFKvyUM/FtWMtJndn6MfjbmhyHmkA8qM1fodH+fB6RzpCTlBz4cV49XhOjwGthuKsJa3Bz6rGc1/HowPeAoS8K1TMqOdpHjG7og0wjBG6LwszupQ3KV1tM5UxzwM7sCp3bZS8qPqFct5xUi2BZotdk72kpuXk0iv7uA63KDmNyKofZWfZWjR81uM1hvDeJo6N+HB0PYvFkNf7p3/ln8Y/+/i/Ec1fOxg99+aX4mZ/58fit3/3dePjoSawtb9h52mmoDv7kQy12Hjtbb1QhZnWKw9fWe/Pcepw7v64V2ZKfGeWmUP4fk3u+Hr33YQzkdH3icFtYcWV/5djMfiPk2Mgx4JOYKyOd+lSAoo6PBBIpM8dUAvwE29hcpQRW0VlGhZIERb9CW/UznWT48oB0ZG6yQ7A81/d9tFlimbRDTErS59KFsqbdKcM642h1sPrKFRlyis1pB/4AGcJXJ5lQYwFlHJSZTkG8TRl4Abq5jNj5Yk/S0sllytps4BSo1+BYwewl7WZUagONERRB84BnNDxDn2AMYgkkRUvn04iUX3hMUwWDy06mVhscbJHfGEBZZFVdzW/jVoOnTK9AykD0GUdHdWjZyRKESOgZpCqDl9osl6IUlmWug6V3DmiKIEK9eg0ol9w4CyH14ed13oXw0eg0jhblvFTM40KnOvsjEyfCIBpo8nU70l/lXAPz/V4Szt+bnU74Yws5L9pPpQp58T5XA9YRcAye9qmwoLFBDeI0feqfba7X20jbruLDWrwRQgn/gsczi/R3WpFto1Zf8GoleUFtWD3YjvbR0A6bGzC1EfYtCz21Z0kry/HulvVlNfR7v/F78Xf/1j+Is2fW46uffyl+6ie/Hu+8/168+b2PYvPMBRol2egrZ+FmSC/JpL5MSyjpklckudKle+qL+Gvr/Vhd7duena6CCO5974M4Ho6sN7d1yNLqA4nHS9KvsmcNM7k5VvmFFdsBtN4VzkG1I2OKclGUsZIyMiQ/4H6oMkxMmMnE/uRt6bJqm50ss+3oRb7Rt4RGT/pBafcrvBhfHJXOQFplVQZ6eFwoMH7867NwtKMBJ1W365fMov98vQZkua7MGsg7Sh0oc1zkU8pRocoyDYdiWm/kPDQEhQgas5J2PsFZFIXeRXNlOtIj1zjpHAApYxoMVjqTPN82hoIHkOlnhp6FNHJ2G/QpwSIEafAsNShh+iR0veYsBHn2EjN0RkALHh1n9c5DGlp0rFxKOc4nOy/bAI58M9A63Xg4bcXOVPTaEnGjKn8J5mtmxXktDdox6OdNq3Zk2jvKFGmL42mM93e16CltQ6aixsakVZ+vtVGsY97+1sn6UZg6Q2WbK1VDXZ3ZXpAwi5RUjxRd6T85MMk9kgNra+JfkKy1/Z3oDLfl1OWgpSu8vAHo+HTst0YsdVfiYOdJ8OD5ZHcUf+tv/P3Y3R/HV770mfjGj/1gfHT74/jFX/2tWN48Fz3+IVz2YdVEG/KkI4GkWTWhP67HqzDaW9Js9WS7Tm8hlpa7dl7LS3KgcmBL/W7sPXgYTz+5H12/+4tWsvpIW2Cnup2i6TmO0hFVAG+7EIDCZ9vanNhclpJOhJSVtGlvVrK5kkF+HSNmFhlRncSV17p93zhEp2x3jjsgy0pdOvjUXNHW/Q+d2yakZSifd/mnjKZOywNX60EnIYowyyq6Vv2qrbwLKLIMJRJlGZPz8olnuIoHSlHBz9KeD/6C0cwlhUKFyCF5HFIJ8FJcaXDo5+1HoQcJGZwmb1otnOUlDUBj3WDl60RzZwLIElTZ0CClMYiFZOd7FWTZyEkZWRMycyAmnTc6Bp9JCo/l6qDtXHMC6TqVgNdlzgPZKak38hmkOShTdzPzcdIOUFsqHNbjo3bcP9RZXCuIY/5xBwfmi8Gs2LiRUSsUTTYWNFy85y2j8HPrBO/MGu/t4UKsMDrzTZ202fpYL+rNtlRnVQck0Ewa+pAYW6EvygpIIyMHpMokwisecJRYpGLRnRxPYq11EmemB9EaPlG1ags3rSJz8UjpcRydjrj9Pha6Z2J7X20fHsff/a/+Rnz3u+/GN/74T8RP/bE/Fts7w/gHP//P5eg62jprSyn6CW/bkA6sAqfaMuI4aceUu9uL7vo4znzagW0g3cztE5wIlpZ60Zfj4uWHrfFx3Hn7fT8g35aevnhf25/Nd7rG1F3tkysTmkYdaiOdbrqkzZxA+RyjFTOzsccNZTAJnCdmLZsog+szT/Yf7TKV7DsvJ3UqfaxQ04wo+AllRJgAXiD7tvIo7brAK1aoP1R5vhS94KG+LIFfoRYWaE7gGn/WjzRU4gWyTmw1z5eyMMv3oYWXPjpcBqrQuZUFV5gKJ0iFyuAaXTbrhLKmddpOp1EuYwCjNbmSoEH28QjXB/rKAz0TlWqhI4Hxar6pC/omzrI6IcEjpx6UV/kAtFUWtMhDvqQ5T6f5Hizj8gtaDwrSan+zvBZgjzqgKE894IFXX8pbEJNaNjvU5PxkrNVDu+ft2HRyRD+rXCsUrVZYoi8v9X1tDoe8rEkHO5MYx3B0cOC3K6B3Ol8NJgZaaVO2zxY2YAPrb9rE2Jkqja6Gykc5cmVzkwpsK9qs5vO6n1M5BrZbrG4WTqaxqZXRWX5wOHgsVsUM9hNt1RaWpKfoTnA8CnK862fPxO7BUXzw3Tfjl/7ZL8fX/9gX44d+9PPxeHcv/ubf+59jutjzNlkbumhrpTQ5HvvhBW7anRzxrn/hFNM+9M8GFXt7xYVNcsISsB/bxR6rWa4lynktd5di++6jGD56Kn+akwwZFWpf27Yu0lcpxhZUBo37vNRTx9k8gPfEK3pwAmbF6HFSwHpiL0PKpQ2lOvPaCVg+/SJjCNDDfQStdYIYEuV90ip6qQhZpM3HISQ41LAu5IsMIr6khXgQqq6U3k0dikhTb7LO5l3iCKVeZAGuqCZJJC+4pC+FEp6kBdekoZujJVZzsIzZwGUiQ2U2OFkzglpOS4w2wjTo68ZVgZaTldZgtItqPgdc7ehqaJeXzjFdsrqO+g2IymU2MHnRkiZUWUKm06tCLC9zdQLXTqeoPqRbr1dZPzqn8gtqfUDqTxnMOThcJ/Urpg6fwRnEmoi3h/z/IW9HkBObasJzbcfrKVce/CEFd9rnq2I6WnWpZhVBcbinbaOcnK8Did4TWfXkJKCe2YTCGaUdE+eBJSqgqk/ktkBX0pXHaMXof+yVY74Lyy2UvfpytBe5vWO4G8djra4Y8Kp08bSlVQ33s7Wi115S3JPMpbhx/Xw83dmOb7/5nfjC174Sf+7P/Zl49ORR/K3/4efj8f6++LUSksMb9AbWjV8X2Qry5xx28tJlwgPq6WWtL3qTcP/Q3fSjEqxUaDP3z7EC8zUv2XTAH4AcTuLxR7ejk4vddES0GQHOM34QjtxiM74KrvSw662THMj+JoVCdRzmiYQy94FpsqwCdWc5+MyjUzoO1efA1rDwlCp9ojUeyHFmfuoQ1DK4CDMHk/VYf/Wpy0ve1zdllJlTFQ3jRmja3fALT5xtFmMpzzx0WV7bWfnAO5+RATwYH4WgxklZ+QqNDlmyEiWiFjsW3oF8kmQQWJ0iHIU5nikTJC/QYPK7ymWgGFUbp5Qayr1DmRei4CpPGqLKm9E0aQE03m/LiFUDIZOLKtWBXm0VnEXoi8PylfYgo8wTAgIGSp6BoGd1ZBpl6sBHmuUUvEHiTMegVMyLBU909uRO+22/Errtycg/CFE1FfkXSMlcXV2WA8hVB9eIEMbL+6b7B77gzEv7rE9xYgxcOycmttL1moO+TEdoJmnRqbYBmtQz+wRZdavuVVq1gfhRE20W5XSvrXSje7AdYzkk6stXLrNtGEerO/X7+jvati20juNI/Xp5cyWWtQp64aWb8ef/wl/QtvF2/Pd/95/E072hVkTLWqHx3vx29AfLccRfvmmrSJ38Aa1XLqpzelT+ZIP+wOY67KgIHLRLaesunbVT1ypOzqtXLtp3W7HS68XjDz+OI/43U/Vxsy+AjZjM2JrDq37Vjz395ohaRh4eNdfX3woI3diMwmrblCZQFl7Kvn/l5P7BfpBZBm3JfjKd8O5j4XI3Ap/olK6XTJIXWWmb2r9OQ1vmXPIWYuxHHUrb6Vv3cl2RsqInpNZLNJZvXZIPeegHP/0EH+mqUwXTwad0FmV7AecreeVTlJJBzeRhMnpiBsKryibtXMkCWZYhGzHf6CQkqnnjjE7Du0alCqkbwVkVOnegIAedOOaMWZ2QO5MBU/HwlYYB4GxYpeuAm5+s8FOPq6KDih6W70pLnS5IZ1A7HyBdadCj6uzXMKseyy/6WI4Cebj9iyHyFLhTfDv68XSsLaLkHB1N42hyIic2jeHByJPTLybUgOSd9fzhKqsvJqx2UnE6GsaJVjlMpDxL8gYHDSYNfOsuXXwGbrQBlKZ+ycsJmROFcrdHwVTQyIZcA4LWbSpC3CZxsNXS0I5NbWfXTo5itP2IuybyaQE5Tl4nfdqaRFcrnkVtAwfLK/HWm9+O3/ytX4t33vqOVjyP4+a1K/EH3/rD+G/+2/8xnmzzFtmlmEoAc5dbG7hBdyw7MA3YbvL3aFyIH43kuMvWy31rvehOfbGEkn2sN7pmQY4lbz1lT8nhr9WW+j053P14+uCxf9zwQk7stp/4kAE/N6my6iPNkMrxiV24STctnM6EJwAYx2icTgZp2NM/Iogn+wDxRTcwSZY4j3ml58YmMW1xf9hxJmCDKgsi0vP9C85tEaSdkJk2c50C62S+4ohEQtqcyjR6qizL0yY+mdAm1ZX8OWasib6MB2A1DntSmulG7lw9Zk4JJASlvpJHJrJsb8j1VUQWhFLEAExNWokaPCgSbUEYoim38TM0RAKSoEgkN4lsEA0HaoORSSdBlyUCjOe6CDk4soNnsqgTozIBsn7hJMdORlQeTOCLUNpBnchxJyJKhcbNpetqKztPMtFZpejnwSQc9YLxjYuuJvXJAQsKJMaXYCaAOn4v+A9COZCFfHMq//F4cDCM8WgiJ6ZJLDomhf/DUGw9nfV9qmE5zu0S+3uShsQT30LR5iTgMcsKge0mGQ1E6Z0Xo2lr6pu/ppHMtjBBU0dV5LYXmEtTj0lCk3Y6jhU5rwvagu0/eejVkB2HgHP1VHVNJct/n6ZjPBnGhavrMZo89PWrC1efj9/+nT+Mf/Tz/1iyFmLQXbMTlsUxjhwMb5ZdkE3GiiVLKzC/mFE22B8ORSf9OcoqxYDq4vEkkS7cYJxOJvuMvmSlyiqWZ0f5BZMridu378qe0hpZPBpAI93Xsmca3HnQPGqWqwpQOR5yvMg6siFQ8+lMhVDs8YMAJJbyLKQ447riqnfPwwOvZSvtE02p06A4ZUE8cz5AlQWAlxU8BjyWVWZHKNtUmOlUoKmC8VF0V7qSVNq0tT62L4nU13NToFSTNpgEHJ2TeVsFvAsznXHm0Q1d0cHjvRAQS2sIU3ni5MxolkhjVIFJm2VN2h9wgOiL/cDRgEqXaZObxIaBzkg6OieWwQkpXPg9CIQCywS00xBbdjQ7sDwbpLEtIcsEtX5ZwnkGRF3uQ5FkWVbEGeY71iQUKvgwk7HuENct0kZXHeAQxuCukwmeaasbj460uvA/4JzGBIfEW1blB/j7fFZj0HGjakc8fZ/9y2DVioS3S5hYeeac7UaZEPWWAn5J47lItlfNGVcB/bwVsEPA0WnV0PQLbkqaF2fEtT9+OVw8Ud1cwxLNYOE4rgx0Uth+HBNerKhhZNHWQwSn/HFGS05pEIf82e5SL/6D/+N/EH/2z/zJ+MrXfkgrrcP4z//ffzsePR7Gysqy9B2pTteq2k+jq5XmeDxWM9ke1m0IKydtsbWthJLK/Muji+Aq7VI7POBpj9tErHaqjb54rzHCCsyrL20d97TyGj7Z9mtyJCb51Ab/cCKpXmGpfmzFCYETVh1TdcUCUOa6SkgseOlfcuhDinZSV+ZzjFAv9fB6aAC5KcukqRv937QJbMqt27oqN9vBuJuj5aM0+ORNPaquBFEm31xZAnJSJ+eUyfEk3dFJB2OukVXoGqhihHbZXLnrUHC7Sr7WywnAY9okSWcoyTIbqrCMkzmFeKVVFORjEpJNGcjE10E271kJKGyvr7jqXRsIPwFnUgde03jhXZ0nLZVmR3mAKe8VWukYD3vxVXkO4IqcSmdQHjwDk9h6kRLez7KZNuW5DqXJWz/lSVt+HQiUgS+yAGiRSbvpYA9QawRvToR7k4XY1RKBhfqRVl6sMDhrMoBxXvziycVmFl28254JiJqnPCKjyY1T02lUqzdaT2fiPKtu6YRy+4LdVCq8QXG2WIcHYW4zqRv9fFYWG+JzLUVGOLzkdBSXeKZQW9fdhw9cL/VxmZLrXe5npXFi+XbYo/jcG5+OV15+RSucVnz7996Kt9+9HZ3+mp3ikeztd8tbN7Zo+W9KB8ORbYCdaMLR9Ehbx3TgDDMmSw20MG2M9imL4P5SzBqK1QaOhF8wHVQPTy/gfJ/cvR8drbROeObR7aS5uVrBRhLGx0D7/JiVnVUZG+BRUml0qTaHF/3sMETrsVFOCoDHnQL0yPH9bNCid6nbomgXOtAhpQ6A8Wd+1QHUVZvBHQNN4YFJSaJ6TZk6rGWp3/TEgvk4ky60ToD1E1+TN51oXJFILVugrMcTgJwUW+SWjCBlpX6u0KKUq/K+jx6gaUlsqIo2/PlVAnJSQGY84BVcCWAmyrNiQq2UxmZIftIMDkAUbnzKUVqDzCl4ddjL68i6kZtlBqWRRRZ+T8AqS7EHdLIZPOCEo253LDWQL2cvQj2TwTjfDqDWTedUZ9DUJ6jthNdxlal67UzMYNJ4etyJJxNl5UTVSL+AkJWFL1IXR6ACydG2UJPNjwQhTxNgfLAnZVSmFRlnJ0/OMkhyy5STSJJcp23E/jNJDG6TQg601JEJ0FlQ4LEeCfY9VlzQgvd4FOd6i7Gupm4/eOQ243h9/cUHfSVHjENS+khsvd4g1teW4nDvafzqL/5y/Gd/7a/Hwwdb0e8PyvW6VJYk7e32NIFVF29pwAFybxn2m8i5My5w4NzUe8wLGm2f7B/3EQftIegQW9qetouSvN8wgfNSHfyC2xVy6/6DONF2na13Ol5bx5/SY5ZBCwFWfH5bifUv8hVDnXULjGfrnjyOKWP8OTbVHK+CPlDX8cYx3y7GBKvoCuCqXtVh1pNonTOWVw7Tq9x1FjrKqxzn5+suPD5JE0Pn/uKTsswDHfzCVzkA9OAoJ5EnmPQBabqUmZDpuZz7zjg6TpD1JA5C15iZQkR6DlyJjqwYmhKLjsnr4MYJX3g9CdRxloveBtKq3kZOo5B2XkXIIGkFQQjogKynePlGVvJU2bMzTy7rAXgsBZmlDsvgKIKIZ4bJPJMlL4bmtQFI02DpDJCTZ91cKrtu8ALbAR6lm8GkPK8Z5noY9uFXLWQhc3+hF49G2ipIKJPEKxfNCZwXz/AxSdj20SS2OqRhBr/3+FEcDXdUA5xsbbBD2hUFkMU9QTzAjE60yTfCplqmy6OksYM+XDOcMoMpEM5/6abyI62gluIoLve6sf/gYUx4OFyy+R9HVaX6sn48KbrQzrESg+Wl+J3f/s34v/7H/1H8w//x52Oo1deitsy549Xkdt+mCdGDG0lxfWOtuvJEIxrJ5JlLbMmWErsfTWVT2oP5VW/t09pXeZc9YzNj+oxHnxZaXBPkR4H8hW5J7Rk+2Yr9x0+lTY4z7NXWOFhUvV7tyqA5NtJ5mka0OIBn70rP2LYEhGhWQyglSPmlXBH0nsxqM2PJc8j2yL6s48nkpmWuwQ9PHuC8PRW/3zwBHxpKX8BzVG1XgeldfxFqeTp8o7T4kcuRBElPO9CHFbr1UTqv8YmytCHJUqjnnlFpM6RViSkHHigLr+Oii3QzRginKqG4a7tq+1PyHCQ+keq7jGFEqPC1ctM4FKVkfMoxlC8AF8dDOZ0DPpsGWxqFCY7C0OCoPNB0eOsmXK7MqE+ylKLcCQqJSr7Wg25ZIiDPoVUKdRBSbeniOrM9lddR4alnJ9qfeNEhwx0xc1ro519d8C5ZJUo0bUcWSN7mie6+wZNtmHlbcdgaxMNxhM751h3y8WSiwK+PTE46LK/PoH1XA9B/oto6iT/7Ez8Y3/jszdg8fBQ9X7FX3drWsVLiPfL1Ye68Bp2Twu2yrtjJjUVd9ZyANqqMVduJmI5a/HVZ9kmcTqJ7PImr/aWYPHkS21tP5ADaMZnmc5k4LXTFYeJQvGqUSFZW/BP2glaYTx+Pot9ej+XBqrfFvK6Zf+hmdeWmyybYjF9WcdxjrbRkdOuFE4YOh9XXSs62K9fE6oPktS9pHW2tB2n/0qtm0BZvHQlc+5Jduzj38TQef3zX9vIKUx9WVvzimxNW/IwH1VPHh3HUU/CA+9yNyTS6Z5nSTXk5gcALXnGe6KAhDyrHDtgEBCpyoE4F0s5Sv1PaDrNqdSvM3cxZ0aIHaY66UjYd+uiADwff1AWlYugLwmOdfvI8ULsTsqxGhrk0deZ8SzT5hNSFuM4rN0TKapT6RJKlAlQqumc2dVfzkiDRpktCKi0VEyMY2SmkgNNZ1ni6wjdPR7GGdMqsg0A4p4siFVfrVqoJUGSnKE/jxAcNZ1zAcj3QVayDfC6b2SZoVpe8naNbzOCEEloVF3mOJca6IJeAYSFqeFJv24SPy1Ln1CZ1tQ3KgVYE6qf63N5pRbbYja3jVoyCN0xw0Z57mLQlHLPy0upjnNfBfI1CfLwuZ6LBc/bqxfjZP/OT8dNf+XT80RubMRhvyxHIKaILNpFD8c//0rfe5MnAszYqdlutd7aVFPazzZRncur04dXTohxXf7wbL28Monc4iqf3H2qQa8WlbR0nX5z4RE6Fe7i4pYF7bVGBXyD5ZfFUTrDT60d/aT0ORkcxHB1KH211eXsqf1rrEx320TaOHw+0ZT1m24zjtitSCX0iE1BXr9+LNqsvTUA7LiqjTsficR/Cl+PAQTmPZbWLFRlxbsPzDSN91fv4zj3/KQoPz6OO+ZDlSaS+RbZwNXadJY18t0GJOrHBIQh8jpqUmVtJ2HUghoYJqoO0IxNdrtjgZ9xKHvUouB4F16G8K0KOjnSClMFPfwNJD5ieWOXJm8yeE5lsyrIIBIkCzvLlj2063zZCzQPGIbsRbnTKMGXq5jaB95HlDrJ9dWyFxGA6lat+hGZIhqyhEeAsSs1wBemKn6UDpzQbtlwAAP/0SURBVFBpShkoK6F0sxWU8amqDoakS8PTMaS9jLWYutphqSpptSUqqx1rKEXIaOqDrwwQIVyf6yk8dTCkxPymjEAO3mZAuS7qtFJlsCQ9cnJSaJXAJNbEcvs4Cp0nkNtGkXg0UbZO2vFUq69jOZyJHJXmbQy1JdvbH8XBwdgOLB0D/ywkXtng5ZduxXIcxGD/4/jGF16J19e1YjmZSH6pTx5K09p6sQ12mxWqno0+0gVHW/GA9VK6w+0K06NYPxnHv/VTPxpfuXEhPvne92KqFaHWd3IcqqNxYNrWyU44LhwKTgxxrF54ESHXwPjLs8PDIw3HPLufehWKbelTgDrzH7Zx4n7Thm2UKwP6kTHgWxw6XeWpH+fFuEh7E6spbo9YM814UgIHiC/0Sx2F49oXN67yzrR+lzdd7MfOw0fRKc4lx6G24zoAbFLHGvWgk21W7OYyHS4B5zqzbsoAnxx0ANZJgVzFVZnwVRwnHnB5kT1xjDtwBGTjhGmTcSq3XKeLztQvWxDqXKBcZI0eQlh/BLh9imEB4flU2mDdkA0B+TLPfLJ20JgSretVnm0sdeaJG2cEzazeKtvyCy41bxR4ln4uWKPMkKoKISAb2CjJUYQBpNNgM8EJGAH6GT63f0Y48rK7kFfP6karE6gP47G8r53vWLRsVUjUzrMhddRB4bqKDCqgDmgZAPBWfWxYZFqvbCsAG4E2VHmNYVVQnRXbI+pIgyc18hhgdloC32vliZD1QOvttCdY2k2Nj4OOto7HizGaavt4ONXKZBJ7u6PYVdjbG8e+8n7fvcYc2zDLGh/G7vt/GId3vhnrpzvxJz73YlxbmEZbdXNDJXLz9dCYIQ3tenW47cZJlr4ZTLYBCintO9dlT1ZuHTmvr77yXHz105+JixubsbPzVA3T6k9OiG0iDowfGaZut5zU0UQGl0ztPXHC6I2t2O7h4KgnTZL/t+jti6plBYJOrLy4PsjWGafl0Ykj1uoRGsYF+vcHffeFf5GVrjg1HBmO03XQptIuH7XN3lbnqosxyAX7VvtUW1H1lU4cDz+6ox0ya04qpstlI7UFXuqln6v9iOu1T2/dqE04l0NLw5q6SSYPtEI3gK52UGRIl/FLf3n8FNrc0mU/uU5yirED23CcOfOxirY8bGt60imz6u+5I1wWJn39pR05CILOZdCVmOC2ey5WPcqKsQDpdIDIVxtFb104GrKU7e9MJpQ6nwXqKUctlxxbMpUDqcDHoeYLAyF1KYE8ZcpUqJkSY6xMZKORk2cSUDKCGk3DaCxlcFXjmIa8gsswqMDXmOgkgo4qtw6KmYFSjmXpqMa0IQF1NhKzs0qH1kC+yIYIHEDMIKqTI88kOVDtIEt9liF6JhV6WDXw6AyfaeHXKqs9iAfTTuwcnsTocBLbe3JeCvs4ruEkdvZGcmjaPnpLqS2geKaHB9FemMTSqib7dD+urw7i8zx2c8w/UedgYe6jFysH66PwzLVI2qeIJtpZeSKWgakAb3cxH+fpxSReev2N+MxnXo/7dz8WKyuBvGDOiss/SCDbdSNUOspxYQVWak+3dnzfFm32fWPip/IcHmkr6sUuvC1iwhMG6EiBvlSF9QHY9nHvW9Me9SNnd6/M5UA9lrAznKLJtopXkevwmJPt5QsIvp6oti9pNbdz/2kc7ux5JYOvpU7fJ4fOyEWXokfKRbJwbnnSM+ZNW+r22Ct5fT2DN71lWL1mXKnAuvqU3PCi/7PtMbg8xxb1WCb8ovNiQCTYJxcMtCAZa1zHA4E6DaUOyzEu9U09SsXZZIO3toW/FpOoMo2qBZlx1vIqag6qPqbTd7bbRQaX6KvYqxCXNAl/K50EpJPDOiudus++aZxaUQgF5qlpDMmE0Cg0bxqF2A2XfUjXM6sNZn6YEw8Qe+tY5HLWtTMxvTVwnZ5A+jDB0N96oJuhxClCkPKbjgJPM6oeSvuMhAcqtIijDvDgkI+TMC+h1J8v9pNTkAyf9bSFS9oc0JricaiV1+MYxNZ4IQ7lrHa1BNsfn8TW/jgeD8fxdHgoRzaME01ot1FyeotL0e5eiOhf8Zsput3jeOPqclyIsQaqVj/Smzp58yr1oyt24lYAYlZV4OxEtBpxs9WWtlYZ/OsPjg97cQH/Hjdx7u/EYH01/tiP/mh0pf/haGg9vOKhLRhJAbnYiRUQ6ZPpJNZWe/GT3/jJuPbcFa3A9lUXduTXUSYbXIwB+kk6SPZkIpnH9BmrDtHKIWEq34EPjfT1L68KUiJXfXKUPNhOf3v15Q5SMfaCWVkbxKDxoQNb8MgR15aw0ZJWc+Pt/Ti4f19t1NgSvVykX0Fkh1D081gSeEwKX8cXsS8rqCGkaafpRZs0qYbngFTxuDBeWHQsMu1MZHeIKfK2nr4SXloon7JJc0Dnye1DWdK1XHLrvWMmdRlUyWenp0qot86ZCvVkixLoUXWFxNoq4XoLHpzbJsiTOHoWgUSyZ+Un/hfABSWi3CSp5wxcMwQOVN8QewtnwTaLafjKKk3SpByrLA2YK49qaGSYvzTA+2zIJJ8BTz3mlXHTKSSPjSzBdWCAmw+1nLpJuxNFl8EizceBPiCad41jSH3QyzLIF13tWHXYMVk6OjAtJac4gDr4ofcZTkfqU/TKYuuCDtDBk3KyPiS73hL7toyFdux21+LpSUcrrXHsylntjQ9i7/Awdva1PdQKbKzVCyuvk3J/0sbiIJbXr8TC4FwsaAKe9CZxZfUoXlo60VbvUM6EuhXkHaibCc0bIXhzq1dJnuA0f8EOS9PXv4TKB5j3lHEgztFpJ377/bvx4cO72untxOe+9Nn4sZ/4o/HuB7fjdLEnuo4clOrQaqmtNneoUrJxTByszPiTjNdffVlObMPOSq5NzjEdjZVQAM82l9irLh22n7WgL4TBrgXHxOr2uu4/6H3ZQMU4MlYZdIYvjMNcwBNVR3Us6QS414vHkfJZyr547r93O07UDzg4XrTIqovtLDz18gTjhbFufRSsoxR4NnCihT7HBLg6hpEBzm2kWYwFy0wdzWQ+2p5t87jDQOAVvHpn3Fp26kUbPRZJI0ef5mTvNLKSzk5SpPXk712Cd1IiFMAvrUw3Ayvi2PXO9Qt8JF0RoDR5TnIpq/BRVki+H4yuZSYsYP0lgX5TqCR4K2csvqYV08lVUqkys4lKUNqTUrRqyqyh2QpBTnQbhI+Cz05FhhURf1Lr22RFDywrcFp0MM3qKh1hgkLjOOkAdPZgMD2UomlkJw0ygCrXspQGZo68tF+fqi/4dMCltLSXMgZDoyc80sH3F1lWynEKuzAYpxGH3eV4JIe0pZVXyFEdTk5jfLwYR8OTGB/yj9lTOipavU4s9Rbi5qWVWD2rehf2vQLh2bzWznZc1kpnVY4E4JYHVh45oDXRStu57cBnTAX6Znw6lkonfqso85GVWJuXcPEDgBzEXnsp/tGvfycORtpO9bvx49/4sbh08Vw8fPhUjlDONyvyw9qMGdvUbZe+3UHcu/c0/r//xX8Z33vvA8nON5eyiqH3qB8bMUmwJz9McH1MKMsAWHExsaCDkr5gPHBxHz5uq/C1RtHkNUf6tPRnAeVUaUkr6a6T8+LpBf64g4v3tH110I3h9nZs3ef2k67veWMVdGSHnLuC2q8I5CCeXZ/NMVIDOGIXiLQ0YU43+jBt4FyNFaojcl+JnrTrKbw518ArFNsje95JEpRTXkXoAYcyKQfHlPQc8EPnXJHjVyBxWI61StniJXZaslLjbDvQzAfXi73EbRy8QiJNecugHOLCA2RdqauFAKXcsnSAztoK1ArMZLXzO/MJmS8yUUCRJ3KBqlDlIaZR8CE/DSqYU6ZKL6jCW8qJVUAuG4ysSlNiBXeGEXk2qcDEpe5GHrKoSDw4FbB+8SAyML7l6YPOkuktI4eKkhdJeQCWb3q1r5yJsr4E8na0PmtmR0ELsOLpahKNtPra7m/E0yM5i51J3Ht8EB8/2I6HT3bi8aOtePLoUQzlnLaf7MXm8iA+/6VXIrr8IjeKRRzbzjAO3r8d04/vxBkNat5cwT9X1xtiGeDepqhOynjmESvSF22cljRBPf8yiWL+0uTQxJ5oW/vPv/lO/O5v/o4cwziuv3A9fuZnfiJ2tx/6V0Vuk6D3ud0AIbV9ubLhj2AH2tYtBP+GrZ6RVAJ20RcaYS/RitiOC+ejUeIJVG1n+xWbwkdfMAE9lnAsBGiLE8P+zZiUAVwVWOxe+td/Sqt6Wcly3xf30PW1im2rDfc++MhvWeWiNL+W2oHoyL7N8YdQcJaX0lO3kofWFfEtXO1zoxvIfqEd6F+EWuT8GENWypOJ1T7T8S2c54P4nS9th9Q8agu6Q43T8A5CkD9sZBlxHfvQIc/OSWV1HuUlj+IgySuYR4HVF3Uab31KW90GulUyCq2RrpOxUXHGmseh0DZ5U8zP6ayDNrae//wXfw6i9NxzzFmHlTaew8jEN/mKU96NnpEUyE5nMEuaG2ujIVMhG1HqkAHRBWY7POEaQymuHei8+VK2IvNSXNNApRcmv4tMIHVwUriCR5YOysxaSJInVyrez8uQDCIMWocYbc90Ghcgdj0CTa2iI9SiUbql9PR0GuP2SQz6g5h8/DD2P3o/Xnnjufjaj302Pv/lV+OlW5fiysUzcW5jEPvjcbz08tX4+p/9sWgrf3g4ivbBUE7rYXzv1/8gHsvx7Z+9HA+7/TimrarK2wPpoU2GNODakmyjemmpbSwabkqdMpmVtyeinVrZHB7uRX+yEz/1A69E9/HHMdC+cPn81bh+7XK8+da34+13PojV5VU51B5+Lrenthh1IEZ2VJbrSiyI+OVRlWT96KUjx0Zuzbl3DBnwYDf08y+a/FihGNGo6OttXmVpdTBVP2jL5xORZPq+raWB25xb09J/qKXYyZJ3X1jPdAreOmnLu727F+sXL8ZgbVUr02m+Asi8VQ565Ikht05ClfGYKxiIKqhQUHGVhhWLT2iFNOcOxp/TEZBw0lmGstQtWh22nco86pT2qp+8FRK5guUqaSdTRKY8ZVI1y8qMYidTXpJnaZInQ9XN9QiHPhRRDnV1csgBsr7CV3i4DYV+RHiVB5jDWXTIfFOsjGnJK916/ge+9HNUCJEND15fPBphOjpFuMrUCBJ40juFMrOCGW3G2ZgcjJX/X3Awc/wVXAYepT044FdeIeWQJuuMcSXp9oCnzuzMPJNwfQA8gQ4Fki6Zkzb5bY+CB1L/3Bp5MInIHWY6lSnkIIQn6U0rGR7s0BQ5rCXw57yccKKTSq/bi4Pbn8SXb2zEn/sP/2J8+o9/OV78/Evx8hdej5e/+tl47Yufii/+4Gfjja9/LpbOL8XxaDfah/tade3H+7/y+/H2tz+Jlc3L8WRlPe73VuKkpW2VJnjWybU/bS3tbAVeTbTdz74mKBpPUK6PiJa/D4vRKG4sRfzpL74cP/nZW9H64P34tX/6S3HtxVdi87lLsX+4Fb/+y78R59c248zqwE5nouAL7VzzUkWj0X6Mx0M7Lzsy6hawUqIeJi/6NSsCOaLsE+nAyko6cR0L54Xzsx2L/X3/kB0bD2xrDatA33GBemmwZFqcVw4vfdEn7ivymabI5dKNExO/kEIw5MWQ2qKfuXxRJwGZp9BllysBj3GZwOnXiTiDHFPpdMjm2KoT27zILHlrZHn0FnzClHpI17qqPI+5QlLnhWmIZRuvtJX2eLe8wltl+huHV066wsNf65YUU0CYlkoOIGln88gIy4cGWcmb/mRO91JWpUEPTS1PqOkiu0JlMlCGfCUR19AZqUY6X5GZQpH8zsMSFXmCVB4J8oR3afHKCNfHatU0k4asaLM5SW8d4VGKMiRlIwhJQzYbTLrgJS+dS3akB0kp8z1Porcj0ZG1MWdzgDUGnecRHgejlPO5rM96s87Uw+0reH2JR0fRhXzqkw40t6dJDxxr0rBVW1wcxFBbqyuvvxDf+F/8dJy9eVkyhrE4yfu2Fpc7ERvtWL26HMvr7Tjaexid4Tg6O6148O078c3f/v0YbJ6LtbWVWJgeSrLapMHLYkUN8YV6Wpi3M6QO09O80M0bSrEIAVvwF2ExOYiXzvbiL/zIG/F1OcrdX/nlGH33g3j6++/Er/3tvxmnWpF99cufjy//wGsxGW179UNdnr/+AUDb7ekkLl5Yi9deuaVVWbbftj7mgWtshd1lv2Lf+niRn6VEG5WxEvKviW6Hes4GF6vqwcdBRxmOk751u/XdBAkpPatQQPLrwRjx9R/5Tj9WxbZR8UqvG9t37sXh9o6vfaGLWRVzEqJvLdf86TT9Y5UO0/GlpOtHWdF5TpUya6UG5EoJUvhocy3Vt514jq8cl4hBBjJVpnyOvRyH0JhPZcwf+pYA1Bha0rniS3qvNgXwI48+SoE5bk0ksFbC51ynWGUkCoHbJNm00zobC514oHPbSFOWdQPWRwc0DnC6qswDTlOfwFJKteq/OaYCDW6Gol4BUjM976AcWzmn0oCFeV6xHGCCKliRVyop3DFF2TlKF4WTHJxk6aidR0AuxqqDyMFMyWPTzOnjDlLaOIzsQL7U63o0KMFzFDnZhqzPoXaywPkSuz2Kq3y0SblZNx1ct58ni6xA1OGyy+nJUWxeXIq1S0sx1XYw9nfi9MmDGN+5GycPt6I1Et3BUSzujqK7cxSnW4fx/q//Yfzi3/vlWF47E8+9cDmmi1rlLJzEslYhrKh4kynysQL2YTXE9a2cBNIVPZhE6CdSX3uXY/rStfX4t3/yjXhh8SC2fvNX485v/m5sffgorg8243f+3i/Er/6NvxNXNjbjL/6v/81YW+/5BwUz2y6qUU5ycnQYz79wPb74+c9FTw6YSYItPJFUnQctZhEDMeXegqGHQr1Q/4xTUgMsQ4GVGHOQEWGnB68FJrASylw6TuwOL+3M3kqgH/L6Wf7y2JHNlnn8SFvH++99GB3p19wcTJ9Jbl4zSjn112R/IbaMAfd1QQO0t27rsH+OhaK3Do8d4VI36rOiro/gkzGUFpjji3GELGTUkysysh7GeY5FeHNMol7WU3E1JrhqQLFtpsMr4OKYqwyTWJ05x1fqg6cgnUJ3aJFT68g0rcnVG/oYCmsCbU0EEWloqdZ0SrReKNtGY4kgQLIh0znY5/NJDJqy6sjA5/Yoy2tnZMVFeQNnnXQ2dKrxDlla6So1+RqQCZ9lK09aH6XdXBuQtPk44FOadzBRzsQALCeTDQ1fpElAm2nFHDZw5tN25pAcytLZMYgsC5xiznCpZ+qU8mCis3UGZ90hsVwUXlqcxM32fnzuxYvRO3dRNKrp+DC2P/owtt56L04/eRAH7z2I3ffvx+0378Tv/uZ34lu//p3otwfx6ksvqh5uuziJw1Y/tjorsdfh36g1yfThwXCrq/rdNdqv8robWrQo++cWTVuu41H88M0L8ae/cCPOn+5EPHwUJw+2Y/J0FE+2RzGajKOtlchv/87vxpkzZ+RsL8ev/8Y3JafvdvLqHJqIxfhV88GDB/HOux9qG8ad8LKHyupkZ9zbNrYrzqs4ARSVEPeAOtbXtrSdY5xAig25kRWHiQOjHLxfE63G9fu9WF5Z0rQ4Fh9OtfZUkYsBMumYWyGYgjkWVafv5scztmJP28e1C+ejI3m0inHWTDgEIEO4XK0gE60Tal/jSCTYeeNEkGXZPsp9T5zSVVPA9I5z7Lhu85b6BPBD5fHW8LBVzPogrquhpE9e85k2gTztoZzRXdtmZyQk45oS0xb6GTdxliUo73KSSUWpZSoBbxalTmkLs/ANS8GJV7HnqQsrX9IT23nBQcaB6uYIqhAfzs6Xkch0Oo00TEE3AwVA+TQc9OmhOcwrBTnLehU0L8OdlHwpZ16HIs/ZLEdO0iWuGmgeZyMWXstBH6U5Kk2ls1zriBy0LeVVoKDW4bKCT4MrllMAa97SJjG4nHUAb37g/qqWtmqrWuX8sVcvxksv34jjjraK2rp01jeit3FOk3EzTrTq+vitD+Lt734vfulXvhVvffAkrly9EbduXtOK69i/1PGLH8NmW4Nt3xftJUdrLXlBVax6cOALSktnX2Xi2pTtMI3WeBg/+MKV+NNffiHOTJ7Eyc5WtDWHO9zKsb0bW7s7sT8aMQ99K8fvv/m9+P3vvhdb+6Po9bVdVfsQBXjr2NJqS86D11prV6mFWdrCdvBHmmJ32YPJ5vkhyCi/cXj5GJLdi8cYRfwxB7dITMV3fKTVqND1fWf9Pn8wq9Urj8yIL3tL/SHnjINGRvaYRGliow9q84YLP8Kk/vCEX+zGwVBbcPXNuWuXpAdvwkDfdEjV2do5CXKFUR1NjmsgvxXTTjUS2eCsF+1XsHOAxzbKtleHU+WAb2Qq8rgTD5KqQypSXQ49KNPqIA0dMupYrOmkS96mzN/0QdbruSWwPH/xgYryqnfSWo5ynmuEUkfCrB1OE/FlvoyTh0/DJJilax2tF7/w5Z+riFmsohL7Q5os8AxdxhZb6QouJ3BWyKqEcvLuIJNpICntyWNm6CCiLCEHt1NOY4wcJElH43KJnDq4XsoIAurj5+48g2gCCA+N6X1Ggg765CVUSJpUBjRpVjeZTx70r+3kqAMuabPMigpIW1cyKq8DdUEOpbU4isH2x/EnPv9ibJw/H/4HnaORJiY3nJ76rQxL5y7HmUuX4/JLL8f5MxdiWaups2fW7IxGh8Nos5KSk1pZ6sbZzfVYOJIDw2uIl5UXtwSwqrDevqAuHbW9PFo4jMHRQfzEq7fiT33pRqwc3NWW9Em0fW/ZseRoko7HMdre9w20B+OJ2t+Jx/vDePP2J7GiLevS0qoGOR4KG6pPdfCs4fhg6C1dq8MNrbKTHFFOYFqOjWwNr8LAYSrwxiliTvuRH/U5JXYecrts23DW3H81PRl75dLjvq/2aawsL8dgsORfLl1XlSfH5cefSt6VCdzP1I/jkv70XV53g/I0dve24+yVy7HIe8ZEyJ+i+Nql+g9toHEr3O4iVTLmx5KNXrIeOvqq15rgmI0X6k+a+bEE1DGHmJSd9TotGsjq2DeLYuZd5a/1m4+6oGMuCeO2lDw65JhGP1pIvjLXOnHW2cYc40AqbkoTZLvmoTpPSMtXqSFzlFkP+IRMPajHpMkrKMVl5SWoBSlACpH3J2MzkKQ8CflSw2cNoMzbxjl6ynLwKd8ok3WQhs5lOkhmmeRokHjb5U5siBqa3AYKSkWNTgRkGV3SOuq+PQ3KYElHRJnr1MFZRlE6W0HVBR7agc7e5pZOsKiswnrWtiUSSGebvCm/1udtECsz/mln63b8yS/eis+9fC1OOjiMcXR5PQtvYdiVE9vejunBls/2bInOra7G9v1PNEEn+cugzLto1Rc8uc4MOnF1uR8rKtsd7sUe793SZGzzFzpcoKd+rTBOpsM4357Gz37x1fgjr1yOpZ07ZcWl1dmpePgDjMlRdE+4YZZnLkexL532pNsxA3owiK4cV1urPAn1Cuv4VA5STpI731+4cS0GWgk93dlX/dwuwYV1+pzA2GBVmBPBNiPCZorlQuy4GAM5kbJ9OCFWVHZcbB21IupwP5m2s2xVV2UbHBlvpEWke5jVrfRz34Czc8rq+BXU9RXHBdb1KNVpd+JwOI4FtWFd28epjOyXSkJr2QLGAkLdphwn2IK8T1DGpbwcG7Cgi4tcZp2cZ2yYxOMDnOlki8qLnApVpmMLESC00NbxTD4dEG1MWwLwJqnoCptaUXCUOZF6OZ9pEllvkW8e1cEcIC30zOFlPUIZGht7XpMqeX03fgL5BWs54slqU6a/9ZXXvCB2QcaV2d+mVJSIxAFlQjYrGh3u0FIMeJKD4CMadyyGKIY0TSkjZL7GxRkgQ2nL19Hcrc5HFVbHkAMCfTBMabSJLM5QDWDDuYg0BUpDXzKuq5GT8pO/rNYsu0SlDB5okx552Tnk6R6QlZcNB37LF8gne/ETr12On/7KK9GTXtwpv/D4URzeuRN779+J4Z2ncbw3jBYXiRWP7z+WgxnG3Tv3YjxFRxyqHB4TSpOda0CH+7vRn+zH8+eX48a5QazIQU61ajpiC0bFx4fRWzyMF9Z78Wc+93p86cpS9PbuxKIcpDeU/t/IIznRo3zH1bEm+OHUzovrQGOteg5Vpmkdi4O1aC0tu176B7tP5Hynp+P42te+GN1eLz74SLJbWn1JT6554SzyJIeNZBM6RvFs+5iDlT4gZiLnoE9SVnMTraxY3VEvK1pukVjQFm9jfU118QtkPjmATpKguujrDOhIr6XTTGDi8FbYY94Mq/S0rNyw6/7BbqxfPBut1WU7Td6yCifjgTZ40nplRyuy/+lr97fpTG0eYleuMhebJ/XySqiMIRpqfcs4crlxma4B5+5fTF0VX+VEa5nQksaOWX/FkyONapWmnoAtp9Dwzdwg7foZ9PkxOEYPSEmWQhxY1b0i0Bd5fJ51bjVGtwwJRShQcC4n5vjj//b/5rQSQ5oGr8xJJKRSlCYjFzltYGXSoMIr1KqavBEYlzu4cwDWVY2LRJMCSVe+HJweYBizFNpo4mfQcwaH0EYHjSyoyAhSp7IML/iKs3cvdc0Y8wsUBicLfXYYZejNr3QVn3aq+mW7uIdM04UBqDLbB84U4JVfnvU0SXVQeqSv9eOt+Ks/8wNxc3Uce0+HsTzei8mTpzG8/yB27jyK7Xvb3qYsDXrRX+zG0Uirnmkr7j09iIOpBGjgcnGaP+PIvznjDaFaZSn0N3px6calWLlwOXb7Z+Ojk6W4rxWQ1kXx3IXVeE0T8rzUm27flqPaldvCXpKp7erCiRzYWKubPW1d97U1lW635Ujf+eSh6t6OLW0lH7f6cXrlhTheXvFkz5/geVWNHAB/mNFie9WNHfHHQk/9lrdnYKcO/wRb7WkT0Uf8sqZ+chpHxpiRY8Ex0m8CSHkVzuH4SEEtkXPtdk5ln7a2jP24duVaTLWVnmjb7QfhT7n9Qd5MzUI+f+jLQ+44fDs97CQHO+Alh/Q9Dl5NPxgex8HRSYwU7ms1evb15+PMZ16LkZaX2p1KmPpZEe5RwnyLBRpyb1k6H2X0xZjxCoh2ClO3cnZ8pZ0Ej33nc57U66WsLKknIVOUg+e6op9dRLKcbELaz3NkDnK8Z101719klUXftG/q4TGsA42tm45sg04Uos3758CjI3hkpvxsBycD6geXkWMDfZkZy1CZ56RQtW6g1p98Oa9SEFD0+kk5L6tX8G4UcWZBuIyJCjSTEqrCNPOwFcTDZHKazmLwln22MPB6OygC6wZgAJXbkCXtxiidN9IlkAcPDgG1geCq0slnEWiSSAH9a9nC1Xa4vcYVXWrdpBvWvH7gpbyKzUsdpcNzFaG8JlnqhqPKyZc3YFpLxwaxM0iP291Y04rnX33uJP7opy7F8fplrb4OVbak1Y5WPZOJtosjObOd2L99JzpyVnfe+zDuvntX9uvHcKLJqLomvB9LE5Y7I3itMY/ktDQheVcVr4heXl2K9euXYvPWC9G/dCnaa91YaE3iRKuxhf1DOT4Go5yPtpdx3IpFnIVWT3Eg5zXk37mPYrgzjrsPh/HRg6dx//HTeCDeR931OLl6Kw7VHq/+6FMZ3i8p1KpoNJLu2kW2erx/KycUdDgobiw1vezkLZtsSYyJWDGlrbNvsHNuH9N+3Ex6KKc14TnQ0Vj2nsby0qKvAV44d9Fvm+XC+4lWjP4PTDmcbm9RW+5unD27FhfPbcamVmhrq1o1ahuNMxz5F1F+DFiQXadyXkcxwr7CHQyH8XC4H8cX16NzVm2WbqjCtTZJl83ypEwvU1ZXMExgxkIOpKK/AjEY5o3p5AyaMVPGFDxeiWk8AeYVZLaOWcmCvMimjJGLnXMLRz6B8VZzlkuarOUwdhlDZc415bmSr3UisHGuyLeugD1IlpNGJCnrVHQtOMcidTuNA2o5wyfrpsp0mGBpZyGgGuEt+xt/6X8LSeKpqMQwo3UqDgN5zbtqFKVtfB32wIUOsDMTEWXpjBLvlVDBUwdQipp8VohMKihp5BXgumq9e9iSrAwl4pB8BNZ2zCDrs1TTmmxGixDFuZSFTnl96tI2VxSKRUf7OSt6QgntlaR4yVfHm+3POmHMDilOD3kMpJYmhrJXxo/jz9xajB/8zAsxlfNq7X0QJyPVoTqPFrT1OdbKYhjRHqKAVjEf343dDx/Gw9uP4q133o+h6HhdDXdDtOQYWAGwReMif6vXlpPgmv2CJm47ljVhz1w+F+tXz8iB9UXXjUVNVo1Q67UghylPmCuusSo9mPqeswnvFds+jHuPR/Fgez/uaWV4m/eMnXsuhpsX5Cz4xU+2tRPSBNTSBducHC/KEWh6SyQ2yDvooW3LaWA3bIv9VTl8SpAEYUemD7+UshLnDbK+qC4kt0rgvPijkkPuhpcLWV/txsXNM7GxcUaro3Ec7G7jXWLzzJm4eeN63Lx2OS6cPyfuBW0D5XjvP4oHd+/F3v5ejCWDv1rjOU30zP5c1NZYfeq3V3RjT6u1wXOX4vwPvOrHtHgulecqtbCzE+NHkLwPTU3xWKBxfNI5ue/n2ucSRYwRyqCx0/CYgcSUdmq+5aOYI28NYRznmAMYk06nwCZOR0M5nNRX6nQuYxCiUmsYuzqhSo9ceCQ/VJWekzNgPjwUyCIvdWGGMcaJ9e36ch7U9swcsvQvDhP983pocVyV3vzm4suQ9aRGdl401OB4ZlRXUorgN04NQxToxqlU/nkQLrdWSV95wFsxZVB6ntf1CaClg8zT0KuMYsVEDHQ6vTpTNwZaUiqzriWfUlP35kxiOSmzqVd8BG/xZCSnVUcthz7rzbwx1CEc4IHGgC5pd5R1dCWegN5qMqi4ZUHbt598YTX+9a9d96+BvDW1//GbEffHMdnZj/HRUJNCWxs5gQUmR7fnbVLsRzy+/SR++dd+M959uKXJeS021tY0obhIfaRVlabWQtf/9TjQaqPTW4jBoBWb59bj3OWzsXxhMzrry7HQbWu1JYfFoFQU45FWe0qz4pDTOhmdxkgrv4P9UTzZ0YTX1nFH+dvbe/HJcScOL92Ig05fhlO7dOQjZaexvbcth3AYK/2NOJQTwA+xCqmvbebks9hhRSJWVYf5bPsyMJVSOm2aUyv5fQGfPtByaHyk7XNxXiqJzbWluHnlchwcHsTTvSfx2q3r8eUvfyFu3LqhVdVh3Hn/btz+6E7cvXM/Hj/e9l+nDQYdbzf7slN/0I1V2SR/lUW+VmOTo7y+d3gSD7YOtPUexKUf/kL0NtfiRKszXr6Bg7TGcsweC2prHUeMktnYmeG9A6k0Ls+2FkkyJ21mx5GrMTsUygsf4BjekofXjlf5SgNUspqpq10gHQFZ6eQaUh/w3uG4NMtLgopsn6oLfZa8pXxODnTQ2GeIDhwHjspUKmcuuT5kmhOZte7E1GuTtMN1oobSjfNyJcYUtowEqk4VkPXE05EALU6mOg+BmEypD/I88XVINcvOMoV5KNlUSBQKyHOjigwDeHUOj/oANlrpXIPlZ2yoeaDgKm1tJzGGa+pVOW2kuLGHwGkO7KByJlLy4IhmMhsZ2GROboWsS7RKs3prjbfiZ1/qxp/6yg05padxvCPntXUY06fj2NbWbO/ekziQczqSw+IXtLPn5XjObsaDO9vxyYdP4jd+77vx5uPHcVXboNdu3owlzaaj1iH/6xVdLQm60q/Xb8XScjcG2ipeuHw+Lly7FD2twPzyrUXpeiqvpYnM64+1nJGD0bZsdORra+PRNPa0StnV1pKL9dz3dH9nNz6QU9tevRy7S+txJBkeAWo3zotfQNkacrf6cCh9+IcgtZiTBvdeYR/+dn+BPW6yGefA3PMZPQcwhtK3yzjr+4WEosGJHUkWzgtnPlF6fXkQS1pl3nzuXHztB78aLzx/Iz766OP47nfektP6OHafjqQDTnwQm3I+Fy5txsbmcpw/d0b5M7G6thLLa8vafmrFypa21fF9ZGOtOkdq+5PHO/G9e0/jXW1H95d77BSjI5OdaFtux0UHM0nRUYFx61sqdNQTcR0TtMrty5SEJL1PaqXdDBQOX/Mq4wh+wHjmgmmKE4INe5X6XQ9VZHXP4I1SugJJrpdSv/Uu9UBovqITXZMOUmmXJTPyLBVa+GobLDPrdKyj8vNVdczrY8WXqG47MvMjAhmU8oWc5KemhZ/6y2wboXSZmJi8SeSGMkEhtLQEp02T+GbCz5WlQrPrP0x88ik3HVKVW3lUCMZJcNZ5Lu+zAXJAUAKNcORzdYMhciAkvQaDiuv1qvoLV72YCR1gGd8H8Ff5xAivNsmBlnRehUFHhxXAqdL+ZovJakwM1M9KgpYxwS8tbMWf+/S5+MpLF2Pv4QcxefN7MfrwsbZZLTmY9VhfOWNnvT8ax+j+TuzKad27ez/efPtjbRfb8WA4jQONqOPpKF66fjVunD+vOrX66nWiIx17qrvHhWxtETfPrsW5i2dj7dxGLPSqHlqlcfc693Lx8LNWG+MjOQZNWCYtr6Hm1oj9/XHsaSX49GA/HkxO40n/fDzubsS4y9aTs7Q8HnaWxIPhXjz//M24evFS/NKv/KZWRTyqxK9/uW3EcPy9GbsLbFLtiP3oX/dFid3Lsi2mzW0VNLl18tsnFB9Jv5G2dEud0/iZn/hyfP2rb8TjR9vxy7/ye/H+7bv+t6K1laW4euV8XJPjfunl5+Pa9UtxUfkNbSN7y0veYi92B6q3o9WUtryyqVfJp+pnr/awlny7nPrf/61vxj959504ZnUrW/GLMbdheEvFuOCQkjlG0DfHmtvCN+3DWPowrLKd8BXHBZXwuRJhvKuvcCbQKoa9jss6HilEX8aXOC3bdrNTKxUJUj58ziLSaeYGf5eH7v4ImSuipLd85pLyJdfgWJ6QbRYBcFjfrLNW5khfqS/0aRfA9VE/RAqmzQLjZu3NkEXC/9Rf/t9RSlZhNmHRwk6m6GCS/DKqcUDQccBnGQKl6bxmpVH4yICz0wBl0vk6E5myNBZUR5VpedDYCYJLHi64Am6M+Wd6wO/Vm+W7qAH091lAgOzkfRaqHNpX24MMtj3cZGg+HdZdQJ40B2nAesHUSINuIUbTvfjh6734X379M7Gpbc3RJx/E4b3bmpSi1Jbq+PgwTseHWs3I2XLBeXwSu4/243A75MB24te+8734RPke91ENd0M+Ij5747m4qhVEt6365fQW+51oLy/6H6svnt2IMxurMVjqiVa6aAWhBsmrKKhOLmqPWcWonqOxnCIrruHIb3IlbB8M4zE3/F59JT6Z4jiHvptdHs9jAAd1iiOcTuU0OZksxtYud6izguGmUl5RzUSXY9XKZt55oUamM08MZI9QmDTcbc+EwnmxBaViHO7O/l587sWr8b//K/9G/M//7Ffif/qV31CTWnH23Ll45bVX4gtf+Gy8/OrNuHj1QmzIeXdlgwWtNid7Qznm3dh7/CR2taLcurcVuw+fxs7uTox3dnxNbaLt+lFPK7GVlRhpFflIjvBRv6sN+kK00UEnCHSk7VzL44eCegPq/Iiq48QnXxzBXDuJffIlbQfhQtsQB5En5OS3DCRDDhkHcsB7nKfMUtyUmU/lrgU66jEuabjmxVt2S3HDV4E8h9uh9jlGnp1a9pGWKlCKdtZ+y0mBma4wJ4801OmcwVmK0aQBz71aAg1147wsUngE2QA66sT0BBcOQ0JTGa2Q6WEmmQmXCazOHM6KEqOQ0FmuOtyZRVGlK4+BtHkoxBlJH1AqYkVXz9TwmC+FZtr5WbnzAsuyBLXRK6RiMPQAVPyM47F+zpoeSKeMdbKo1p18nG2zTpycV2DiyzOX+KAR+Wh6GD9yqRM/ey1i8L1vafBr63PjlYi1M7EoR9Jmso/2YzrWykJbuM5Yck7X4uhoKe7evhd/8+f/SXxyfzu6WgFMtHXbO57EoLMYn7p8Ia6u9v1ivalWWMddbZW6rdjQdmhNWya2Re1+2++9ogU4AVYXEzkB3h8/5iZUOa49OSt+dRtGL/a6KzHWKuX42svxZHcUb3/7O9qK9rX9wxjYiVbrS2lQx0djbRnHyvTUX5r83D8lB8YihP9s9C/FNjcDVs5IIU8k2dfZR86W7YzKpSOLG+jtwNBbMau54Xgcr924HK2TrXj66GncevmF+CM//rX49A98Jq7Loa9vbrp/DscH8UQniA++82588p0P4oO3Poy7WsnuPrwf+3Jex1rh8g6cE+kry8TRQju4NP9I31uDXpx95bV49cd+NHrnzlqXFs5UOhL431/ejKte9kq/aYfK3O9ljDAOSNNC8NVpeaUFSWm7x7rKhZCMtFMt56DvkJOTmjKvgeTYcUBQUDX1JK2h6lQhiVR54hnrWaerTFwhq2lkuK+g0WG8iC1GRiHOH6yYVym+1lljoLYHovly85d2gTYJlZFu8KXOmfMqTdQXk9BLRtJ2MKWA2kpFTpfYKxuS5D2BiyLILHTk2UIV7gQXZbm3Xyq0ou4IKarDThT5hZ/BQVnFwV8dT9XB15xKRVlSyoouSmQMkFRhdTxeUal+6yHAAVEPBwMkzyqsxKjfJHakvqgquWkv6U5HKp7VL/3RmbS+TlV2/eBOfH78vfjxz1yKtQuX/AD07gcfx9GTYRxry9bpLUZHZ/zjk25sfXI/Pnk4io/uPYoPtUJ4cshWTY6AcaIV0Uj1bY3348Xnr8etc2eif3pkB9bt8ruYFlsdOUlt1wasxnjtcbGf/2psmhemRxr3vJrnYLEXh+3lGC+txmTjbEzObMbi2tkYnSzFe9/87Zg8vBNry8saxOiQk8ZOmsbJfsf8CKBJr0VcHCk/lTOgnF8Qsaf/Mp9D9AwzxlraOG2TXxUKnWiwqcSZFnuzImXFeMwD46fj+PQbV+KnfvzH4ktf+0JcvnEpWnLaIzmlu+9/GO/8/lvxrrbl73/nLTmwxzHcOtDqi03tSQy06ujKhvrEaUs21cEvwVMZbV/2eKit5cYXPxeXPvd6TOXERvS12s2LqKc66RzLAIweLME2kTHAOG3aQcyYczvLzqOBbF91cAQmqIelCuqY5dpXHYuAT5BOzaCueGxIFTL60rlRffZ3DdVpKuM8tKDS+WU68RlXh5WQ9NC5zsJfY0m0cwKQk+1B5kwH09a8ykGVaVxwlmJbNjyUFdnwLvz0v/PvlV+lk5NCF1iw8GUCmrXga36eDmSdnJUOoFLvnx2nU7Gz0cfpGgsHrWXSuUpbrHnmHIryaIB0y9TsJUcaJHSuV0dSAUV2sY5108d9DblYoTdvZTFPdlhtJ8E6wS/IgZirMcBb6aKH69anDkR4fFJAJnSa6Tem2/FvvHE+PvXy+dh569vx5De+GcunS5pwe/Hw4zuxv7WrrdxijBS29uS49k/i8cF+HHO3epubKrkeIgfCzYrS7O7eftz8ypfixkvPx8Hje7F2PI6BnFIHx7KomN0advbAkM20zTmSjJGcyTFvcu0vx2SwGkerG3G6vBrjXj+GYhpKX63lYnTnUdz9w9+NFTlG/pSC8bkQ/AGsnJW2S6dsxbTVPdLKy28NWdDKS23HQXLNSkYw3itS+tcBG5W0LUW/pt0b0ADFjkwsiTIt/NxCwHWvE21hX7p1Lv79//Ava4v4hlincf/2nfjut/4gfucXfz3e/d1vx8HD7TgdTmNJ29jlFdlOtpAqvuG0I+/DcbIoWYw9HoeSlImc//ZiN/Zffi0ufv2rcThoxfhIqzL6XKsurhN5xSQe/luSFzrSiuY+Kxon8AmYZijvWDymEZ6JC8zGVNpCqUYGoTobbFCdn8s46Ih5EB55acdSRlRkGKek+dHfddEnOBF4ytivUGUgxHJKknqcxQ754wTHPK/LLLOwlbotp0C1AZBp2py8xqEnh3Rt5hDlP/Xv5DUvV2rMbIuYElJANS5xGiYNSsfZcSiYRpPDBx0DXjI9qS0PARbijLNOO5GxoDoZV18dDoz6uF7Jbhwc9ZIXvx2FYg8K8yctYLq5AdW0ofBWXUuhcZlUrDLGBxj0qWUMXK8YXZKDFDlZLzLB8pM3r/9h1YCu2EZnbJ2hL7cP43/15Ztxc+v9uP8rvxTtcxtx9atfj9Pt7Rg9eBQH957G9N4kDh9N41tvfxLfvPMwRlrtTLudONRgYeNn+e1FfrGPO9t70f/iF+PVb/x07B8eRH8yiq62VB1NuMUTbYm4zmXd1Wedbhz1epIlp8VNpN1+jLUy0/nd13n8Pi3R87+MtGtl2otHf/B7sXf7g9gY9FluyiZyRqdapUinRTnj/d29eO3VV+OLX/h8/IP/4efjyda+Ti5ykHIyjEm/11581d4ZMG8OcNuLtNqEvejzpFEsAVzzYgBjR6+8FPhhYrS3Fz/2g5+Jv/of/ZV4960349d/8ZfjD3/1m7H14cMYaHW6oXat9tpeXWmNLPvLA7by2hSP+hBYifpEprr5Ryf+9l8bydi+fDlOfuhHYrSxLptPtdrKVfYi6yx009GMdcnLfs/Bgv6mLeMFfKYgzbHaADwFQDe2wXCQzZXbWRUay1ZwneZJuhrX8UvOYiQv04xj8oWOMtF5jJIRoKMXJOZHd9LiN02tM3mpo4GsgMmafK7IJQJhSCMzE01ZPdGnYkUXZ411eQV4Wy996at+MLuo0BBWJkJOUJTIie7yElOJn61SZ6rb1VidlVyERjYR49FGKBzGlQ8FxkngLMov10GyOjA7IvI4Q9VrB2Yo5eAFMx2zkQ2AdnCB6ShPcqVdlGWGbEKB2v5EE6rjShlJmDig4konK229Eagsv1Jxe+X24/ux991349LaZlz5gS/FZFUrmeGOJ9SgtxyLk3ZsP9yN2w924tHuKPwXZRKBKKpqaVvo/zGUY8BJbMtZDF5+NYYr67HPyml9I/bXzsTBmXOxt3429ja0yjtzNna0HdxeORPby9Atxf5CV9sh3tjAooKBxeRSPUqzPTrZG8fTd9/zM5a80+uU7aJ05FoWhAws/mSDv+I/2D+Ij27f9bOUXA/CSUDLGEFxobwisx3suIhzUOvTpKExrgYhoGVQK+c8MJpMYqnfige3b8f/56/9V/E7v/qtWJssxNXBUlxcGcSKVkzdthxVS6slrbZ6nYXo99hC92NJjq0vGxK6SrMa4y//ufi+r1Xa8aufjulz17Wd5i0b6kPpi01osyc2bWer6H7nJJfO3g3BfihIjDHRXbykGxrnlaY9yIVYsVMwWwBxJiyn4OadIqwuqnQ6ah3Iqk4IoqQBK1CS2lxU8o5Ek4448zm3MoNsyOp8cFoH9WUdiXMhYDa1k+8ibwaFWAFe3/QtIG3Z4Es+hZIvZT/97/57mRKgcBVejUSJ8WZItTMtxWvjTFfKFrLMYLnFMEWesslnvM4cXMwuNDTedEnmNGWOSz1JkwMYfDUYR93C+SY46eBbJCgp9bsDVW56BR7mpczcSkDjwQevVxaaHYUXMI1kVjmJzXLOsF4BFpyQM90sg1DsYjmKFdrTw7i+/TD+9ZevxksX2vHk/bdi/PHD2Lu/G3fvPYkP7z6JR0+GsXckfRY1maQTz0Typxlc7+ovLVlf7nt6ujeMOytLcetP/2txcuVGHBxNYlGTMv9cQ7aRJ8Emx7zJAvupebyUED2IFtg+4SD4Uh+5P0XL/xnuvvNxPP42Lz+Uo+TXN1mAa0M+E4v3RI7raMKzhqPy3nptzTp9dle+5oVdaD+vteZGVvwOdvFKigQU5JUmb7tBw7f0pr/pDrI8zuMVCQ4TB6lV5Xj/SUx5hEd6rGtF+ZUr5+LWoBNtbZ2xNY8jddUm/jFIkXXpSFhLduTXS78QULr534KOTuXIF+P+xkZsayW8c2bVd/VbR/pfKSvPOLDOuULBJl4d0Fjjc0yZSEA/gUsobSx5WKAlnzdxMn5mK7c6xnyZRAbHLrlqSn5/F1noUOt2LBxjsTp946FRjrLko0bx0p8mS1mmT6oc44o9ri3Lw8QnJ4RJrPHUic521KJJG6ReFapeADHtQb6v64kOWvhqG1wfYkgrAK2Xv/yVn8uRi5QUQ5yd4ZzzOfHAkE0HUukSj/NQRc4DiksyWWuGxussTKuVccNIGS+jZI3GW3HnlBe9nVFpFLSV1/WYNg/KEge35LguJkyW0zL/0oghyIvX96PpYICRb/bwtQ5Bs9ITjgMb5gpFA1ptYlvkjqzyipGRYaMr7RqtD9dN2nHcXYqxVgHTw904+M6bced/+p24/852fPTRjhzXTjzYncQBz6BoYvmNqCxl1F89yV9i9cAzjKrXslXP4+Eo1m48F8tXnotDTTjbQmCHLNU6DHz3k0RqNcRP5G43zk1tArCTV0yKwXTVpiffeScWhodatbTlOIVV8ApEhERcpOcXU15p3ZNzYwBOpkhmjKSdEGYnSo3oIUY7LtJgxWORFUeaySBWzFptyIX7qbeivBZHA10nAHg7raXoDFbiQFvl8eF+XN1cjU058+VBN9ZW+rGqFZjjtX6sr/bj7JlBrG4MYrDej/5yPxbbjCutNFXnWBUd3bgRuzeejz05X2zl7SEtcn9KEaUZk1jYTryU1fGHvuTrSY18OqJMA/QLhdB5bCNPeZ/UyUOsAH0d/5XXQh2TwJYyEln6Rrim74s+85CWhIaRPA/oTEnWaf2FnZ934JlNxkNjvgTrW2AuOdNZMI9vgGIF0ylQD7Jcr4o8h4sINKKs9fKX5LyUIIN3Q3AaO3Emdj4rTVTiLQycDijcjFJu2sxYThNoPB0AtYnmygjmSB7K7BxLGeBGlXKCVRCiOlFLcN5DSh9hxGODFJ7ko/40EMGCkEB6LgYyXegaSIa8hpOda5Qy0LmDTVLl5UqwWNZYu0sNuEP5pKfjaTx4chjbD0bxYGs/tveHchLtaHUGYuYajBjowI7O8tr24CAGg3a0u0iXm1ET+dWL1VfnwsVYvalJVwYc9dpNeavH9bYyIFCc/igrIRwv17nSTtJVZ/m+Ju30yVbsvPdh8K/YeYISDdW6zZpQknd8PIzLFzb8qNLFi+eiP+j5GcLxOJ9lVEVysqzY0kw+cShwQsVOHhPFQYGbLzcN9VU68DpL89JG//kGr++RDaiDLS8vWRxOxnJmp3Hj0rk4K6d1/kI7Lj63Ec+9cjluvHo1brzxfFz73Etx+bMvxdXPvBhXX7oWFy5uxoocmbo09jRuhhcvx7bCRDJx1NhRaJ8T68kXXVAsHUTi+AaMawDatLtZwECvT8oo9NAIP48jTXC/FOnz+Fpf9rWUn8N7vrm0zDcBMf1rUKHzps454aYJkk6Z+bxTSMxx1dRTaGo96CotmgLXAD/5VAik+SvkuFOiyLLzJlYwSl9VDmDn1TTEkIWuHMUssEhzXNNks4zDZehKUcFXeCZNkHUqjsHgjsgcxK7bUNPOJi4HDYk5GTpcZymresNDmcvhLzw1bx4YTJsTk4kIvnYMkPrpUN4OiLOiS9LgdlwCVlvISXtKd9FWvaC3PKuR8qiPgqni8WLXtyYcrZyJsbY7+9OJtmFazfDYjmVq0rLC6ir0FqLTa2kVhEPAeUxDGylv0fa0dRstL8Xayy/FSPXzdlpWV94O8GsaB7PPbZMWaQBPTl6jzH1YmINiHMiSHM7eR3djePeeby491cpEisORtuIOem1Z1Yq4evFK9PtLcrpa1WmliOPyVkMCeQ8b9nCDFdCDLXDWUwNbpuKw7BhxtOCxH4rWPpGT0uprPDkU3USB3waRlX2Lk8Sd7Y+Gcen8mXjxxtl44dZmvCiHdfGlq7H54pVYff5KDK5fiP7Vc7FycT1WL52JDTm6c5fl7MRz0u3E404n7g/WtO2WXdyn1J19ngcY+kap/AjBOMlLD+hK8GgQjflKaMDtmY0J2lXHTUIpJxiX9SHXFPqygypyss7UEQws5uW70CQobdp5HLplP1jvWo9lkM5xbl3LmIcGgtou0xc5VEFkUCLrKvZKlL8tQ0D74XUaWmTO2aKR67Tm2ytcsFcKhaoCLiydVVctcLmI+pWoFZrHAozOM1Nms9xffFcZtURZJq8obKiqJI0vdHUlyFfyzRpnh2BdnLVajZ7GCJTA2ZiVLG0pACqdUoJXFMrQLuhrB+KQrI+pRKPvWQdlAHJiZlmWo0opR62a54BWaabcKQ6DcSDDHWmyHJ5djZNLm3F64VzE0lJMRMvzg6enk+BffjpadfHOex794UK626ezLX+jxuQ9PDqOfa2WNm7diuPlVd8YSpumcn78db23h5KDvk6rbvTCafFvQvxyiI68c577sWJ0GA/efDcWtRXjra1+dAZb0VhBvupGrkiec2d7GHfvPVR4EA8fb2kiyv5t3pmVWy6A8Y+evmlV/Ysc5oG3h1o6SgXTaA7biTkPkRMZafQV/Tui5X4vOW9tkXHKU1mVNkj5ODhS7ugwvvzZ5+Plm5uxfn4tOhursbDErSZqC3eWInSR1+FwbUlsvcVYGvRjudePp0en8eFxJ6b9vuphtYl+ZUxWVp/IdFBO/9YALQTQ13Guw6w0zDQJHvsyD/g6jrguCK/r89ik3lkMQGsb2lki32L5tr3tbIw0phYWGWQ5waoEZyRaSA2oZxm1vkRDx8lQKJfhoDnJzJ/oIa1y3H5jEqx3pVO6aQ9HybtcgSN3T2ThSb5MwaOx9dKX+bUxK8jimWBk+asInVViKgsxmMRID+4s07caWIjJZb6AldZkqgrnqqVA4XGR46w3DVlkZDUm8lLZ6Kyj0szSMzzZ6qixSSH1ICCNrLr6yk51qWkYEMY7U2KBjal82qPoAxgHJiXk4M6O5m5sTWnfZyRM0kk+Z96RnM/p2nq0L5yPRW3BTtbWeNGDn7vry748fuM7QtW3rkn0OBEcAKuvp1rxrD/3XHS0EuKZQk8IsTDp/WuZ22FGB+XSeZTBXicCm73J063Y/fC2L27z3h1+ZWQ7aUJ9quOxrFOtrqRLi1ftQEs7hM9fFHGM1IFjIlbQEk2+x2+JwPmlLK3hVEY7IMahitArwzxUE21R6PA2CDkZ3l/mN7WiAytU6NlDS2uebXz5uc14/YULsbTSjfbyckRX+ndxqHLY0hHQopSKQ8tdNXoUOgvEk5Gc12kvhmoPFXulDEgX9776ImNQrr0WW08A26dtc9VeIedCjiHSlGcd6UhoX3VOgB2EjuogbT/6S3RVB/czYpAFrWUpbZ6KJ5v8WTugNI6i0Dpv/WYy6pwgbV5kmrXKdJRyCnhOz9ED2ezUhzEBOKryqJtDedrLp6Cdb+SrXLJKrYptGCmbFSUXvijxwhEstApSGgIHiAnQKC60s7R4moYW5cjr44vnGrVuDGVmUlK65EsHMYAmYXF2Wa8pfFgX05cycyAqzww2gijqIKogUtPQQbkq4WbD3Obg9bPd0k94dyKyxE89XqkVOaxg4KMOOqy2pXaa+Ru9yrcHPklNVEUnxf92TkR/0o3RSTsedXqxdfFSjF79VLR+8Efi9POfj70z2lZKKX49O21LpjyM9REzpuppxbHIg9yPntj5qGpDXpDHOeQKggNV0KsoYpxXW7RbuJ7yQ8nhddBUoLWN7cXredRAVPdNojRgQY4IxztVVos/B14aONXqhZcGcmGdO+K5RuWVmvjTYbFyy+0i20hvJVWugqQpseepOt3vzpJy/EjBu8u6Wq2uaIV5ZkNbvs1Lcf7s1TizdjHWl87GcncjtuWH3n6wE/v8RCtXf0KH4vUlV37O7fAPDzTCnhRjcGI5Ca23oudGYuMcA+m4Sx4qFOOEgF2EyzGIvbPfMVKm1VfQIkwhnRKjgTaSttmbMeNxTFp8KmlorI5poKfHdEAjPLYCkqfQOU1fJb/IrYvl16MUJWT9QKOXjvkTMu3yvBKjV54IQJciE3Y4TaPDdmv00LfkItu6Iw8Gl5VyHRWacgWO2g44dGJLZVO4wMwJboQ+8wx5tqGsdFDtNOgqp9IzXg2SgjNePMizAXXghLJTk8SgBA0GT9WWJZifaKTdMfpAU3XOvXjmMB7XP4Bah2ktNOVyTYYytUD0GrwC48XLwKTTarvQierr2RAd0jZs58q1IvFlZymUieYJKDrzKobD/+It/XmnPNeIWIkx87FJX5OirxVOS57pUKuZXW1jnl49H8PPfS7Gn/9S7HIRWSsGbMh1MPTtaGvmoO1QV3rvP7ivFYS2mtI/JxoTn5sxc+DZ+uiPvsJ5e6wD51F1DZygtn+n2pKhtYaceBTLTjxbyOueeS0Nt0lMtTTk78j4+30e7D4aZ/lUWzo7LTsybiyVg1JbeYIIx3YsPlZe/HHH8SkPbx/Fovok/4hX9LaWdEa3ogWHQRH6Z3vog3YM+iuxef5SnL14MXqry7GwvhFbi914OJSu/DLqlqmlsq8YJUCK8IQATyrEofI4sLYdJW/tSccGByvG3Op6fLA1lS2wKWsiQhlcpgdy8gqlYFsbW8aRDVwhx3PWUmgtKnckyQvNzAkgwA5F2ZxPyMwy+pF8leWgtGkU55jPdlQa51VO+6qerPayDdCCsVJZpnFbKVN+ygLAen4q1DlCKOTP6Gq8kpZB7PYpCE39nj+isTzlK1B365Uvf81/wJFyaTiCYNdXcQ4OxqdCJhByXnmnSrlpQChg8DQU+2VNWCap2cUDHUkO1wVvYkwjAfOdkAZIo4PPhlfapCHvo6FhgEoPVlbSIen87TjPHKKBT/SW4VK+UhYdCCDPZ1oB7YEIenTPM3DSACnTSYPrsnzK085cZ8Eh8FgJ1xJclwjBswBAZ1wKcCgd9tTe/tmzWnX14vDRwxho0vHX+ng/bMFzhPIjed1Lupz51KfyBYZyNLTN75dSPbNnC/mWfNVJqmrGCYVHj8aPn8bO7Y9VB1oeR8vv4JLj0YoJN88tC7636/AkJqp4Ql46cV8Xf1QxluPiX4S4L+uIlddEvDgyXiR4LGeFc1LMr4U4DxwRD4mrshwndpaYkTQ1ymHgXISfipZVHnZnm6laxaP6psPYGe7EcXsaK1cvxPUf+HRsXjoTF5cX4tbZJTk0XuOjE5p/AWXyU59kss3khwdWmWO19+A47h0cxdun3TjoDayP9RC9x5GSxE7ajtmnVVuCxwbB+Ox/xkUdY0DuLFJGJfRJgkP5tEOZB8p7Insc5YkXsDzhYSftsTcPyAYgU2RHaQWTPh0G/EY47ZOeUtDRzmYV5nnqlPOWI6htMq3qJ3abBJS4XB9wJH3iLeWzOUMZRMrA1OBIzNJk0TXv82oYmPCUpuFSkAoy40gJvhKl4W5DKOXB785UPnUyf20UgA9PAyljvPJ0qEvngTppVDnr1EYZl0Zp8NWYjkp9JU8ozUq8Ydb51RFl3knrAxOOtZ41mrNfk056Jpv5hJ8JMEKRdClt83ZXR24tc6AnYEHqyUEJltWY28h1LX3oVvTgRX/gJ1pZ8S82Cwf70dnfiS6TygNGjkHpY6Uncl67chj9Wy/4j2uPit5V/6xLfK6bB2a0elGaKnFc3G7AfWTDuw9j//6D6KoAp5STAmeutshzDKXD1uNHsbu9E6PhMEajYQwPh3F4eCiHduh/2J4o8IJCJhqrMP5vkT/AwImB41XAvE7ZD7LLPFwHA3zGpz47s9SQ9+wfn0zkGHnQW06P1d9kpFXfgR/MDtXd7bfiyks348bnXo/zitevX4nF7kKsxCRe2FyKtdUBnll9I8dlx6FKVZevd0kHXvETY8nfP467e5N466QTe60e3ZZdq+DJyTgBIVsRUYR9SeScyDzBtALs7j8Dwfrg6RP1GWk4GDPwZhoO8bifZlBpm0r15fqER34W5Tyo9RcyfzkiVXiMgxY9ssii4fOKlgw442e0tAFppVg61DaWC/hVGvXPybBOxJYxA/CpS+aTR3XpqPOwwRei1itf+Vo+HiRE4gs3VcwRelIX4d7ykS8CPfmFqwrbYCKskkikkyHM43JSw2ce5ZnoboZoqad2CPTpHNMwVR7ljc4idZnyjQ61TDCfN52VUD0eROnIyCPTbaRDihzkVZmpE4Mv9bdu2EPQXDNTnrMVPICvcRU8MUc9++QqTRhkOC0GJXlXkqqh4UqzjVnQouAkxlzn6ffj6MGDGIzHXrXVm2MnOAnVuzU6jIWLF+LMczd924DbS30epAi1BpZfN2d8efKoXW1N5J0PP4nJ1pZGpJwHOqkK3uq6+3Qnth48jr3HD2Oyvx9Ho72YaLWzcHwYi6yq9kdxOpRT0baT10kfT+TMxgdxOB76we2pZBCOoT0RzTH/qp23VbC9xCnxpy1+G4X2lxP4J0O/36wtHK8L6h6OY0UylrU1Xj8axQZyd7bi1c+8Gl/+E9+IxQub2lrLodMutbslGbfW+nHp7KrtwB/U5kUvxfQRSWyoba+WjHE0PI5PhtN457Qf+8V50S/1VgavLMoElMlchl3rCdwTv/R12jtt6xMmNgZv50B2RgN43Ci2QyhjjnFSx47TZhRRYSMCxZj0WBDG7RTSpHyJiHjmlOpIKMyGrAekT9LkVQZlnSPeMlYdihKWZPlgUlbWIRCt54HyLtPH40wH+IZOAkhXnOe4gO9K43rg03ezbTSFwEUwzgcLIVBqXRJUllu/Uhk4DKYjJ3/ymlxpjJJpvrIB4AFowdNx2Uk4gjRyNSaDhf50DZUPmRJa6zNO8exagRFFZuahatLExViuR1BpIUi6Wbnx5C3FyYQUaj28PS5GmtcLfnez6ysDpAhgoDqIxvUIrVQ686IDDwWD5WaGfldbmZ2d6O08iY7kyVK2BQOTZx/3NJkng5U48+JLfnME17KQi3PFNqxq0QM1/a/i0rOZEKLjD293P/okFuQcQU8nx7HzZCsePrgfWw8fykEdRE9OZl2OtK+m8OarC0uD2Oy0Y1WOdk0yBq3TWOq2oqVtYfd0EkvSvK+4LwfU1QoKJ7QwHUnnQ60OD9XCSbTkrDqigX75eBxLolsT/8XF0zjf7cRy6zhWpwdxXs5rQ45mWY5vVXI2tKpb1Mrs/Iu3onXzufjoYFd5tYNrW5xkRHN1sBg3Nwf8n4YctBuqoBgnxDUv9qG8x0eBP+W4vT+J752uxKF/ycx+8jW/TLq/sE2uSEufAoXA80ZJagLsBFSWfIm1g7AM0pCXsUZGwWMFOaadxdl3jEN4U7vZmMw5ZHzjYMVTnE/lN0dJQw+fQZEllnxFI77qUIG2P4tLLWCp7Z3X3/WCw1ZCu1x4B1MBFOALUl9gVoeZnOIOIjsMCn2BrEy2pvEO0KeSNSAjJ1wVmopQqR2WeUAmHeBtk5CpeFnBQN/IzQbVs5P33cgnCOpKBxyiAXSm2HUL3AkCZFf9q4bITXHFqMnosooD6PBmjy98yoSWDx0tvcrABE25ZQmQUesGh6NQwh1BSLzZoE75anfaTNs+Vm7UQ1rlrHiwPe3kXi3u9eqq/BCndv58TOQ8EJiq8GA0F+0XYqCt0eGjR1pB7Ek/lSFfbeIHDDs4ru8I535WnVVfto3KaAupVZwcxLa2hI+1wrv93gdx7+PbMZTD7EuzTdVzcakfZ/rtGCyqXjmYNck7212M8/Jml5ZU3luMc9rG9bWluzpox2c3V+KNlV58br0Xn10fxOfOrMSntY376rVL8eKyVkVahb3cOY1X5KBelKN7QYH45YVpvKKR+nw/Ynm6Hydy2MvaLvZOhtJTq7125J+NdHvasvLiQzn6hW745RHYkpcKtnvxWFvQI632FnxRXmOMn2qzwfowNgngFbMeVZrdpAxV+inHKGOQPqGfOcH61IHtwCHX/Zv2Fjp5FM+2m6oCeyvJeKrjEhzV1fGUKzOP+MxTDp9orRVlJXCDMfg6l4HkU8JtUJ4xoCPlJ45xBVTZTuuAt2QKbW1/6lHrrVAdsmUoro4LSD1mipCmzS4uIohSPyC/0TPnN7KMSlAeevsemCxaFBARe/JC5AGegzz5YPDHCjQ44jlDgHOlVsRCxZPy7AiFRTHKXW+hs7I65r0u70qiNPFJCT/V5hI5y7KRlAqQWfSAsOKhQ0JqrFj12QjmT0NRWFAZiEoaOfwqWQcJnWbtqcuESE25pP1Ar8rsxCgugvL6V9aJHcnzbCTlU7UXMosQL8/VMalsIXk2rv+M5ZxONs/GdHnd17na3Xb2FX/pr3yfV95s78ZQDoy3KXAjE881yu1SrQIVSNMF1Ss8VjfQDtWxKCd08YVrMTi/Gtuj3Tg4eBrHh8NY6/TjwvpqbKh80EKnibTh/x7TAU7lMY5b2u4pHC9ynWyi7d4wNuRkry6vxuXBIC5K10takV3pteOcNrU/9Pxz8fr6SpzVFvCSnMsZ6hHPYHQQi4d7cXiwHQ+ePohHJ6MYXLkWJ53VOFX7+DVxWTKXltaiM1iV417WDld2PeJV1BhP44Wg9h3hvLQkHR7RH4wH9RtnCayKA2MYMebLL4/To4U4PGnlP4zLgeJI0lHJNuoOv4bIpiYvqxbnkQ9+Sz43BReTpnDGALIYK1zQzkJ6szorUMw1jy/miBDQ1bmQCwvxSE1ivnyiRArzQuk6V/OX8zJGGUiQKzBe+ZGEllNGPdXx5OKhxllu32CcRVh3ypr5VAssMXWsaYByaKuOkM+cUupDTBfMuIS3PbPtnlsqlxalNOW2XvnKV38OpCvRQZyhKPaMkpaQtZRyGxcahXkHZ1bnMl8SVhZ64wo+6UnT0FmnVX5WOtXRQWZ6Nz5pLCVFGczvwYtaKQXdzE9ncCCjdJr1L/xVjMt11EFEANALWd9fVjvITqqka50ieIbGdmpwRYYONK2Dz4O46J6lFmv9fY1OPNyH1Xn6NLrbj4N/yWai8kvgEQNZDE/2htHlH4euX/VbUtun3JGuwSAVPcioN6ugYdkeJeFl67l84VxcevWluPnGZ+Pma6/FxsXLcTw+iqvadr18SU5j0IrecitWuwtxbqkXG4OuHIicJEseycq/z59oCyano9VgV+2ayDkdqiETTa4j0TzefRwvvPp87O3u+A2nHf9qya+VR9LhKMYtrRDlKOwxnr8RX/zpPxl7dx7HYCjH1unJ8bbllHknl9pPO+TQ+tevxVRbWK6/y2B81C7u2TqOV9YW48wa7yNTmZz6Arc8sGXEcRXHJ68Vw4PTeHd4HO+2l3Ry6Lpv2GViH75kumYyArZr6Vti+tQOSh9PPtnX/U8aehnefa48drcMpQF4K+QYpUw0pa8sQ0gflBU9oM06ygrPtDibHGfwm66UzUMRnTrTgqqnZNdxXmmoF3A9Nm62A3CZkjgddDBfobPOhbauKk1eBJN1XJB2XMZnjU5DUGJfsMfYRsjAFljIXBEpmItkpwtdooo4RaYxvvDVg44jr2LqSr5Kr0RW30DT6JpWXI2T922lcYFZncmTSIVaYRHurV6TSwNWcgrQs9Y7K5jV24DKsvOF14fOrvUmr9BMBMWWh6101AFAJ6a9k4+OrfeiFSkKWZ62SmxBOQ+Gbu0p0T4YRu/xXc1FdTYkWqWxCuC2iT05mtOlbmzcfN6PuOCo0OfYFwuAnGD8llc0ch69cY4TrR4maku7N4hlbVGXbjwXHW0Vn19aiB9+9XKcv7ASFy+fi9dfuByvv3wtbly/ENcunYlL59djWc5jZX0pzmhruL4hh6ItJKs/Xs/DY1ETOY2xnMbuaBSvfea1mGiVtXd/O9Z4p5ZWZdyz1XPciaVWLzryRN2N9Xj181+Ie2+9FZ2tpzqh9fJOef6ERW0eyjkdaFW3cutGnK6t+XYNGUS1pR0Xp0fx6vpCXDgjt+9b6t1ijKkgWq55sTKTp9/Zn8b3Do/jw/aq7MWTBTlePJaVZljQD9k/abdZXt0lAvocu2JPJxR8UhUktRNOm6aiiixDSWT9hQ4OpWlXHZ81Dz1zAbpcsVXZqTexPghs+MwGn9ElQ32lHHlZ6E/RIdPJPxvbxiaj08yFOuarroBLC2mCpSUNeBU0MpUGb12ggUCf1qtyXl7FQFElQVSY6wqnhgqkqQ4pTeO+r9wiie28khpI55cNfVbu99VR8uY0XnnxVvBZwlko9V10rR2AkbMeOY/Skclf6i2y6lkBnmpgJKaezwZ3As6JGsGpDngI1DdfN4rX7WWDUxKaupd3XeghWktFpvEE8eJ0lcy2Fj1cN7jT6MgB9O/f8Sqs5ece1VY5nUNNRO752trbj4G2lxtXrhuHGBwTclLvrB8b8J5R+TVNOupV9eJHp6FWOTuH+3G8PIjVpVZcjt343PV1OaV+bJxZj5s3L8ZzNy/F5asX4/rNy3FdzuzM2bW4dut6fOr1l+M5ObXLVxWuX47Ni2dj5Zx45eDWL2xGa7kfL7/+fIy3t2Pn4/uxwttO5Yxa7W50FPpyUEsLvVjGdPJVZ154MXb5V6LHu7JnP3bbJ7Gvld6B2jxsy9GuLcf69etxun5GzlGOyFYU0JdybrcGx3HtbJdHH21DfsV1Q33XrCgnrLwmsXVwHO+MI25312RPEUNL/6U0A7aUsZxQb+ZKAdsV+7qfBNg4VxoWk3wKHiuU08+UlQJOaOZWPset1Pdlhxx7Mw2SpzoN+s3jRFAvp+Q4hIM6GHNlTKKAIWPrQLqgiVIf0jlWXJfk5Y4gxztlyHM9YKFTjB6NLcBjJ0HKTZk+MpNg3oID4FWS6hKV8y9pvPLiwWylTOXyVEp5CKsCBkcz4cRJ50yGkp7ROEoF1L4qO8tLo82auFkZcU4kn9WagBzK4UmDCZs6GKQvk1EB3Qlp2GyHr09wCGcDU2Ldkr6pnw+xICO4SOeWzgSAmQuPoDpQDxDrwaBrqJ2odcCKXkSZLwOipAGftZLAdTEIkEuWbY8fkbl7O1bkdXg3O6+0GctJHRxyT9VpHOwO4+mT7Vi/ci0W1zd8I6nrQKTFymmho+TWpbxa6JUct1DwepnN1bW4vHE+lltyjjsP4sZgEi+eH8TRZBxL66v+S7HlleVYWlmJlTNrcmparWi7uHHmbFxTWX/QjityXNdvPReb587GxSsX4sKls3Hh4vnYPLvp1dnpdOL/plzpLMlp9aLV63tb2Floa7srG2gbOVRbL3/+K3FvdxIfv/Oh7yfd42WL68sxkCzeyTXc34sYKH/zuTgs1+FsK9olp3ClN43nz0luB8tn+/OXRq51iVCr1RgdxaODabw9acUdrbxk8Jyw2N9cOSYTFDf4hNp/SSKblUsYlQR8M5kLDfRUkeNWKK9msswfeChQXC+hkDapGaARb3K4jwEcYeIswDjoUjZQxqIOUKQTXcdocciJbdKWL3HzZeSTJ+3heVJoSFsHlye5a23S5ZuEyRKTBNDN1WMarnl9Ne/zcmVCZEMSSNfJWKHiajpjJpm+HJeOmlXlyYYO0LtzOCuQp0HwZWGlbgxveU0nPLtaMShpfRwXnKDRKwlcD3JsVHWG5QrvFUaht3FqvQ1giZRvOU6IrsQAcuuAq/ValtIVT94VVVkFmnpls8RX/kza9jqsJXTVXi6W/kpi76Wn92M9Jv7Fide38LdjB4fjGB/LZqft2Hq6E205mdVr1+IIfZGpsqqj5SGLNDorYsjj6JfkSBYPRvHgrXfjnd/+7VjYeRp/5PUbcXGJM/1xXHjuubh443r0udYk5zXgfyP7PTuR9Y2NWNtYk0Odxvrmeqyur0WXFygOtKJa7vk/J/kjj7XNVe3YTuJ7b9+O42krRnJW+2rvWI6WrR/3rbGj220vxYVPfzZ2TkbxaPtRXH/p+ViX0+L/KffGe7H98H4Mt3djWSvN/gu3tPtLZ1wdfkv6Xu4dxyvn+tHzfV7gtWVnPE7lwI6E4zVEcl4PDk7i7WknHnZW6AhZKPsQa83GeAJ11H5xPzlf+vH7IH8xF+jLupE0Lylm4UzeLI2sFOZ8qdzjxikB5S6r2UKvgL7wsYpjvJKukPWkzvA3YHbh9e06GRdUARpQxmMXTH4Ke2m/MUjOfGqTsp4BM5b6STa88yCM6WblZHPbWBk9EWtHFQaTUVZYCq1pTKcInD40zhcfFdsR6ijd4Up90SVzZsl7jQoG+fBQUAAcYBlO8qVQrThH63TJIpJQ+YHamRBRBzmvanRUx1aUcb52ctoj+anCFHP1pixhqR68P6WcMs6gRV5zti0ygXorBSVZF/UwKFOu9fPgS12RjBMHxxtNuV+pv/Uo+sPtODmaxt5oEofa9kiYCDt5KWd67D+mPXvzlrZVG1qxHPtWCIkweMXFIZz7TzEvLOx3+zHVyu2f/52/E7/1j/9hfPzm9+L5y5fixz7/Uqx3RnZwm9duxMrFC7HQkY5s97odX4ze29mV4zoTAzm1sVZVK6ur0R0MfE9Zr9eJtpxYv6ft4AAn1pZjW4/f/P33YltOtX9e8vorcnDwLEW7vxSLSyvx0cE41m9ciK/84KfiynObcdw+jrvvfRCP796No/F+rHe7cUYrwK4caFuOeqpVI+1nFUnbWsqcbU/j1XOdWOKCodq/wK+z9Iudl4jH/F/mNO4NI9496caTzrK32eyncwLTU+5xD4YcF9nf9QROqDgT8Q0dsWxNup40lLE06JNfgTpMnHUBVR68OQ6yv5xXyPKkBTz2EUNsOhwXlkj6JLIUJWYyGnnGE0xmgK1JJ5sh62a8Jsx0dY5UQwu4/iycQSGxixBL1YMM4mYy0S3BzouBPl9oUL42BmqXm6aUJzLxmfOkzFVEVliqTlJPTOTLiN6/Z13QZEcSiDBCrgKdRlnFTNZcycz0IdQ8Za5LkP2FnEKnAzo7JMp90TRpAWj0pRR1iUYCeFzFOHR0HdKh8NkhWZ/i9AofKeuNAsK7ZtJzUPWeDx7QlFknfbsBpuZLUdo079IHIWp9uKLD40SDva1oPXkQC5r4I217Oq22fwTgLo39MY/TnMbW9nZ0tfI5c/1GaGPkrSKq+855AQ9su11sGukr4VmQYLGV5eU4u3k+OnI4vaNJ/OBnr8fy4qF2W4tx4fnno7XEr3fpZNEHXSfDUQy0EuPv9MdsL3FEy3JeqpfVFzay81oaaKd2GEurrMwuxO+/93Z88vRR7I/G8ZRfIHe34qHa90jOt3/xTHzpKy/FjXPd+Pi9N+ODN9+JpaOTuHR2LW5euhBXz56XY2zFwXgY3bNno7W85ttOeDIBe/HEwsrCUbx+thXrK3nSWODdGzQU58Xd9Qono5O4PTyN7/F/mZ1+vr/MJx7sT0zy2f5lzDIWjNORfQd9ngDrlpyTFXFCymLMMH7zWpSw9DP6CpcntJRfATtDmGMv6UAkTY5zks4bpS/qEA3XwhrHqXxNAejF4XLS8EJAbEj9ZvoLSBc9DHP0ngslnSzFRsrkCbnKSaJkzTrIUVxJjFemabNC61VtG5u6C2Fzc6gK7BQ8sCFKAZXQJMQyloMrzgqgMy0f8yTUCV8naIqr5alw7TBv61w/UvPwp6HPjsKpIJPDWjTi0kiSZP0qjqYgI/Wgowuv2m2Sph7J1QGPq3Rjy+AhCz91aEDWtAn4LgxmcTrjZjAWemKAjrbjLHxKiDZxhkJv3RTcTpXzMsOl4UG0Ht7TymES3S7/56it4+hQTuEkxhqsI22XJofHsa/t5Jnrz0VLToznCS1NKzfsVfuDlRcX7amPP17lGcvNC+fi7NXrcfbcWrx8+Ux85up6tEa7djhnb92S8tyXhu44BK6XRRzu7Wrhp1UWL1SUQ+3LSXW08qL5PODd1gqNt2DwhlUeZzzUiueV55+Lc+fPeUu5ekayz59xuPXSjfjKVz8TP/5HvxIvqO79Rx9HSzKvyVldO7cZG2e1VdWqi7vij06P4lgOe6S2Ds5eiGM5St5i4RWW2rS8eBRvXFiU81LfVp15MPxYYczF+mlMFW7Lgb270I+d7kCtwRBycO4X8WB39yxZxp5NRy5JiIR0H+vAcc36HTlOJGEFZZHpMWIBFCsusrLfE3Ic1LS+RFvTiAXgsRzTUsAHXOphGQq1HTn2ybniRpC5U8xs3HPUiiqYTUQk0bekgUwjhE+hUZ+kLYihMdowc64J8/VVOwKt1772gz8HmgrmvSEMs8mUkA4q86ApS96s0Bc1lck8A9mUpjOenDs7jVgwpifV1K9Qdco60hhOP2OY5HVKifmGAeaZS1tmZk2b6mZ9HCnbWeeBlKs0zOQZyGRpg2Sgc70NwrLQFjniqQ4zJSUPkHRVNvKUJ7j+Wdv1bToi6uVmCHTBctTDPwix4hlotTD96MNYHA79FtCxVi2H2vpwyxL/ILQ35b4ppfcOo728EudefdFbOf+pBPVRtSbY/I8jUj4vNMvxjU+OYijc+bVO/Ctf+nRc7U1ivPMkrr76ilY4m+KbFI1os4IEDnd3ZeTQKqvnu9rbittyMLyN1ZTczCn9OfGwneQm3fHoIF54/oX4wuffiM9/4TMOX/rip+K1T92K65c3on16GAeql1djL8lJd9q8IlHORqsr3szq8YnuWnKO9kfRWduM1lrexMs2mQv2K61xfOZsJzZXB6LXSQcbcK+XV12yp1/ncxQfDOW8oh8H3aXSAbPxU0/udkqKqZKSjLOPizXcX4xfxslsHCeFdYWccaEkNE4XgN4rPpUhy/laDm/l91fOvyrbssDDXvhdJn38dhEOpSutHUkRXcH08CrhalNQoxNjF5I6byrMbDIHyidqVonbb0i7VDleNFCh66z6qUxHOrak9X1eKaMIUiYFZJ7Ig9oTEVxW7hVBw1IMp3SpDyTfTttIKvf1FIEdR5FjA4jWfMWYVW4qmg2r+/WqF2A5KWauziw3nZMQSFf0VxK1mTD12k6e5ShIPHmL1Bf1cwCQzS/5oZnXhVTNewLrwMC2m/BVn7RjgumEz45J4C57E6qGZ20ENvWtf03GY3vcyT1Qel1brL4mIDd4Hh4pPjyK8Tj/wn9PYrgplEk93DuI8y/c0pZqRZNasliV0P65OrIe2baWtVtxrDpWp7vxxStnY3WyFb1BOzZeeCEW+jxxiS1lHwSQkPM6PODdWNKt35OteXyHZwq5XyofdcJxdLhGptUZt0asLK3AqdXhToz2tuNQ8fhwJ06OdmN6tK9wIGerlZO2sEtLy76XzaNJdfJG1R7OUVtl3trKK28WZItDrb5662fjZCAnd8oD7CfRP96PT50dxPkzWn0uMImlC5cI+JVR3p6Hv6dyYB8OF+O9hZU46PRYuKsnWL1r2yd632mvRtWnJurEQn/08aEMAfMBHrskbKMK0GXwlr3QJx1drC/Kla3zq+4OqNNg4gIm15fKan3oXGnrOKtzjgfhyXuckaBMdrU+aqN1E44xkoSKFeg/WJwXmA4e5/K7inSuqV8ywfIBRSy+LKs+Rtoondis36TQCZ9toVz0lDqf1M7AUrcrlFXPB5MKEs/hBqZgDouRsVIWOYHS9V4VzlhAVdQNVroq6zos3wJKGSjo8kKnG1GC86qPw/liZHSzczLvzCBJVuhclnVkXSUtZJ45UqZVIegLmQwi0nZytEt5y7SMlJVnvcz7KPhsxywNoAuyGDTUZ/lUK/sgx/WA8ycPEyh44rFsUtzppRPgdTVahHhw8GqcsQLv0mLaLcmRHMvJ3f7dP4jlUzkkER27WslxF4lXOJJH+uYue7+hBn3U1isbq7HUkkM82Iu1zbPR6WslZWrsxcmlI/2VRXdtCfk7NIC+5kTg19/IYeQPDapTkx9nzW0L/cFinDt3Ji5dOheXrp6La9cvxY3nLsX1qxfjhRvX46Xnn48bN6/HxplVreZa0VPdy8uDWN9Yi3U5opWVpejJOS7xS+bKIFZX+tEdbkc8uhs9TVLu1TrR+BurfRPplY81Mu5kLDcQTWkL7xc78Zt4KMXGTZ8prv2mjsn+dUjnApXv9UJO6Tc769K3lFd+21xJc4EyXrUh15Tucn2Zy2OBFPJKieVbmrKkm3Gno1RDQc5JQY5TdKo0M504jEV/CChT7HL6S3Gds9kG5hilCbMUVWauflefML/gocyhMKZcpxp+wCl9gas+yUgRO4fwyoCCpHKVVBQtFQJNEmEelEUgZChgCmf4JI7GZ8adQ3peQfB1i4VcwHx0MA0vkDJEIgO7XvICm9hsxNmJlRZIWYpLO2vHuTOE84oLvXTYsZGCgaTlFhk+SPOFPPjnOzTxabuGVaBUKa7tbuSDh8eDpmxDIFAZciAB1/DrIOnBLFntRV5H2Ir9/YM40VaQxxg1/2I8mca97a3YOtyP7dFeDA9GvidsoPPH4/e+F5OtHV8b41Eh7rD3PwpRDXJJqx61THlWm7KPHMC5JTmFjtqmbVqrp22XV4nJxxe2s/a0QbqdTLT60opvcjiUrjgJ8Zb2i9j6c+QYUtzW6o678s9vxJmLm443Nld9UR8H4H8L0pGOaynW1lQmp9VXfmlJzkoOvKuVIKu9nuK17kJMH92JzsGB7NKVWnJsak9PjtX298k063bg9pET1lbCST/uwvezi9LPqw21bar2eDwrR//INDl2sjjHFLIB7KBA34IBzZaNdhcKm8MrG5vFX+apMsDYYSnbyBXUeQSkDigAfY7t6igasYXV/cvBSVM8HltJJajyU4ZTpb/4rouQOr7Nz9yZ00uMOYaFcjuVqDKgdZ+TLyy1jCx2aOYAAoA5WrSwP6BcOaQ5kQ1WRRzC5cClJPO1vAkIEXgJ3ShQFFURMVjHShDzsGgtp9CNx+ilnHTWmWBafVIyQkGiq873xZDOU6ZPnnlSBxtUMcZAJrisg198aJ1WHQwkGYxXGltAqaCe3XyIh5J58BnHpMRJA0BXNHWdPuM6XdqIzkVYfeU02wDXLBm0v+oJQ9piJj9B8i2vPLAtMUdyXkcL7Tg4mMTxiD9cncSd7d248pk34t//P/3H8W/9u3/FDzLvahIPetpC7TyJh++8E12pQ/tZvHlCsuXSym1ROLtE21Nlyrem01jv8p6vkdq1EO1BXwXYBj2zfamu8lphIWd8oO2e9Dk6lNPRdra+gpoVGO3IRSOTacbPza1H00OtGodaNQ61Sho7TE8mck4dX9NbkjPjdgu/2VUfVpy8VYLyvhwXf8ab95N1YnF/K8Z378ZqaFspXa6vLMalc5uuzHrLdl6mYkj0kt78iNDVUpRX+WB7+tt3rCs2Rx23qlsoekhYZw3GMYbcpooFVKf5sBo86ECY0cFbxwGZOie8y4GgocvxYQeqdkDnOQEeSvOb0HWBc1tEA22tg9OjnUYSp34FfJmkpFPPmgNSb79QkrrAgCCtGNk5jxKy3+X4iwy3C+mwWAvaY6kqJWSeL6J0kAquCtnCJQV1pgKAK0i0aeeVrkbL1Q2IEpTxOgFWpTMYbVFMjrxGoFypy8ajgR48iEEppZ/RhW+XpMN0/Smzpi2yHKWAL0EWmlch2VXnsTVNA845M7eLSaw4j4R521DenGmQ50Tq4bSLss7qYCnLszRnqRz0IKmbDqbz64BKehOUGLl51LwHnGK/C151nGoyHy+txeGRqLRFfLC1HWdu3Yh/9S/9pWitb8RXvvZD8Y0/+6fiISsgTdaVdjce37uj5dmhJyqyqYVVDa+BwVBK5YHuOuQeY2Opq/jY16k6A17QJz61h4l1dDjSSovXzWSbO91uPLj7MJ7cexQdOdmj4UEci4Z1TccOu65GNCbkxZiAtX0Mh5ZwvZYcUotHecSlcq5pQYPjp+2cyf1HJJLFahEHxt+s8TxkS86aremA7eGT+7E8ehIXW7vx+WursbY+cJ+qJ1N/e1EF7E//yimud1uxLIdLe3CvvuBPSnH+0W1e9MZuVW8l+GQoZVjWY0pHHUeFWpDjxkRGZoZxY1oKFbvYhOQrXdLaHtLR16+U9orcJUliPmfQo44xybQuzAl+mCkrURhk1yqb1yYlHsBeKqEtxiWdx7Mh5Tll3QttCbaBgvHiZ9zTb8ylnBPCIVc09GUxVaNX1dc4CxEpGQoqghhzFTXM7FAqhhZjESwPHNSKzVEqoU4nBfCaT52Suuir8pk1j2QQb9PINLgbACnlSlvfIqN6/YYOfh12iincgEwnLQNEoVU0a6/kcRYSTcW4r6mTg0FSB1YBq0F50anq4DOl0wm1k5GDJuQpJV00o7CRYR2kS55VmeBJYnAbNPCURM5Rux0n6+djS4uH/cNxbB0M4+y1677T/D/5z/7T+O4ffjtuvvhiTLhg3uZWip5WNxPX4UmJbRg/kofK3IJBwxlEdtaazP3OYixrW8aW0Y5YOG8vVY4z2Xr4OG5/7/14cvdBHGmLivMa7R3F/Y8fsjSMfW1Tx3taSR2M/Uskb0vFudhuaonP+L5HAz1wE9iIa2KU6QSj1VXdouetD+E/tjVOgf5v2XFp6yjHwyuCeLSpr7Cw+zSmH/1h/MClTnz65nm1WWMDh4ldaQP2xIGhg1A8M3pOq7gNHFTZJjKc0C77Bx2znwiA+6sGdyTBBTmmdMzokweAvmYZX3Ucp5PJOptVh3MAMXUltsq1ns7TlFJXSdshmkcURUyuPIVTGcKgS11S13qN2gyFzSt10Vo2mEIPeEy7XnLZhmoTkEQpB371mYLLC799CpzQQgqDPsjL+gqQRz5IBxpeBJm5VFiZXDFgXBoWIV5NKYbeBq91IKPU3FSMLtThwJk3V2NJBwF6SAZ1iYbG8BN66oKoIkufquf/v60/fbotuc47sfXO0x3r3lsTap4HzAABFECCIMgWJ5MSBUpsDZS7o93hVsjRdki0+kNHOBTh8J/gD3b0BzuscHdYYWtqiqRIkRJJESAAAsRQQKEKVagBVXXrzvcdz/AOfn7Pk7nPuaVe++ydmSvXlCsz1869zz77OMfIEjhgQarLGmxkwPcOYQAgxzKM6/xA0i6bdBg8yDPOBMaZXHvMxM7s4HxPQ/i8nXSu88AqzUBkQNOuyLEsFRJwTaldR+oEORMnGHab+fsxAg/79PC4Du+6p3Y2tuqdW7ccYPmmjYn7y3/lF+qxRx+rP/2Pf+an5pf5Qw7SDR4VaIMaGzUoCRkMKPsdfcJ7DmqlunQ81YpJioXjntNiCqZdkszTWuGNR4f13W9+p779la/W1Tfe0WXbmXrjR+/UO29driO++dw50ErsSl27fNUTmgYOl9KLCsAEFbWHYO3LaVTgGzZsUb5PjmWtruILfCq7NY5YES7zpP/CYW3oEpd/FF9XEF0b79aja6P67NP31ZYuJRG6uLCqNSQ2sIIiFTBXGTvaziq9Z+moVqcT0Uo/dlgf3KTRbRA+VxXkCRbqd2VJba9tZvzppE97Vdv7EUBe2pc0fY3YXrYHTNuDEqXglJcvfRtCdN0m87RAA8Z8Sq22qabOoDJUXVcTITA2WfMorxRZtI2+hx57PG9VnyAZPZEHX/LgPPeE67wAltkfKqLP8iinMgk4dFA2qU68/LZxRqydjw1RKlxXkKqZUIKD83w8ykCSD03owmvDqW6NVmXywqYRraNFxJjGMMqcdRFqUTr0IEUZHqTPdCXPbEMfQcIDBZTybobyDHQgNnW+6LbjWtkl5DRfuE5Esd+oJDqgiw61TLdjFhT6YDNpS2Ga5QOzAU7DMFbzyLpFZx2aEM7Gb1DEJp6AOKr1ra063t2pW2+8UafXturq7b26drBXd1+8r/70z75cv//7v6dLoY265/ylun04rnuffa7OP/RgjRj01h21vFXVwUA4lHCfitXH6Tqszzx8oTZPdrSqWqxNreoWtPIxo/qJ57nOnD2jWHBSb73+Rr304iu1v3dU27uj2tvfqa1TGyqPandnzz/O3uDPX9Frf0a/IyU+pMFcymCDVnq8N9+rUDnAf53GjXXxcanE36sxLGDnMueYH0Gqnm86OZGM93bq4pnV+pVf+0Ld9/A9Es/9NlQStBQkGCM8Xc+OIN4sMVLfKd2Va946Xqk93mG/0C5ZGa++5G19ZVmt792I4OxMaJDvfOpz8go0yvCLjjbRpyHXQbvp+TS+6IwcMK4m3+rtT9M0vLc7aYBuRyMVhK6P7942g7LgMzaZo31uRLopVR5uf0i2SXUY7LJ07HDS+Fo99EiRPM9Pz3OkMtYjJ7qtKaDs0rMv8IR9E8xgacIBDEG2B3KvUIIMG6GD75EYUj84SEScPeloDHLHNCOQB47GQo+eNLytlATgW86fdFYwzouOBvfrdfJuuPKmIfAlO7OJxFnxgzMf0JxoG1onqYw8O1UQpzorIIPdg8AkQi9rtWd+UF2vYD4PrQeZgCBHHTydhrT7K2XJ1SUUtthnFqCK5itJ8Urk1Mp6/fj7P6iFKf+VWPWdl35QX/7qV+sv//KbtaFlxSN331/7k3Ednzlbj33y47V8XqslEbJ6I24wLeOLtJcUXUzyuxaP6tOPXKi1w9v+dm/1zDnbuMDvJ+k/rWB4Yv7cubN1+tTp2tcq6+rV2zWaHteeAthVXVbu7fM/kst16dLdtcZPhDBfejxOHFSs0BqF1BGjjhyEeNsrvvL9SvuFFSfBi7eCqixjDwlY0sfg98pO5cPxTn3hiz9Rz3ziGV0OMxYhlc99SSgaburxSId0iEmXuJI/ntYS/3Ck6rcmC/Xe8gYDSnLTR2iX1dZpHF4b5gF56Og/+jZ+5JD5lLF6R1+zwyd7+uTv9cpYhzLGzY8tqnrAABxYZYbHpcna6G2HLhNtPrE3oNrBjGrbjh7k9LnQAhM6zcHcyPzocroN1qEPfNjRdVp+0wuu13WJwCDdupo8H5vtM1KXl5554bP/BGRXAngV4Ix2jCehaBqUumCDo14bDmupjdLuTtLGJwY0h1BsRzfaJBCJQ973JYOKXafZAfgZFC7MnIxDwCMrnQlHt0PywzAnE7253J3VoQdEzzdAXru0dXtgbrWWpc0drE/0qzOd51JiFoCGdorf5NgMTgCOfDo8dM4bn78qY2L5r+mF47GGBDfhkK2NP3TdOnVWK4bFeuWV79fS4UGd5QFSTcoLWvVcWD9Vtw9GdaAVz5Of/1yde/Sh2lUg88pKNG69LpWsEwM0qbHxZEmt1iXjfesn9fGHLtbayUhBaq2Wt06LfjltwgbZdkhAkG2npeOuM6frSIGFnyjxn45XFMhu7+7XgVZRk/FBLWslt6GAu7pCYFB7FRx5EyyXaHGQXYOjJF9t1cTm9cWMKjQeKohNJocKWKqXn/lS4XiiVZjwcpioRLN3s55/5pH61M+9UAurBMD4C3sBr4q49+bAJbmkPGnvh1XRs1TXxsf1xtKG/LBs37i/mwD6aBjvltrK0GijLymbrtH3sQr0ccaY6fxOSH0kBYc82ao6jxPjqcoYcZm8502rE67bBnRdkRU+wCd/5wSSEQPEa6QoW0B1ye1olirPDtgG6lrqVaQFtDK7S7Gn0wF3BH3pYiXsOU69dpsRUYPN5MktPftZBS/KCCVDvtc2GH67p7wd4g5KA0yKMdDRyGbUIK8dcikWcKe6TIM5BsAzUa2r82njxrBTYXBD1wdAt8wNawYiAO+cs+Fwh5MVLY5Bt88AIEBjaxQO4HLDW58FwN/pUqYu7QEf2zueLGj7RUDnsNkG+ZBK2ks+Ns74gfCHjpWHejaXjqLl3jYvA3VgQ5fwPK918d77avPMmbq2c7tube9rHp7wc72aKnhdfO6Zevqnf6rOPvGwLomEVL/KmEEnE8T34pRnSKOae0BHh5N6/Mx6ffThS7U42vXNeH6M7Rvu1g2t2qSNxyz4hm5JKS833No8VRsbm5Kry7C9cV29fqsuX75a169crakM4+/6N/jNo1Ztao1sYeDjL+SpabImssnjSwVzXRZOJ/w1mtZ7XCaqgkHP2zJ4Xz1/PnsiOx+6/3x9/IWP1OopJvU043YWeWrBgUt+4HeNBAfJ9e+oeCGhdvrqQP545WS9piurCq5tUtkxAWQm+KSf3cei6eOk+7aX058JWL0ckRlnw8R1vvPM6qnDz2z0WMfjX+g4dJ3g6UySZLGt4QXQdTugoy4n3JQb2ZACPre0PBXURf+sPYP8RkmRHnQA7nJd1evTVtDeWz7N4KCSE2R0nGx95jMJXlR4QjmbFJjPD9IbZJCR4YNgCZXGLAlTh0wGpJ1uWaSqa3I8sef1iT64mOhvm1QP/0CLLOi6jo4TLfUzpzUhSrwaUzlucWXkCRL9sXm2G5Sit9vOty/I9mSyuNgJ+IwqeQmO3d5Ukgeot23mbYwC55DV6BycxJuBlXa72pUwg5YdrRy9XMJr/ikI3HXffXX/40/W2Q88UGcffrju/uDz9YGf+ETd/aHna/HiOb8uGW6v3iLV/hz6TLvb2s7iR1qhPX1hs57/wIVaONj281RL6+s0yNRuCx/sZxV3qMtWrbCKVRC/YVLlSOW9fZ7ZOvFLCzH2+nvXa/fWDQW5Y8tc4VXVImegI5LVFLbY3+SQLz8TsPj1AKuuzD3RafJyP4z3lJ1MRnVmaVrPf+SpOntJuhSAPA4lFHk0mXt7XnFxyai8kZJB8FrQZePJRPYLJocL9crRSu0ur2sxSieI5n392vuyl1nN9MmMf3sQAjwuWmdmLLUKgXmMtzt96DI7UO7+VsG46E/eq3GvwNReyZu3kaz5obPuzCHXacNOqKPDbAnGzrV+7vIYO85TH1571ySh8fwKymPZgRlp1DcFlgkYZ4QTJJCD3hSmA8suUJFR4c5wlaO38k1gJo3yEgxu6ASV+wbE6PD1RjkgCN0nNa9oYULiWDdOH+jJAtC0rAGZ1LOy8CSGNhXOO4s+y7Aw8xjfeBFuUlUPA6MrVCF2hvfOOhdd7jrY3GLTMSjSIZ3PXyuDawPGAwF+bT6baUONfdrqwpeymVt9hGYSdH+hSyiUuZ/sUwae5cQe5PCntNsSMTl/V5396Ifqvp98oS78xMdr5TFdJuoycp/+0IpobXHZKyTzo16A5rSX+9aHaosmsnSJsjZ5dopxIiJfvgJMdhuVPifWOd5JBw+QbmyxouKbwapTyp86teV7c7du7dXSymbdf98H6uzZ03Xj5rW6/MZbNdVlJU7g8pPg4rbKmGPsYx5IP+LR5QarhLuYFHjHz32Jd6Om9dwzD9T582tVB7dqYTpROySP6G42tZvApctDLhub8yxv2LXKXZSss9J5wYFOwcz9o0MjGYKQbYmI3rfuZ+19wvZx7HptOVk0WfBq6/PL+Lk69JpCuPk56LECWdenugR64RjvKvONe8ijM+MrgE4gcyP1ACp6nXmQqzwyGOde/Yqn01HndqreNpO8Lz+0Gxw8yGz6TNtB2cwrZZpeAF2W1zSyOWJ0vAkEnoDaSN0w8K3ODtQgibNSZnddqydnvLExjs3PSGkzTTurWzONU86sLqauy8AxDgbYoioaDY3/4xAa6lTO4DBrQHSzVRIdRybOsQ0CUl/306eNt3cYAA80LXRERkszMLPUTkfQtsgMtTCtndDar0Nbm93thIG+YQAIHKyU7zuesA74IACvxHKFIY8qAhp/7793Mq0dTbjrh6O6NTmofX6qI0YHROk80aQlhd7DXTx8ewdgD5eLLJqc16Tf0IpOKPuJSemIJx5ZqrTt+ni1hR+kh+euiOnLqwu1urrsH1Dzw+qDybSu37hVvEn1gYceqPvvv782tza9wjPQEO2eNNrR4l0H/MUKi7/7J2hzj8f3eUTnd/qfjOv+86t14dIZBafdqpHarfZ7RYiNSGIcsWMrO0HYoDYRKfGPlKGZfz06fzyqJe63SYd/lWG9OEPStIcVWxMYPGfE75OKtwAT33xuh2gErmsEtI/qHiw8Dpln5GmnqQTYBqGA/rePYHa54c2nvNGW0PhRgrzwsPcx7X8DN/9MXucnoYZxyUlt1jexpccM8owP0jAHh50uCuCNj7AzcthR6bwNjL7IAUCEjqztTobKJlkwYzBdGqJ9iIgNQpcyOX/Dg9DmDICc6YTPV/+imVU3goj1GFSxd4AbaPlxMpVRSUemY4eA8D6dxpE2XmxAEkDezhTGuobBinOilzLtoE0erI3vDnBRnSlaD2qV+mWumJyyJShQtruxCMawmzRn5tCAwo7IAGd/Nt2u14E/VvXZ3BSRaD7Zy8v3VnXG5RtKgtOqAsm6Js6SghAvLLQQ2iYeHrPIyq3ba4H2Cw+rMiS5kb+lQGOfgTfRzJ9uK33l1RJlyeEMzUlOkx91PDSaB0j57eFm7e4d1PXbt3VZduh7Yltbp7JKkBzGAfKRwyT3vT1NrPzXpdCtfwAHDNuODYe1tVx138WzYtBKiUvXidrnm/BcHkoQfeE997p4Nz78Bo9v2kCaMUHAPlOHtYodtIvGYJq2TMD4DfD8ENBuO1Ji8ag38+Gz1luNx3TawTGGoesnLsh66nzbOi913Q8dKGfeCETm57/EE5bwGcw2xysC97llJjgPbRUOzj7HOr6z2wT4mY/NdybpMgTgjfNYlo+IBUpnbWg2Ut14Bn6XQxPa1DGDU9egZ8XWFM0MsDAphX84c6C8tQKybgwTiw0ZHWd+bTjHmsQWTHDQh89VBhWNA2hwlwV77GplpGggO4AKzwDqfMFLvnY4mIRMBHA4tQ+6mVb0ZgDF1ujqtiWf+pzhsA39OXuZx6Z1/RRItdNpqrRs5WJ7yLu90YnvkK0aoalHTreJ/ylk+c5M58KAH2Q7FSU/XfHDspwhCWbaFxW0+MkN4W6qSyL+fZuVFfZnRYBfMoClQFFNl34EOngld2ON55yU4XyHXuwTwnaxYzpBQak58AeyWYEpgCmpleXFWlG/8K79fQWVnb1RHRJU8KX6wn+GKpuxkc0eogxe+xB36Dd3iw2SNm1q26KC1V2nVmtjU5fa3LMaayV3sFsLY62+xHisS+ETLv9OtPPnsodcTqJfgcx+xfi0mamBdF7Dw5+brMiO/k0YJwRo3f44xXz4wGWl3bZOR5pgFz8zL+xv5piAo/EDv8wwfRsn7MqTgZZ8alRuMoBuk/W6rHa0sr+MQUTjZfz0E3Tn6zJMIXwQjQeZjcbyWrmPffM12TD596BzoKphH+iFdyBDCUjoGj/2Ylv8pD5mzCvPBrRmN6P0CWPbSd4HCVrQZ2KZz6QzGX1Cg+804OYvS8IWBebFEug41VHWEadkp3GiwjHaKdt5alwmcKQABC3kOVBZTxyEbAde0eYskB/g2j42tQegQ7qzAOjgNcBHqjIdEMujOdpD2nl6UOyyEvAiwzQNaLvLEWo7scftBS2cedtgYLKm/ciDQbqkwq+xYeUAChnLK5p83Nvi9TfhXVLEYkMdvSQpGmTtN2z6WKZw6PdKQyWsXyd4aQXCADIW2ywRs5kUBC5hLFgcfi4twGU1vzlkFUYQ89tTZc7tnT3FFx4yFSXt4dJM7XQwZUOeCI8VYPAbPuB1NryTHzuxOScK2ah0U0HozCr2yh4uQXlHl1dfSh18ZLNXW6y6WiQEh25Zi6+lVrbEV/aDjpva1xydMYffVba2Ck9zSe0N2xN57C6bB1txi4mDFy5BOO1gDJD32GzjgXHDN/2dz77vYwV5lMlLl2WYCj3ig4eP9yaLMaEycwYcNs4HmNgcehsuUM7zwThBbxtl3y5pcmDteHbrV5k2AdjtuW3RkUE8wOouA/DiQ2A5rR2dNqvI6EF2ZpXyonUKwGgtQnAcQPU92iLAju4V5mXiJ3hYuXavVlAmoAFNhXHRg6aeBmZ1dGj4aQjQdXf56EInYL3OxZwZbSZQJAaPU2wblEIyCeCho4IPHXXwdLAOcN6bTW3vdilxnlUHgJ8iRwcL1gcBKqRzQo9QqsG7mlwfzMPAIzDICugtEWGN3ikdruAgGVwSIosfWDMx87MppdoxCWW+6Y8Myeu+cruQJfPBsVLa0OUeK5Q8R4StaZPzDCoGqW2ijnYohDR5niwErRVWebqM5feG0rGzu1f7+wc15QfdWMxT7lq5IpZgmJWCZDCgmdhqD28ASdubeoCMgtSW2rlOW8f7tagV3QIPnB6w2sI2kYl/EV721v6IskYyArVdAZ5+PlkisBzVhuxYYXXG8ynNXw50SjGNciY4UmhzLAPfb5UEF3zvO3hUlbJFuyfMFzrZr3ZT7X43ro0nZcyuNBPeFrtsvqCMg948DTymlGJTAmDwhsYHgb9osrzY3+1yXrvrbF9nanXaHBvUHuwOHXJMYoCuzw/sAbpN7Mhr2rzHzvjAIPSsJMFhCvR8DJtBx0c+jUIoCo2dMxSBjU6AgWnIzIkoZYPOfMij0Go4OoILmpghHc4G8DUcdT249sg/tEM2UQcVuOGMoDwDLGcl0bJDZ14YycYWOgOwnWq38frA13eAdOg07Xa8axp0mabHZ7Elgzk85qPzkesWsqcecD9yM0iTlYkIvdkVVKD3qkk4DdsELmOzMYHRjEz3i/NAZAP4SpzSoeAlgvUVBS/50G+BUNssAFvwI2ZwDaoi8tK2XAaqBR6k+IsVF2+G4FtLJgZ/FrKzO9bqi5vvsu9Y/XIom9AjOTwFH5naeSyCXw4oEPEsl9UrqIjU++JoX0Hm0JfORwRD6EfjOtrVJSPfKhIICbK0HXsVKPmvyARk5MVf1PtxC573svWyX+kS9jR+y1DtkBrox7hFFelape4X6jDSvJKjOve1YH7cBMiLzrn0GSj86oAgfB/7w1h3WZYyzpqo2RjSys3jLzzs7h9LCg0AX7fDOgWsyjqvCL2bgqzqyFPvuTNHg52WoINl8hl2W9JJDcY03dAaGLTUd53NJvxA2e0diAW9IZGQJnQME6kb0OkwuvPbKO294Z686jBoE8EZ5wlgA9jg0LDB7w4yPnq8rG55A3X6OPgIZb1N5zwfRLQ/QQpCV0WXdACQk+c3ccG3OmRq9z8IdTCOAdIdH7nehOgdhj7nXd90mIZC2w0W4roMvmAdsJqPWHn0NkWAdorklRKoaCN4Jp5pwbc221ZFFtCDjcOqrckS5AyJHwHkZFDas5K1ohUbP3Cm3pfp6k8gjx/IxnZvLMMsbcklJ4A8Ln0UuNQuVnGMB27e88LEW7f3/QQ+Acmv+OEGu+QNgQS71Q9HCjb8tZt/u+hGU09eK0vhFwhe/F5RMhYJgFqJnRyM6vhAl4+OOaLnchEeBTk510GM/23kPfbI6eOIYLxwpDGrnSaqSKvcJrfScyE2sJHiWwC86ywqdX3uMCYy0c3hI3j2zq+G21ZowEMPxywAIUdy9YGGjDfxI9N1ELlGcn251fCCyE07ZhB6ADrrtCJjXGvtylh0S6NZsvGlyn3cNhIDui1Lu81utN5Vz+4gzCYkZfSS2mRlrIWC8lyB9DHvqAITTXelNhrADg11OJ+laVYuCI1Un51lzAynQMUlAvLoDCthfHNvKsYBoY1s1ALuVNEA1o1eDXLSSA699akALfojao7POeU73aAC/eiJHZ2PgJTdRIY4W5meqEwgGX5X12h7J3d7Zys4SKInNsaQThf+bkes40gnOfVAJJd65+EzJofedmRk0NAXrBZ6ewHlXGh64VE/kp0PVhbkHDJbP+M/0WoG++0Ma6tMcOljqY8M6rR79eNgwP0LTjSqg7AB/qFb0YkNBC3fxNeOP3f2DmqkFRg/tmb1xWXhMU/Kuxz53GNiDPnLkDbejFPeP9ZWoFqYjPwCQS27tJiaui28Ufb4gIAm/zDiRe86yfIT9LsH/oNZVnX+ITeBkX0s2SMFxKl4pic1InjiLNnPuKN19n9QSbs3my8zloMjMQ39JIaBRvk+f4axoI8nqLdA8um3To9M9xPZxuuTK/2jPP2L76nzt58CeOFBTrPM9ZZFX2pLPuOcqgF8uwBEkE11QCh4fXJsMpAbX7XxxIfU+vAWtoUX6HTWKz7bJWjkrgeo966836DkbDKGMEQAE4lBItGtLnic0+kBJhBCe8OBTjsY2BQ7z2a5oSMDb3jy7aCIB17jnaac5Sq0M1yX7fsMd/ClHR3S6TNnw287vOPwLgvhMxnRlclo3U2/2yJ6y5vj8+SCXvZ0XurZKXeAox87WKflsyc4dd7UZwfPRDYt7Va52wZ0PW6/8u63Bt1WjjPfqx4SRIkWmg0ec0C2ApmDNQOdhzsJAprYkFuPaH2fyrZymdZ9K5vaCWJJ16AJXnzjW7WtALI/SvBCsS8LJRdxyHNw1Iqp39fBWtpCGVoV65g/2eV3mroE5FKwf3lwpMA0urWny0dFMengxr1/EsRl5P6kJldu1smtnVr0jX3t4Hl1z82duvnejTre5R+Njura5KTGC1qh2R8Zl7Slj3n2tDP9z+55gHGGNl+U9vt4XsGCEWP48b2bk7zoex3QaXwZ6PEUeqeNB0BvggBIo5q+bgM0TWY7ht+F9BNpG7MA7YgdzkVvs68TUR2bYjM2MB+Qww6vxyX12NjiCWDb4EU2NNrm62lIdEVHB5P+L1VigA22UO5R5IwJQINhzCny3VgLaPVdTucnTSOUlVav0FpjBqfM8WdFozwbNNZx7BfQAdxP6YDudE47Y6kcWeQjjz2divNDG4fFfpEa4IcpTo89aasotXf5gF8fjSwHFwYmyoyyXmSgC/rOA8Se2AptdnRZuvkQkIGonSDh9jQIaeT0QtPRdwd/4X2jHx7sQedQp3Jb2YYu8tE/5LSSIb+lS0Ze38WrnFuVgxc32H0ZQNNsguQi2zt2YL9S5d3nuvxEJik37YWsnf1x7Sr4TFj9KBjx6ASXhx7gmuiWZZuxK7aCl9fTFi4nDw6qdHm4yJtkx6KbiG7vuKa3JrVz5XYd3thXlNQqa3u/Tm6PlB/X0ZWd2v7hOzV+42rVtd1auHVQC9sT0771+uV6+aU368Z72/Xjq7fqx1q57a/y3H4a702602b1l/s/acZUuigr8QSs3IKQbaLpJxmgz4Euh+5wu6lGSAPGRO9TaPHtki537QPhIyMpeslTl/4Vl3n6mBG0FDXsHnMCxht1HnstyEHX5cwDMlszYBHdHA11TmJfKwZEFp/RVvo3dHm7DW8HVp+q7PlGKjTxIkK4usuY1sorlSDDipA0mh0y9HiVhCLTY2Y2BA4dpoMbSaGD6m2YGxBeBrMbZOegccbnejuQfMOLD+Csw2tPQHl5LLDMliYvfiSCJE8nakOO7YQZeh87H+XwpCVJwQPwdfAAa3WxLSlacwZJvTksuAlRCg5adMIYvsgG57OqcKykoKCTPAEIMhCFFFbTe4KrfX0gYE6nGUihYeK7Un7Htw0yQPFPIL4QjemUh0eRaZO3kiolSIWGVVUGnaxLgGG1hGzVx74mG+FNdyZq6QTEpFabtPOWib29UY3HYy3sxKNgRADjvhcnX2yPyciIvyyby0XV8ePs6f5+W30pAO6N63hHY2RvoSbb07p5fbfG13eq2LWaOnn3uvabtf/mtXpbweudH/y4dl55p0avXa3pW7fq2qvv1utvXal3FMR+eOVW/WCyWFe2zteBTpqyRNqbr73ZPbaHNhvvtib1mMf3bCqnBQL7UAwhFYS5P7bg/kROk9khQS+AtGEV1y4VjUev8tan3SdeZAm6Tpc7jWtanYCyyaFrwYOx4Lqmv9MaugAB/gGQS//2gGg9ogtf9A5yqaCOGp8F2xwCrbLxOqStKlBum6lAWjAcAoy2QA8Szr7BA3cI6AWqTU+54ebAjbAeBvOMp591LLShe71RHectueEM0SaPHdFrzRC7+irI33R1+g6qB2enNhvcRtipEDiAMChDOQzErgseAg00SkxjGRYT3S4im912g0yQi/10JEkLFvgHKncezDEJOvIJUmDCB0Bnq6BBXtADL+jOg45+yWas6RtPCC2vB3nwtHtzVUEVGdBYVE+142cFEK/EfOln1aqDn6A7WIRwfRKQHZSV5zmvvb2DmuiSjj7D77yji5VKHrSd6bKJEudBLV8dTg5rKj7e6zWeHNVIgWuyParJrVFNb45r+8aBv83cubZT4zdv1EgBa/zm1RpptXX1jffqyuXd+vEbt+qNF9+syy/+uK6+pqD11tW6vSd5q6fqR0fL9drpu+vqqVPlHy5Jb1+Z8A60YXzIrj7h8Clb+iVl+1TtBR9+Khqtx2nq4QcG32vreK++7QCT+8CYsh7GJnVRSCVkSZsOPy9Gv1OGUHx9TljeHFiWwD2osZr5Gxuo6XNwANSwmS/y3TarmZNBLUh/Mu76wqC32XnRA0gDe6d9lIMw2TCxJdgVTUGfRCi0cO8hnUEMDX0qcwzeKCNmndhldJmBpnuoA0UQml03W88cvU97sGCnNjuJYGW5rvJgGezooDy42K3dsoLvXy54mWpk6mcDBbfDm0FoHGK0dV2Wa95wQxBJ1IHAzrTHlJIxdCIHiLwnHzv5gOj9YOVJDQlOkAL2R6vHdqObLHzKgLfeFsgAl9V2HbVDS06XjTyg6vtI4pEgdsCD2QEGeZFLACLNQ4X4qNknvV1+7tvwkPBiTcaHvu91cDAxD0GPt0YQmPIwKhMGpawikH1Uy/Arf8QlJpeN6v+d0bSu6FLw9vVRXXtvty7/WCuryzfqXa243nj9vXr7tffq3Vev1uXXr9fVt7fr5o1xHRyt1c7BYr3z7rZortUPXn67Lt/QJeTyao03tuq983fX5Uv31s7Sqhogu93lmQ++Dyyz8F8/iXlsgGwpARq7cUHvQ0uQvZ55blbSPs6pd/80evtEMN9PgOsFvfctpwG+Ncgmr8pQQV80noBsFL6vrrA//dP0NHlwUE+/9rk72Oe65HsdbaN/vSgIxSAD8FxVXYJ9KAyNV4T2I8AREnj72AHLOHA5ikFKmQygrI9VsnVH9EFEPcZjWlYtaSx1HWIodeB72ZjkVdHzGALYkbFtAMvXbp5G11M72WjK0U4WO4f6OXl2lAigt3YrC38jMc739ZT6Jrhw6Ux4k0+bs0e3yQecy+aMPZHfHW5J8aXK6fAmr8mFtsvpdpmRkvWxU46WDMrYFlsppo+8+qSkFGrXg9MHfZ50Yu9Brk9AkKhCLc9krfsBVYJUzv7wIAcducEOfexI/Uw/csgDvV1eeXkFuOR/Pxop8IxG47yPS6S598V9L/xmkd4DkWE9SkynELs7Pal3r+7We5f36p13FIzeuV7X9xWgaqmuaTV25cpuXb2y70D1Y+1XtCrbn+iyk9ciLqyIf6FuH57UdFFl2Tc6fbr277mvttdWpUq+PVlyu3ntEt9w9snu/tXu3tDH/cAYEvQ+J+1jxateympo768BWhu7n5h77Olp8Nntf8Gg2xXBAU2VYVafnSoHEOUTdOfHIbamXQhhnFq7WcML9HL28OaeHoBN88FNO+NA+dDHJug6uGyChhv0pX0zaDqVAy3fqIDxclKHKEnZAx9hOFocPWK6uhnRBXrH2als+F6GvNFrwzAvoSmjW1WebMpSDi2U4WP3mQws8iBt8slnAkKcPBNGlmaAQGJ5M1lsQGTMwDXiNd52BEu5r6xsF37Q5nKT4WPECo+MDObewexevntVF1tQYHvoYMt2jfPdLtrDSnColeweAK0EtVS2ovtIRSXWL0+n0vWxI7Y2JkFrjX1sOxGrwYTudX4w3YOX8NIemWaPXN+v4nk5og9taY86MHF9gsIwyCFGvvQQvFjBHIwm2sdaaXGjNkGPVVdkSByypRvRKloKdNzzmkwn3ESro9WNurI3qsvXd+vG7XFd2d6tXYLR0poD2/Y+79M/rNvbE9Uf1K39UY2OtHJb4reeJ8Xf2U6xR9L31MiDixdr99zZknSFPwUk6WZuYQ+Aj/GRGmw/9/nT+x0byQP2Nakq4uU2N7RnDqSf+nxw38Oig32ohnt8aFd16pShbzoN+KbGkDGX+UJ9X3nBg119ZRze6AwdgtiRgfwuOnSpwnayFIxwGX1dTjdlFoBhT10XBdgjTU/PDzhoKJMX4J9+BQRKrcPg5rSWWlBjAFBkgYODA/ODEoAHGdA4aBialUCTS6M9eDGkb00Meacg9MnZKw6wPj5KvVEGYTo6R1nbmCDbaZBoHdbnQuv45JMVrTtYeZxNHXpwWAruWHLK6NAHqXJcOok2vqHt4U99cOFn0ExFyyMH1KECX1CgLbOkTwb7SzT+D71WxncMFFLaYW7ptu8Z5LQZG4Rn0kPT26vaIWW1S4q/jghOGg5WzwCWyQQHFgpb7RkvfxvkFK4EU2XtFwIbz0vxwCqXc4eTSZsc3Sb1n+glQQdsQrZsFD+XjAf7Ez/vRXzkGS8uHemO7DqIzrwCAh7hM3rlU8k5OXe6ri8c17UxQWlRqynJ1oqRV1Vv7+/V9Z3tuq0AeWvvoLbH4xopGo1XFbSU7h/LXp5Vk36e+r+xslZ7999be+tadVmxVuL+plRZtcd2g5PunMwz5vA4m+0VuG/wu2QkxfZcGXS6jvfEtKzQx69NjjqBFVt/2SY7egGou4yOy1hgTMKfgNVpMt5mY4dUqiJHGXDozRhm7OF7e8FEEdPHOtjsA63qbav4Qxfp5ncutpMi1wNNacTSbuG8o8tYZSPfOmQbZUhkKw1AlAhN61wEAOG3UE8KC0xdqwqogNDObyM63JFvfE3ePNgO7R6U1HmnJpKNw8MSYDssKJ3mhkHV+OL01BuitE3q2QALS+Tb4fow2XC68W0PqVJIoBN4wEpvduFB68AAnfGbNNBpNWAQNNicUlKEQDOUtUsfg6zDLCiQil8fD0QGjdmabrVDWJXb4NEh1eGJcRlMfO0OL2+kAODgKXfN2Vpbpk+0qrJOTXJ+59d+VoMg8AQnp1xCeqUU/6MCXwhr3bRL00btQZ8mzvGCLhkVvMaTmnIDnhUX/hc/l4/kYytWpe2WR/ehU4n/NWhtuZbPn6/J2nqN8dWSLnXx2+qqAs9KHUjWgXjGWlv5EVbZviw7eNh2ZWG5Nte3FMAX64aC3eiRR+r2+TM1amMI2/3LBDuvQcv3fvBKGKOEdx9r6z4IMFbST91vA62LEOIjCoKhDjkK5rIfGjbo2GYBJADOsvnIBx5njSc6kelEEHz0RhflHtjSpmZ/58Hv6LQK+hv6dhXBpnLw9FPkOhiCh6cpz5hNfYR1BS41VMeJTnn6AFkdyHpGIMYCBSBbLgIowDPjM0R4DIPI9z1ksIOD6voAnJeLwXaYwHWiycAPnW+Caoe/G8qERAT0nsANj+55G9hxnD/C2yrnrTY0TbcsS9pxIhp4ZAs8lt3wvcN82RoRlpkC/Eqgb+AB0Mr4Az3QJbjY5ZbZ7bEvtJlWWy8jd96HgNsp2fEFamMfE7oDOOtRveWCc0XPAJHjnPhZeZmPck7BVPhbNd4NlqDVZNm00MZrVEmT3MTzd/wdWb8sGez3YMZWmOPX3p9jrdJ4XIKVl791xB7xI8spcvBXk4Uegw1Y0KqJHl2s5bPnalEBbLyxXtO1FV/yHWpyTRWYd6fq1+W1Wlk7LT+v18LhWi0drtZoZ1pXdKn52s39elW0Vx56vMYffKZ2Vvh3I8nkp0O00c1Mi3ub+uqE3V/wUC3oqwPKthubabegn9SwO/7O+CBPCr0Dj8oDzJ+wBegnj/8G2kaO3i6z63GejbIJYwt0hk4rsL2uh1ef1kaTKiXfd/R3PgBaAPsA969hzqYm2ycC7cY0H83DQOeCjtqxzTaxod9M7AgypbKD0BlzN7hDHAhtwzkvUgekdGxfxlKRyRRa8+EU7dz3oJHeJcQ6ZWSfjF1W9LTJ42O3L6nxqKMpooWHPDA4MY0xP52es2DoAY6DzdYvWrdDdnnyzdE2vpDFBuNdVF6ZdC5+ygDj93luWxv81ieaLhP70BW7bGUUddmQmVS8rR459p0rA4Mtjbf7KCCc5fiQJLmGol673aBViWSvLvOf+VqRNRkMPIYnMnGLL4WUwp6gQ+ASgnoPZMluZ+i+KoXBvpV8btRz6TjhTzV0uegxJDb/REg7J0a/64sAK96YqbGzrBWC5BDcuPE/5ZU7F0/XyaWt2l1frFu6PD3gZtXaKi/zqVvbu3Vr56Bubh/UtZ39urx7UK+PpvXjCxfrzaefrBsvfKp2P/mRurK5KXqtDNVQHoX2826k0jH0V5onoA+wIu03nlSQVUnrK/HN+kCgfMrBZZxEj8eH9j4HGJP0L2UomDPQZByR9tUycpCLzwMeT81m9vRZ0x11BmtqDaCOMdvvf/aqPg99/5E2W1Z0qaY3JfqUxpbWvlZpOmxxiSzjvc05ABu7oAbddqNbFWNEXFTgHATMFCDcggkCCJybvA5EKYROGw3Fzj7x7AB4BXQElSkN+g2zBmq3qugDrKvRYAepHa+tO42OtB7Ths8DgU1FRENLjWUrZ31NVg8ssaHrjBznMIv6ptPamy/6oBLKNJR9Jmxb12MSp20gaTMgt+E9uLWRdzWsrXynv6l8n73aKYFDPuABjGwGHDxNLGCMeWKfcSo7r8/wo2hty+Lnh9l5B9ZsoigzrIryZDTBRoOae1VtFY6bHFjgi0ilsV1ZmmN7uVzkpv1kmscj8g0m/w7E/09GHhOV+1Lw0TT6hTdU5P32OshH/ITxaFUVp1drcmajJmc36mBjqSarS3Wk1dhtBcKrClbvaYV3TWRX5Id3Nzbr6JMfr9Vf/Lnae+rx2l7f8EtXuaSUUP+mERX4zHOBfBsz2SmDx9fiGcrYmXtiJmow1MkHzmtPOi9Tu2TN+rL5i111+NE8hlnfd4DvjvlCKltim+qVGfjBibYHJqOU9mrrbrKTYndsM50wpFjY6cLfVtlQmK2NZfSYStDoZ4hkoUCWyDO/GvR4YoEaAPbOvIEDiA5lznDsQkwWQxL1ccq80BktMh1coDUmddlMOgDqY3DqYvTMJvRQZ6epbCp9cpYRn48dYtsc4g6b7MAuX2UH1zmgI2yH6AhYdIIDlXTP/JTO6VukaZBo0qWQASOLPZHhM7826q2/ybJNzqSdoC1zoAldkuQth1T1Pd/baNvJt7JT7U1Ko0e+kkYGvXVSg87WrctazSzzOwx+uKy24Ve3RwFFDvDqBBv9d2QKPFO+MSRSSZLvHbp7JDvkAQm2jfIHf1tHsBqNuN91kue7uOwU47Hk8X+UDn7WqV1yXIdgqfbJUhs2Ly2tSFXe4X/EX5VtbNShgtZofUVBbK0OTp2qg3Pnau/smRqfP1fHFy7VeP1MbWuVta1+2pcudGjEuk20n72ftHyCIY8RDfq9HfeDdvg6kDOupT0P9L5CVk6inaavwCJroLMjQ9NPIIwnwL5ka7RmjfZWFz8N4zxsCAut9SYvBg7uY7fb+Hn7zNnyTb55Gqtgvs5BsQWdyIhM95vsdw30Vq6sjwGhW9r8gCmmiE7NyCDYcEYmWBjSSZFAPW7wWG0bQvgMnSmB8CU/k+EGzuF6QIDedd4pht+75QfCzWSQHvhVh53gPZHYTZljgk4cnrMlOiPX9fDJhqw2qZ3p6jL6oIztkQFYLx0i1NAR+KzJhwp7AAK3WbUjx4Gp1dkW6hrA2c9+mZAgO20O6ORg/Y0ZnEuuNKH3Xk6btSuNvQRU1YEW4ANo/G0jZLiEQM0NfGWXdIbj1Ya8dUENaAFFwUVBipUXP9c6VJ7dl3fQqJt4ESL3sryKks5cSqbfUY3rMZHfzEJP8OLvzLhfZvkELe3IZHmVwBU5yO79ie85C3sFyIlCDTgSPfcXV9ZXa/30Vi2e2qyDlcU6WNMqTJeQR1takSndV+BkPN98/e1a3hnX6iLPdEmXWi4Ntm9NeV7YiJcTMBk7JHiHlsSRlO1fuJX3OIHEdQkePW9a5WlP77uMC3bkKNXH44W8wO0U9DIwBPEG5NHjoCN5DliiNw96PRfQi/zYic3oypgI3rvqPA5Ba2M+kAdIvJufutggLtPO01m3durm5+CQb8TI6gA17R2uqjoMWWQQvHSAsTuHwUGDfAk0JxDAKRhih5uvTWZlLG6OnnwvEm44zuM6LQ23XMmz2ciHjpLbmcZyWYouGt0nHLyeyNgApXkjCVo44yz0RiYHT+BBRhw162hsg7B1igXGBsviIx4mVdqTQZ085BySZmDgrxmA70GKjQ6yrcgUPR0XwtB6Fz2TDIjN6iNtxhsXvrQ1kL5SRnwd3/uKHfr4/qgNENE0HU5os8YCD0SsKM+T7AQiByFfymmVxGXehGBD4Jk4gKGWSz9WYFz2kZ8QkBhXaqNlyH5sQJFPLlJ1cDCqfR5UhZ5vHR3IkDNVyg+3CZLR78lnO1kVLmtfqSX+eFghZ/iyYZFnttQ3C8tVKxu1tHmmVrbO1sK6LhNFP9biZeImasV4/XYt3dr138EZHKvyJthD7bksph/jO/Lpc/zJOIKJtrS+FKLfBwQos9nv4BoeMA5aiR0uR4WHJ7qA6EMG0L/hY8zypyXoNFMD2Iax0XhIut86YItP4PBq7zb2E75t0NZjAfTdptgXPgAeBzttaEFWbzcbddmZq41JEJomRgdkWpc2jzVOXiAbTfSn3p6/s1ExmEov1TGSTUx9V3EAK2fyKIXX0OpnPDhoxhT14U3ZJacW3/gGeYI+sT0BG64PlJn+gIMO0OoiM3LtYNkzyBJ+sIM65yKbMmdHJuRMevgGQlXEBigszHycFSm7HchpOsDF3+FJB/Vv+qIffIuXjS+db7xKHnCuw7DoBW9dhkiiZkarkj5Q5GQxa2N4oYtN3kRLkFzT5OAtoprFsjOrrenRtMYKKPyukDdrELymYwUZBR3ftxINQSt7VmW+US8NpOzYxoFv6RYVNPbH49rhldAELN6n5VtsC5aVAJbHKBLQ8o2md3TIn7j0UIHIb1nVao4b7kcKXFPtPEE/PVmp0eFyHUyX1JSMR6yg3UujSe29+57/oISgpVFS+bMNBQkZzbNdXKLgK8YWfmN3ALPv1BTGCb5rO1J8YlWlcW0useP/jMO2moPWkgSqDwTHhvtzgk5fQjPIaicUfIlNwUOjXSL9mu9mA2mvnD9heWzJPtcLWCCYn30ejIcndJbJhl7aJ5yrOt6F7Lnklr1uL3S9/k6weHisJnwRGfmNwLjmDeHoCAukY8H0iW5WowZltjJZAHnQgse4buDM2OZozjCC+cnfJ9C8zAwEiiCaDdaBuel86gY+qNwZSpuNyPDvHNFlhHbVIdcBzbIbX5fRstB08ABs5rK7Spmuh3r0gO/1tNVLXuVpP+XBLumGxmcgt10FHVLfBp6y1tOOJIMM7y2xDNoUf9uvhgS7iAwf+U4Hutch2ycG9xNIbJPMRflPk3xzaaUWdPmnZYgIF7P6UcDwYwxtVTSdjBW0xrpM5Cc+fGs4qfGIN0VwE16XjuJxwG6Noy1MOJ+t7b/FmoymtbeTFxMSAHn2Kz8bUqAcKyhOuAzNpSU393f3RrV3MPa7wEb8zEeB6fBoVYFVQWrESu6kdvaO6sb2fl3b2altrexGsnlyrMDHQ6lcGEr36tp6TQ4mdf3yDbU7fuF+nv9piW9Yl+Q72cfZxOMmLmrAhMrYJu7ZmWofbSLXx37vex7e9AOc4fIGmH7ogw6qFc5jvY0/jfzG1WWSht92i9Y4HdmVjW1kwLkCwtSzexUvPs9foNfpgA74u0yQlmWcYC51TmlOghnPnjuU4KNtIrLdIvEJtPG7nkyvB+fjDDq+64Fi6bnPffafqIZaV4EfglaTQN4KzCQD6eVUmMZBhazwdqQmkZ2m3Q2ADvIWqIa6LmNIQptJGFvA45ouYwhcIok9yE1dL/fgmOt0C3C5Z/oqY1Zu/HPHjrNsoUwpuchmUFJv0aogPwQO80WGClZrfyjlyWxwBpPBnCI8oW42G5/K2NLbIh7YWpstWFl4GYhg520zQikBgrx9ySaCIa8NBp7pggk2GVuLCjAPbizVvZPtunHlslY5arsCxPFYvKxyOBkda+WkVQ6z15xKj7RKY3XFKkmLJAUq7QpgY63UeI6LnbqxgtQ+D6c6OE3r1MZqnT9/yv8yRLAjSE4VtAhW+wow+we8835U2wpy/G3abaU3bu3Xre0D79t7B7W7zwpOQW1/Gj7ry2UubfbzWCs62ahPeEyVN1Hc2t2vu555ojYevrfGCm6cdqD1aSZXaHKLvWI/Jsj0lbu9pzxHow0ucVA5fZUTueWYJ3xhaHn8L3C/0F2UodVO4Eqx6XQ+9O4z7Ujxice4iLMs8iZU2trhlZbssoxW770Rdnkpc6C9xqROFYN+dOg4X7ZNnn8pAr0+cyp1XQ4ybavqSTuYo9XP09qSL/0f/1EzPUQdyCLChFJGgIr4FhzIwznPg1EoUN6GNEczkNPRmeDIpGwTI8SOSQNmwYvlqw0e9EWm+YCmusuDlgFifuyftw85zpJG1/sheiLPejud+NIqWyG86CK84cgq33DBBh+7UmWgcsiHtttPwYGRrfvDIlVuQl0mA6LhLKUpmFdjaMrBRxsngOYv55s++zVnR/Qe886tg936ybu36lNrk7p5+6YDlZcYrMJk7tIKr3VeLd5NDyMPshLPMIU/kx0pcLBa4+l9br7v7u1ptaQV014C0e7+RAFov7Zv79XBzl49+uCleuqZh2rr9LJWPoyE2H4ooZN2ycj9MHa/AofABG6av0Sbci9OE8YLEOk91mXnlHsmyp+Ihvfjc6m7f8LKbb+mCohT2TJdW64nf+Xn69ynP1g74wM1LX3BuAW63+bHAvepPN47XgA+l1yyXXXU9jqAfB8n2KlMZOF0gcebNq9K3eGMARrTdA78iMgJtMv3yja50CmX+dbq53hSMDr8TQZMXU+X2+uGMkDWYvD1rE2UGVemNfn7eJX0WOAq+kp18/xpU4hJ0wL81cdpTtIYsPTsZ7XyAjBce4JUL+vgPAWSdGrQwTknBH+rRTmdMpu0IL2p3M88faJaUaPxUQwYGuN7GcjR9oCzjDQkeqID3i4bGr7J6rxNRRIUKGNaMnyQ62zkwt93D8SG6zq7nV0/Z+OszEKHJC4dyXefQAfAG4gdQ1mJdSrbaYG0CbnBeyU3DGp8zqBsPCIyDfStvkk30IeWTD2DOSXRINxoy1hc1vpjOqqHNlfq7Ghfl2SqWNQlGS8PHI/8c57d/YO6vb1btxV8bm5rv7VXOwpGt5XnPxn3taohSOzuKmjt7/vdXdz8PtTKbKzV0Gh8pBUS/x40VnCb+E9pT589XWtra81m2SiDjnX5Oj0kEGnXSm4CPwFLY1iJYiltle8XViR/0Ss/gie/U9zbZ6W2K/t26urNm3Xj+q3aub1bE+ldkiyCxO3DcW08+mCdeeQDksnjrM0ftiC+xC/G2EfNv0aEDgBngoajXwxGdQEBy1CKnvApT99R52NScBnr1IcmXAHzWFZoOngFZtr3QUNBipTwD4iBB3mASzoMgTDVAfCyLas9ZEWMFx1UQ97kAbGvS1aOqsYbROqgG/Sbf85Hpo1Orbx+y5xUzgvJxM7EI88ZOvdpGEx0CpOTr6UTzS2cvYHlNbo+2YfA2MBmmI3JqJLyLOstH5na4JsZDkMOCRI4itcKK0gQIJAlPITvb08HSzWv2mbHxPboiC6bYhzVoQXcDuVdb+pO1+QrGc5E5mMVmOsO+ILnA72VzPBzgJ+O4IUOf+Nj4eGLTqjCix8iKl8SdFEz2kbnwRd/WT+E8IFTxv2jkqmwSauRk/1b9cnTp+rsa6/VO++8U+fuvVhbG1v+udCKfzKUb/esy0HpUAGGB0mPZT+XsMJxA59/ppZMJjA34kd70xodKLhoJ/Dx1//bCi48WnHpnnN1QQFsc3211jZXa4W3uEoOl56KSVqFKXjpMjNP5GsFNuXH1GPfMzsU3vfauP/m+3GyT4s/TizuF10D8nOfFUlcVXq8eFLvjG7X+jOP1Af/+q/U4t3nZKtWBtLB1wvotX9kO5v/KZvWtTHfVzI0zc40dfMHG36kCmyTYYkwiA9ef5smvOcYdqoul6bwt77qsqAXDRB85KqanMtgvbKGVqnnBfjBEHgiwwB/kzYE23mgGpqYoU+zxYhAykB88v4ydg91bX70e2Buq3yAXNO83wbQOQyADPeBLxsRps3BxYbiWMhQiGNJEUGe1YQUmCb1WZm0yAwjOOrbZG8tsfwEDKHgafI7nRvZaJEDpSOs9j6AEkAGkiHDNvCasxVAY5tS26IMfJEtWeT0uUN3A2gA6nImiwzspeDAiT8aDUB9D3KAaQdIG6mxHDaCTwfkNxrTzZWjXyXLTRsCwUd/dHulJxx5CPtkA8yvz6CDwYK9SBJft/aYG9WT/XpmdaW2Xnm53n3ppVpaX9OE15RWIGF1tLqxVuubSld4e8OSBmJelczPdnidDrv7W5dtC7qEY4hyCbi/rUvHXa3ceDXNrW2vjG7f3lYwGtfm1kZtIIu+4cl+xX7sipiMH/7qjNXVoVZjrOL48qA/2e9vecXLgxP0Jz9LIggt4RPZwb+D8zJDHoa9WqO67/OfrId/+jN1fNeZGouXALWoFR6PXcgD9hcbwpyq3H1po1r2P/FxA3C+F4lc+7vJMw30KjWZA98cP/VAf2TAOlRvWspQSDdUkZ/gQR2Qo0ComV7KLiVtuEgTmEwHC+8I0oADkrZUcey+MWKgjamRDxkplJk/IqCvhOm+Q10PoIM/2KFBJ0XXJrPwpX/8j3Q+DKGDSKtAM85gsDAJbIjRoZ3PJ3g1ZQJPXm02SDsy0OEVDwQ6gNch/I0OVNcXSY1OEH3aqRPNPF/PhwYi0QsHZCVHvYuhgYAUnkbriX4HZHWHMwdbfIBbOQqq6HoB8kNHtKAErX3ReTqIRopn+WRmJM6k5DYZmvWDHnC9/a6xXgZ6P8mYQ5WQoq73iytaHTjqoIGSMjfsF7R6uahLqs233qzr3/q2LiNPakUrMs0Qv1jikICkFdYR0Uw83P9a1aUb98DwnW+8L0nfEeFjuSZ1WCNWRFpxjbX6Gmu1xGXl/uhAq6mpV2cbW+u1sbbuAHms0Xqo4OVY7ACWtvmPTwQKNQpsku0RLOvVhayY+JJwUXbzjeIh8VuBbZl/z5C9S8tad60v19HKcl367Mfqvp/5dO1tLta+gtmSgpZ9YD/FH8NkYuzKvj5W+viK46BMXVDxsX3Z+gC6Xg+1eSiatfFZV/O/c+hP4LMKYfr9HgN86GKsOdvsg1i7x263v8uFHlbjGjReMi3JwTa6YP97rBBEOLF0wnwMlit8t6Hf12s17RNqfBx61MRWF94H3f7o63LYVfp1BS/roIo6HdLQFoRkbJiSuFNMyKDivlJbTQmVlVWPojJIeWQMnR0FbgD1fLpNfRUEL/TI7PxA2MNj6V0mllofg1l5fXhwLzyR1wcgE9qDkImgzXZ1Osukcywuulpdl49mFIDycpeM4I52ow95Si2/6ZrJDw/15DwohPdmXOrR5RWv+Wf2WLmg22po+lxs+QHAd5wF8Ul95CqVfxgDyAyBdDun/lWw2Rwf1OiHb9Teqz+qRa2QFqaTWlfb+GmPmCxPrebmk/+5x2f/hePSwqhGWuksSgaXBvz/IT/dIbgwrBjcE8rSvajAwiulCTgLK0u1pstGxpYioFZWXCaICBtlm3+wLQH4mW8xj6asuCSPP/JjbiuYnXC9KPa1pVWt5FYsa2lVwXV9vV67/m6df+ax+qn/+n9dP9Rl46EM4htT7oFJqk9oTC5c0SdHfBNb04fN5/QP9GBM2vAq2O/C9HLvz1BxaCtT6EQDkNz53FaCXx9jFOyDNtkzxpQ3b/SAh2de7oA3f8rIgB+KXL7eKeP9ELxzroZ3hg/9ILfr1e4VofAhYaWseuVCAczmaJczQOPpds0CouY5j0q4gVaWCYRUlzg4B3MM7c5I5bzTJZyyNlImtxs3T49OJX3ykNCh4YUk6XwDwEENBtqOC2YQGZx2Otn4O2S0lYAHQ/CR4Zx5etHJUBe60LLP2gvYsqbmTrqUk8nA64UZnjTysjdROgwTRR1FHZ3fuOYgNE5d3zYXQ+3axkt+3jfWBTgjmqYT35tDwQT8RPiJLhHXLt1dmx+4v+rcmTpQ1Z4u8UaTg9rb3/PzVwQQHp/gL/05sfiRBPt1SauxZX/juKIgsrGyppXVRq0r5cn4RZ6AV91YvDvTcR1oEJ9/8MHal908uMqjElke2zRNYJUJXrpcZCDTFn59sayVFGNubXG1Nle1etva9N+rrUi2yGt/8bC2p/t15fa1urxztS49/WSdf/aZuqFL4zWtFr0SsN/iL8DlXrD+9Ie91/JAJ4HI/hYCW51vYxYioQTYPMejzIwHueDoc9ra+1+Bi/uLqiI/P4bZUw4uMtK/g44O0Cvp/D1w5QSZfu9Bx+B8K4fF7SFYWhJ6tJMfbNJ2hwyhe2BqJBELnXYKkUHbKPsz0+cCvE0+9Tqw+9vGwQmNw8aYEHxPCUSubuXGg2KCFCAmznA42G/+nKeBWR9swAHhofHIoxmpd5RWTYJa5KZOu6DbiA5kA16FkVqfaIjOlhX+TstgN4fycXDjV4Ku3oG2T8iZ7dgdzY3DPLEde0UDQpBlfuedrUJDYxKXZ4FYhxhvHdhlWzjLGh26rtu2IU/1bpcrI9u0IJpdHWxLywfSfm/mi98Bbmhzl2hQuCS/qW4sfcebG7Vx7711+sGHa+3+D9TiXXfVaG21bml1dXOUJ+R3FMz2tTLbG03q4IA/yOAbwZM6kDy+KTyeHNdYqyUec9hXALw12q/r+7t1ebRdr+/dqtUHH6gv/he/WVtPPSJ967Vy5lStnN6qiYLiRMFopEvRsYLZSONssrIiuTyFrxWdVivjowMFUgXU0W7dHO/Wznivbu3t1NWD23VN8m/s366D6aj458+Hn/ugVl9P165sXbZzEhTsN/wnjNH2S0O0oie9MqyEHKRN2PBKPVmhY/yprj9y0cecRengOaB66NLf0Q+ZxzT2QCvwfKDEoBP4dTVK+5jpQK7b8X6AttuaPAVRWpDRPbEdtouVaOeDVHiKfEkGGG3aeY1NpgA8/HzzbznGpW1w+2rIWJVafWfucwRAxwAmk29+/R//ln+6NROg/DCxkkIbo3O9Oy+o13UeOo5q33NROm9waNIYKwyz8+C6HG9KOfMQiPoqLoPCxKqPAzofYHHiS+e1pWiqDOBF3gC+tIXBRT71CTg6WGBCFgCOzyyN7lbH0XoxTzzO+DPQIMs3+LHbNaAlybpSJu9cO+TeVersAw/ygGmp0qHXzQZGbJqBcDGk8ZnR/JS536TWuM/Ma9rQ0yp5x/3BRQxYXkezoss77ovxSMUyD5O+9nb94f/7n9V473at65Jy8UgrohNWYpq8vJlC/P4toZqAJFUr+GjVJoHInSgAPfv5L9RP/e3/vPaXTrRiWyhdPNZUK7CxAqPvRXGJKDrO/iv8FnF7p776L/91XX3p+7WxvlwKl35GrPhOUXoIVBo+WoFVrWpsrGult3h4WI/88i/WuV/4WQXNXeEI0CJkBYIt+Jj24xuh+eIB8Nimj1WHDdRB5xOWtngw/Rdx6avIMHX87TQye2plAvjRE1nBBPAfSePTbrnkhTPfnD74+cz6WvYoyGNGt8VCGl1o2CVJ1cw77GA8BdCfHScRWFxWTZM26FHGif3lOYY8gmCzRxt1DlvCeYUJm3anyDUuWMshn0rXQbz03E++8E/IpJFMECgigAkBGKP63pDeeJSmEciSMuS3uv4PKoCjtGgwwgAdm2jNI5SqJZ9c+JE3OG6OFz5oO1ifPthqbsrYg1GmnK9PB4clTqRgPTC3MkD9HWA6cDiv+cllUgiEbOrsOzqt+YaK7hdg8GuT52MIjfNGqgqfucwPD7p7p3balkIsmPWbW9fw4mn+6TDPg5HO8zGerDYJgCIe1zJdNmAPOPTwhgmC0dGyLvtWl2ttY71e++a3a/fWda/WpqXV0PGkRsdTr9wOdMnn1zArPVxQEBKOIMYfi50+Wqp7tk7Xhz7zQp199CGtmvYtn1XcRIacrItqbUWpgtLWeh1vrdRodbFO3313Leqydee1N+rSyWKdUrA8q7Ze1OXjheXVurS6Wvfo8vSSyncvKL+wXueX1ur0Y4/U4uOP1K6Whkwipgcp7ffJnAmqVShe7Ce03ke+bIqTBDoEDbfp7UP1fTwlfOPt/AOL5WacaGA2eeAZP9iSfkwFZY6NXuguDz1cTs+vYlxvXvSKBl4ODcIbfmC+fUDagf42Z1WXIKOtmWVqcI134J/DQTWTq7SZQNJHZK+FxzZCxtzpcx5Z2tA9gHAKXp/7J0bygbHVk3ShgNGtbgYS2CbFbFWmgg+NG8XNeCYVy10zaO8NzNkstEMDANNonxsIBI2Br9ObMBqhd2r6Vt9pAEgh0t4HpQeDAD5sRDaTChrTCvqAAeBzm6hn6/ZB2vDeDSl3uQMM5GmHfwuplHJOII3WYmaybC+8HIwRXSeFv6W9vhEP9oa48TZ7uNSP/T4Gj13aYov4w9LwWaUSzLiXRaCaqFu3NHmOf/TjWn7vam0pFCzrTK8FlFdfi4eiVX5Nl45bCjJnallBRgFlbaMeXD9Tj22dr/vuuafu+9hHa3LXuZpoMvf7VXKwb8jzlgfKXP6r5xQcdckoW+5T0Dt8+Yd16totBbDVOn+8VGeOF+us6s6J74yYTmvxd1bLq7PCo3/j0Yfr8ImHa0+B0Ss1z9OseCQ2/tPHrmAskLEpEApaGTAtY0B2uj+hUWpZBtL0gcXiZ4tvOqTXJ9VW1icy5yBF+hf/97LkKtPHi2XqYFnG2QzjYlsb7xA2GPLz7WEXHhFGR0jq5niBGVfqXO92KuWjdLYIwfbwz27h5EASVWoh+iw40ufnjnU41f7r/10eUnUlGAFRP6uqFpi0wxT2kHXcAM6mg7jMA5xviq0UB2ozH/KazkEKaHc8n9bQrsPZ3gGR0/FDFl5D5GbVopLPlKqzDB1AdrHCe1nK4DOBsdoHDXdA2pFB5HZx/ugiyQh6uwdo+NRHuaXrY1nQK7Utal98BkdoYbOv0CY7U0dtywwwN+BU1/2Ejqxc4xMlg4zU5T6dFQ2VaWdAOpX3ysR82D8PuhTUfkkR7vAP/mNNvvoNfyN4oFUXT+bbTi79Ren3Yynl34OwFQ1c3vGznfED99bdf+tLdf2eu/zw6ZrYCIyY4VWQgws8CmbKMUZVUxcV2Xb+1e/Uyte/rpXVsoKmAqRWXasKpuu6XOXJfV6qSDBc4fU5W1t1Q0Hy2x9/pi6v6tKU4IEOpYfyPwqxy22UDv9Dt7ZhPAmX/gjcSUugbT/v0cerB7eBgmxm0poh/J0PAE39nMCWCsBZYKPFFvyhMjsnP/qY+QEQMHwZibjG5reXUMf4UmrbBBkDsktYy0UmdrhSOzKSRJAhGPthqJ+rM13aa4x1NH3awPLHweixTpVtexchQLZ9Dp3lCWd6yFQXJWkQjN3IPvm6rBgZRXQQKZUWrC3djZHCyUj4u1EEFVI7U2BRdpanfmRB2/CA5VlkDO/6k9DI8HsTb4JPABry6EOe/yvRqwvV9cY3fuVgabY2PR3HQeXgGBDGDLzehLL+hqfdDJzGMtQBGVzB+bKSOudzsuiBK+pnNnQ6cN0+tpkce7Hho22gU3vJdn3Bi0ZpKAMhjw1kCSxIRWImAauDI+/5Jx3oeMaLvOwQAwFgg4dMdal313hS9xye1H2Sea+i0z2LR3WPVjAXpuM6rUvCjfFuLY1260jpdLpf20f7dXhmtY5PreuykpONzRKkDf2mN7YcSk6/ZcGT/HsKTGeferTuvnixnjh1up4+f7YePX+6Hj53uh44c6buO71Zd22t1ZnNldrcWq6lVR6tmChYMQGaojig3QhX3mil6g77Ht+IPnRUp0+6T9lTFgvOMwtyyOijvs/kDS1SXA9flA1tSl+Z1DJTSBmwTtkCfZ+LPKhrWcqzWRf2Ku8xr5x/Lqd6jzXVW47wyZs9NiEBOU2W7U2l6gDqhlzkNBry0CWIzuiAQZ42XEQ9Er3bN5EVOkrNHuttsvWxHm10jSpcZ5hXbkaAFLLG6Do7BhxiYnyEozyrGVe3ug7duA6eGILgnQ04zyF4y+lGCmb0zTYlqY8d3qlwnWqwZ+BJvSeqWDzYuv0mp42RRuDt8hqzaWmf+QQ81Z1g3XjNGYhFkdflR69qoJUfoTG/jW0+EZJS5zV9g35igCb1BJJ0KDKjJgPD+cZrGe8rpx25l0VlT02iAyUs84SipPoMTIGKnOJ4vAo5Rzz3dXqrDhSgFg/2a50HPw8nksPXjLrA02oM2hMFGy2Hamljvda3NmtrY7NWN1Zr4+KZKv4r8XDqJ+LVQ5IeW2khN/ajP/5AJ/iRlnLL999b21p1vXX9vXp950p9f1f7zXfr21ffra9dfqe+cvnt+rPLP64/eftH9e9f/m59981XLdv/fo0ClpTIb/rwA/2beYBaKhMwgPhdeRfTc+B6kIXJ5rLr4DEkPwPOW376ET4+0RFfzq9YDL5uD4468xjob2vpxRkYP0PQljv1pp3k+x5QjbLU00ZLVx18BuHcdA5BmHbGPw8zue43bYwl/Bh7Gp9pIs90pm3gOtnLWDWtiqqXNSFMEAlDv3QbDFbqzQMYaA5HjgUH3Bh/kAKk85Ob0XajjWyGkqKjAygkebf+gO+ZNXAQoJNNC3QqBnaQWOz2mQ5dGRwA7QHADSIauO0Y6crs/oYJfPsyouuA2d9YSluXDdJsKmOjB4nRwqvcOwcVyDQdvhJy3qfAzN6cUfMQI/woiN8GHpT2svLcxEUovupS7e8OyEEMG3qUH3xGhWxdliyW+PBn4GkFxiQVuRZgog3fAYcLd9X6hQtVo/062t+pw4O9OlZ6tLtdh5THezU50Gpr53aNbt2svZs3a/fa9Rrd2K2V9VO8NN8y/T+SusTLW0xVxirskz22QzvxZkW2Yet481SNz5+vmwqW/OHteH+/pqORLpUOxXdU61oWbknWXQtrdZGb9gurtaLV+PECz+THN0imyfjPXSv6RWn2eFUuvgSfvnCWtpNVufWw+wg5FjUHJtOeMZHVI2KQ5b6kzrLVPk6M+kSW9jukJU9fALQfGb7PRTq3IwTqzp2gkbzHoPLs82Ms5fi5y4QlL9gMDXVGuhpdzR7LY3432zoPG0SCPm8jB9wsT2q7zNNABeOTVQxQP0DPPS833gGLKvCzeyVdGEAgM60FWaLzCXzhA6jjq/QY0WVD4EqfROBjQs/kpZ4GRJvyDlSSgH7om3528pmQFmYZpOgTgcvGUQ9YNml04uhYN1A0fYKG7HYAiILPPwJXSufGHiqbDHS2FDydyOuJoQc/G6w580E0r5/6nFkiJ/qRxWBI+7lvwVCmA8E5wEClfPTAL4TR8UP0di0JgDxMCnhygKUeexQRmLCGJttlVStsQsg0bnJ12ajOJLjxf97Hate9+7v1yLe/Vfd/78XS9WBNRro8Gx/5nhj/Yu0/pFW6qmAyWdLlztqS8mt1TcHq2he/ULs/8eG6qaDDIw7pS6ls/c7AicdARxYB5UjLuS3h7v3Gt+upb36rnld+rNXesgIXQRBWAh2gkanjYr316BP19c98qN44s4HlJsgbbX1nr/wP2riSMU2gdl46iWrNlZ6YwiHVk73RNBNjc3LNlW3c8u2D8kOfqI5+SJFxG97wu+D8QN/AQTCCB97ohp662GO7maP4z3i8Fz2mbjIGWezmiV0dF76UXLYeETU+t0Py+xjOwgKqVq38/BymTxLEqOTjg3W7hMnaKNkej9XQIHfpuc+90B5STaCYAUJh68KgTz1HUJ2apnSjfM1Ons1lyUWxNsvRp69CbBCpaFynwh26IFfZMigIZ3ptudRLff9mxfQkpk+dDspFN7x2WiO0CpNAk7r3g+UrRbPPvNiADCH7ZWPq064uwXyU6ZyGA4a8ZTTZPQ/9YMKMC3wHct3XLjcZQx7aQQjllqN/Qavsm999EDcCfOZVLWcWn11EZ/74UmEKIrcRvKar8dAhYeFEk1Jt5QfR928u1pOL+/XYxXP14PlL9cT5i/X43RfrwbvP1cN3na7Hz58V7mw9fPF0feDiqXrg7Pla1OXm5YcfqVvnz/mel3UgmLbok4CfJnTAFr/pQfhjraLOK5jef+t2PTo5qLVVXZbWpLSWqy0FyQ01wzfvFbTXlk7qYH2rrt99T93UZatMtx8Wj9UGNs0qr/yQLVvQgR3zJ4oYYsPAJElOx4wRSn2MAHfwcVQCHVvGcHh7HbLMbeGMI5dmICJkmhc2JTMb02+2wzoCvb8tT/n5cTQQCWyX2o5O9/nAR99r87jWZr5mmz8zuvkUG5FpMaafgfOq6LIMynqB0Ajng1yHpec++9l/0sxvZw8NksbRG5rgkbIDDTi+PVIZXtOZNPQdaEg6J0u9O1Y7lkW9SV12FnyX9b8ks/FxRsAun5Xb2WHeTgtBeFMw6GRT2qwwmTu6qTFvT9nFb742GADrEW7oeNkDV4KmJAdtCG92iJwCTa5BaTq20RmlfO+598GMJhM6QKYr7nLSRhNJvkstb/mNWTnhtAoiIGG8ivSyz9atPisXfuajNiKrjRX3KIPMkYbAVrV6OK2db3yrdl58tQ73JrWzu187uozb3zvwywh39qe1vz+p3elhbY/5E9jdelsyrj/9dO2e3cpvDaUa82KudKFJNH4JoPTSGjRy4EuDQwWoVa2c1t9+t7beeUsRa7PGC9M6nq7U6GixdmT/juRuLx3WzaNRvb24XLefeKxunz5VU18CE6RYPSKZ4JUx0jzoAOkJDA0rANHN+9JzwT7BKMBete3NpT4MY4aN/k3R5Q4hieYuw9CSZGJdv1QD+riEx3zGJt+lO99oIrfVNOL0s0ApsqGFzkGRXeSZ95Qzr33lRZXnQeitQ2WhI6PR40gSDmjOIiT1zapUmGgGkdHA9aL+9f/uH1muaq20B4CgZrgsa8WgnYagtA+iTgv0FPBkFi2LvSHQabOhOIbGIbfpNDQdySfpzgABbx9EnS6XrRpAg+1pJvV972ckABv8ER7ZrkHHnB2uI2O+0JsGeXa4P9YZGd35AtHMwzBIlUBD1md0LkE14Dt+gGYXhPZR09thPm/roXu/TpVpc7DoFNEcEHZcCW+j8o+i2WwvKzOw+FUnHsanLvUkVZdprE40cHlfjS7PWCf5xHSUi7L7JpM6/7t/XGt//B9rbeG49pa5Ya+AwOpsabnGy0sF6oi2qZ6fCx089kgd/+bfqevnNmsko/xkPg91SQ+rISvEGmwT0Oe2T/5nfHEz/5KC04Uvf7Mu/Ls/UiDjubKR9Gj9tXBUExnGc2L7sv2aVmbb9z9Y5//O36lrFy5I/4jQ6IlrT7ndHGitUuuh/fSDUhOYaDiJmkl13ZeeL9o8LsTkPgQPHXkLSjv6/ALsR7cNOqPCi68I3soz96j2AaGN1v3dbIBuntblNocHmUo77YCb19PsNh65LneV4XH7kdGM9XhukEvIzKn5+GGZ0Fluyob3pSS2t5ff5/+l536SN6nastZQc5jYjC2lUQlWjJfQI5QJ791N6qwxEqBR1FE0DbKoGuoDHpSghMAG8+sz5Hsl8jqv6tg9eOZwnbJDpwMalY/IAW1V5BuuVcLYKv0Z6gZalyCjY9JJ0JulVXa9ndj+oF6bbVXesmi/IAPQnjI4rz20yfeBANhEpfggdEanvpWdZWs8zmvzpR9ytfEhSEDBKqqfdWFmNYKVtBAurzqkDzrorbLZxxRcFe+F8WHdf/t2XdTK5vz503Xx1Kk6t3Wqzmxu1Kb206trtb6+VhvaF/k7/gcequmHn68dggztc7TAQkm03dKlFP85AAjVV4ZadPGqLl3+HdXyVAH4ys1a2TuqpZWVWtlYrmXva7W8vlkrulxcP7Vea/dcqvWnnq2by7rQVQBGg0FtokHoj79ol9UF7zZiH0jlu//mYOhzgfut5Xs6X08b50qe8EAnyYlaZSa7Upe7JBKhPalb/w+MA4TWYnTwHkzoe5lsw9k+9lZvJe3oElXGNB7HjZR8bLHCefO/L7VoOJEV/3gH1+iCAUTcFNsup/hoob0G2nTWHphTcGdgaALEECXBA30gzeqcnYlFVsc36A+zAm4K9U6QEVbyPZrjlKEzjUl9Mi44odDx5tdmhwbhfTaAoovUR9fPylB1nZEVcOcI5zNPDxyu1VGJO6XxRLcKjdl5iqJhVTPw6gNPh3n/ALatgeWyt3zkNf4Z2Z1l01NohjQgUNFG5PDeUlZI+aMGzr7kRaMJyyUjLwZEBrbzAhvHNb4eFC1/EUZg0zqnzuny7Onp7bq0tVJnV09832lLQeSU9tPiP7+8WFsrC3VmtRTE1mvvgQfqxmOP1558RQCxz9V8W6oDtuEjBy6BbUmVdl3y6tLvSHacXlusjXcv113vvlvrWnEtTse17Ec2dEl5eFh3TU/q/IgL5OU6eeLxur615pUkT28sq908s2aJsoNVl1vmdiXNoxXZcLh936Dn3a/4VOOCfCwW0IbGExpkNXrGUMtDF1FNj4CgBopx5zdMQNfAc3TQYimyPzjIBp1Ukycd6EXT+vT94DGhFBuciwDLck7lXv+fQBRbd9oj/ZorlIMzkffujw4939SEFhsbHT5gAZVX4jC5GqUnZZNjXBeqhFzI0qhZfQ8qrhyciawuO2ypd5lOaIMhlR3oSBDaJTqyAMljo074yLiDURC53dl9JQkdcjLwM2j6ajEiIgc60xsvnD7IMF7O67JI2bIkhrofJV11A4/pMwhsvxLb77z0N5rYCTcEM1kisx7orAsi8rLdNjCp2KwncgH4yTUphtQ0sBhsjG/7iUdDQoNEaZ+gVEPL81nGcI9jRbhlTXhVLq9Eb7ODxymg48FRnmjfevetuqjyhbOnakmrq+X2WudTa2t1enm11tYXan1NurT6uvnQB+rKI4/UWDoInLSB30DGF816ZdV6+ZBXQvObRC3TUC/9Kyf8QpI3qC7UxdGkPlMH9fh9Z+r+S6fribvuqof4ckCXpPefOl0PnN6qMw8+VLtPP14/XDnRZSyTSuy61DxBeFtp0rT4Uu3iBj4+l4N634UGP2KEig3ob8Y2/eJyG2soAeXxbVn4E33SMVxW0bf0B/2cb7Y9Xt1XvZ8ZD+CURS6S2jwC57HRJrsfum08Vt70Yk/wQBtfqslYQg49CUrlOVrr1YaoADKTgyQq4DGm0QcH9PK8XFeBNH/oQmVE091SVecXIYxW8FSZB0Fk0kAfUMYuh9vp7wehLLspChM4nAEqZaDnSb08VhFNg3wLoiPn6FqnZsJqQDh6z2R1mJWa42YHw/CMiqeXqAhG5Boj8uZlkseB0GEDECf2VHXOh5bp60spISiTzoKMNZmHzbzCAcjOFyXgo7MDNL2UQNXzczKhMS9S247uZofx1JOHtpVBMRl5MEAVDjj8m+HhklYlS7KJN0EQPMS2wDu3RMnN8vF4t2p/u1b3dmt1f6eWRwftgdL2xlpWBfLxjbXT9fap8/XiD9+uV19+u966cqveeedm3bi2V1f3D+uqeHRxVzsnS7WrtvHGVL95leCQoaPVVazLxJI56JEO7r/pQtD36PzgCMH2WCss2TpeWKnrp8/USCu7pelhrRzu19Hhdh3t7dTJZFxjrWavKIBeXdms6dL5Wlk6U5tLp/0OsGUFskVJdRBn91ta1X5rlz+Eah40ZugHdm3dv73OPtYeGrXLW6tvB3yWYBWwJCrBt0CJPuNNMS8zZdJcbqbPrQcigccXBOCF62MD6LT+xhb+rsDkKczLYe4hq9tMVa/v9gxWui5l8F23q5yyh9bzS9nezwZ4YRQgw8FU/W+2xpv/bTQY25RIiIo0bDCmJeCYlCA8WEULjxUp9eME1LUJ2eu8jO0yoDNtJjeA4TFS9V6JhB870jHha5mBz/IRbPWpJ7XtA58OTbdXRS5KPrnGA6B3kJex0GQG3wFRDg5KXau8V1RCBBf7MJG6tJO8KhswEEBQB40f+nS9DqTQI9OyQmtcqszDNr/KQwn+90Dz4JoNhi7LeR+xgSBLX4tfCZephB40UOZeFw+Brk2PavPwoO5e2K+H1o/q6dWlekrd/ODJpE4d7tV0vOc3Syzp8o/fJE4kc6L8eeFGr/yo3nvxldq+sVe3ru/Wras36q1bN+rNq9fq9SvX6p0rN+vqeFLjp56oqw89UDsKQvyFGk3mT2/581cPbsA+ULts4ol/h+gHFo+ORHdc04VD7VWrm1u18d5lXR4e16WNUzVeWat9Bah3Dqq+fHOn/u21t+vf/OCl+tbrr9fe7Wu1NlIg5vJ9bUttzk+OuK/lSW5DMjZxsRxpf9tHQnRfAv9J3nTaRRdesnN8OjilTmC5qvP8Mm8mNjn6GnA/m7H1uSBjSHXqT2OajC7P/gIiooFooW8yAowHiGayAduLSm+oVopPoNHHYs0XiH+c0QHeVhb9TO4sb536ZMxmPGNzpwyEnvEaeaLh28bMozDZEgwaJmOU3zE5yVoyhOERRfIN+v0aDzz4XVLWAwF+RU7lfVZQ5Sx4QRnnoTN8OjYB8GbZnXzoZwDOx6bTQZNUZeRHXZNnAa50fQIIgTU8tgFSlX2JyyYEq7gs96GJ87vewf6W7w4H+tkxwSwcoU/a6UlzYkABdTM66m12KwOd5448aWt7x7Fz8mIFBXggKGXnXg9nemhxL61d0Vps8+B2PbS2Uh97/IF6+J676syZU7rU2/D9oQUFKoLVN178bv32N16q3YuP19LpS7W/c7XGWp09ubpaT7z6Zq1/7et1L69z1irrSPiDo5H/Y5G/Mrt1cFCXV5Zq4zd/s66+8EJd3bnuQHQkQ4/2p36XPW9aBXgo1n+9L90EF3tT7eEh2SMFUh5WPXPqXE2u3K5r/+pf18f3R/Xs6Qv15vaNev32zdo+uFWLF9brzANn66knHq67L95XKxvrtT+Z1PdvjOrqmQdq6e67a7SQ4A/gbXIJ9PKRfOOfg0kv45C+mPe5g419qe1oNhk7jeeDmPp86mOOPvhPALouS/yUI0d4bcaBbNyuU5ovPMIrpOs6ePXSIG1kvDcyHXqtg4LqEOEysmmvB9CcTBdb+21n0F2Wg5CryLgCqU6BvGMsbWRwBhs54BPExEM1usXaTOJlhP8I1TMB1h4KK+HTWwA0I11LqymJx5G+lYeJ12Eu//6JC61xlLWnBv4WHBg0c4HQDdLuBtmG1HVZqLIMHZCLDPPN6XUwaSZ1vQbkNtvZ3w/WaZrGo3xWcuiObdT0/NBWq8VWZWOCwfXNNk8EtdX+aE/xz+yNLS4r33X3+sFeleHnFTepQkbqO4QDa7RTp43VFvgFrVx4JGHRN+AX6vR0uz7/+L31mWefrw1dMx3d2K2DGzdqdDyqkdrCm1EvXDhX585u1je+/cP6p3/6/boyXanDW5dr+/LbdbAzrYfUpl+9+1S9cGbD9h4fjXVtd1CrClzHC+sKKIf12uS4XnrmE/V1ydrf36vV5ZXaOn+6zl44X8e6FswYyU15GagL1DZe8EELxLy/flWz5L0fvFHvfO/VOrm1V1taeZ1SCN4e3arzG9P6xU8/UV/42Y/UPY9erK1zZ/2HG8dqK9utneP6g6/8qF4cVd06dVqBsK1gCWTyhSe67PANfaUOouo3AgU+Tl+/PzBBk37FXk54Q7+21G0Y2pKTRwfy8zxU9a7sdPRf10vlHXKM0974ggPZIW0Z6ACVKUIbVARYvzaPPvLwKd/bB5hmoAPmaTOOQ0MpsrCLAAYPq+j+ksfGonzoe7s6eN44eEGoSghcgWDKiOmSlELGz34YTExQBwdXN3rtfaA13aahM4ma0Lks/IAj3/Qqk0Q70Rr93ZaGNb8dAB4ces00pxN6l4OJHKMGmg69DV5NKWi4DXZSb1P0wYukKGttZlM7gFwmk4MnaW/vAKrANuTjp2VdVilBWNOBfEtt/s2Kg8E51Au6DwCOeVCw39wG59Y6D3S+bqPpyEgGvcFzUGq8Vjxa6RxLtspr0/361Wcfq88/+mBd/c5r9ee//0d1SwHhtgLT5Vs3611dSu6crNQjDz9an/vwB+vxRx+v/8fv/kn93le/WRc2NhUyFmp8rMvInVF9cu2kPru8X2u779WaVmNbGxt1yv/ic0ZqN+ttBYx/vr1Yv61LOu5nLRzKd6uL9cSnnq9nfvrDtbTFzXIqYrvzAvLc96K9q4srdeOHb9SLf/Dl2tCq7szZrZrKT0ur63W083b91t/9xfqFL36kjrfGdaJguTzdqOOxJsvSYU2OdrXCW6jb10/qf/7Bj+ulxbU6XN10P/HPSO4L+Yt+WNQK0r+x5B4YZyPZ4Jcq0j/a0iNALyeIUQ9/v5QfaOdYTKfNc0wTmrLHIJU6RIay2KK6bhdl962lBDI+mnCy8Loi8xZ6wDzJNh6KTZb1tDGDDn7WpLz5CTiiz1xDbBMisN2WAC5+I4vcTuda4f2mC8nhxMSiIryhGPJNFG322GdjxZb/bYRCNBhLA5TGaarQB1w/m3RaZ0yXkhtiwZAxMfObPiapSRohcoEuql+SAVmBzE/MOMcdI/0EF599MVFlNtuGHXfwBcKfxqIN1ZDAix6iPKucWBT6yMuNd+PMkGCCPqC3AbzpyTqIhcJt7jQC24cMOR9AN+Byq+v6elvNH7ObTeBUr05jJZp2UYfM8GZ1Eh2+FyRIm5oM00mXNn6nmAdNeTxCchcJAofCaeJI0d26tPv8+bU6ee1HNd0d1dOf+GSdu+/BOjrcq93dg/rhOzfqf/znv1N/9q2XalMSLmglM9Gk3xsf1/rqlh9YPTlZlfzVWrn9br2wNqknp3s10uUbT7RjN29TZR11Y/lsfb3O1EsKeWurG7ocXa6D8W5NTivo/e1fqAc/+ljtH0xUK8vlH588tWy0j3z9pjbsjetr/9/frxMFy7MbW3VwslPLwk+1ujuZ3qz//n/zi/WrX3y+dmXLwbYuV390vb779R/Wt994q95+74rol+vmZKmmp87UvR/5eN2v1ebB6qj2tBp11wK4Vk7ja4IV+Yk7YwQ3/pPSJ2wcPQcuz6Hod/e58FTRz32VNFwNuE7tE97jUDQONOAtpckUbfoz5V47JKJvtU6R58dyWt6B1FtooUJGAkhWs8Y3IcaLJ8GnjUdtmReh9Um0tSf6I9N500OnAwL5SBZ20Ebrh9c5yrLzfTayA4kJGjnP/9Rn/SZVNhOjpE0uNEWMQHwJLBJuZAzj0508gHDICrPkKbWGzodcFWwLdakQzAwMpNxXIO5QGASRZ2brU3fP5DQjHSRAKe8qp+Y0TW+n5bY6aOZtoI3gkTXQNADXg46Dl/jsE+H8M5o5WhXu8FGXB2BH141pDBRqPLixU/gZbVImcOqMxVA+XknRH9DTrpijeu32h4IVk80KNPG5d7VMVx3zoKZoltd14lmr6dWrNXrvWj359AfrkSc/XGunt2qs1djeaM9/NPvBT3ysnnz0ofrKN16s8dF6jfgZzuRIqwZdNirA0lM+U2sc8PdmrOoe1uXlxeXFWpP81bVV6VqpfdFdlo2XtaLZWeGXkWoXbAvTWj2zUo9+/LnavHiqDhmsNtpNiP1qU05Ai3V4Y6fe/c4PtAJTvQ58Z7iibbkUvNTGnVu7dXz7uL78+9+pP/03X6vXX36l1i5t1EMfeqae/9Qn6tHnn66L956vI7Xvla+/WMcHR3XxoXvrYIkJK4Mkj/51H8peP7iLb+1xZbpt7hdnhUm/uZ+oA9kqPU4Evb7PvfCnz5EAFWX40vfa/WlylXc9uMafQKg8wQEJlmVB+tCW8BssOnLAeMyQgVZbp7McAWMI+vDMta/l/cYThDWwnY23w7BKkw/5RhlAhhW3JNC4hQNFu0IX8GUjyrpBNo6KVM9NSpUwio+Ny+TwhFCx56FnYnU8jOG1GOHV3TKYzhr0NLmdYcBz1Gc26XFQJi5E6LK97iTR+V5Pzlqz19bkcjAS2xkNOyWIyWUZ1MM3DCBRW7XyYXPZMvTpDnQbk027JRswXtDILHM+BU0Oq6HxzX9BX7G5TnjabV92PpDKQjGcaNo+XAY0WqRDRyDreiRISpQq8e/4CDEqM/24hF1ZPqmD3e3avXm1jt59t5avXK2NybjqcFo3r9/U5dZCPfXMs7W+tV5PPfZ4nbl0X/2Pv/OH9ZfffVMrptM1ER2XU/jXbZFOxnItrdfmrffq8xvT+olV+flwIrwuVw+rrk+n9ZrSb41W662V9TrkMuJ4tfb3b9UDH3qsPvebv1aHp4TSpeASP5zm8njwey43+Nuz6ZtX6zu//e+02lIQXlmrhaWNWj5kbcRqbq02l6a1tn2lnriwXn/tb/xSPfbRR2rr7tO1qstD31daWtNl5KTeef2d+oN/8/X6//yLf1+nn3+sHvm5z9ftw32tTBU65b9csrI6wb/pa/qdABfXM35mfdNXF/RFTBYf/aqxR5/w7+JUuD/NOxsDlqu69C/1yrvtGauWRf9Cp7r5k6MDhD/wMb4yBgYKy9DYIuti9CLLcwpOdR6XdbEj9ZZD28nDSIJt8KoM7R3jlVR7Yj0HH4NUHpshG/SqQOsdH1yR9psIFtEJoaJ0fukf/0OqjYhiJrZ5IqwZZqfB7KPALDHSSOebAm39VTBsdjBGdfo56HIB69E+3+iuxzjl+9L0DlrnRW++OVtVjv6mt6W9LErX4+xoTF23WQIaT68Fml5w/rRALUAfdWw9uEDfBzjQdbpOe5bAwoi+y4HKwof68LqjXRuZ3GvBRttqfICh3GnsA+0eqCozcdDPe9tloYQu+F94drZv1aourz5071Y9dOlM3X3u/jq9uFkrvMp5NKprV6/Vy997rb7yx9+sb2q19cSTT9a+YtW+Lp+u3NYlnVZsCiXWjv+xGE38Bd7JglZZe6N6YrpbP3OK98qPFLwOa6ozw3XJvny0VD+YrNXLJ0s1UaA51spwZ3KtXviVv1LP/GdfqJ2jPf8lW/FfjVotEmy5LA3kHtH+a5frO7/3h7W5rtbxXNrJhtqlyzqRLS1vVo1u1s8+e3/9w//+b9baxbU6ONitVf7clufX9mXPdLNGt0Y10WXv5sVH68Wvv1X/9Hf+TV27a6vOf/Sp2uOlPpLF429kOKnhY1tAhbssfu/57ntPZpHgd48d6PVJAGrzDBwAPf5rNOZqVUbwaQjEIs/zVjz+J3F0U6cNuoxBgfJD0LFg1bd5lGoLdt4gdKfPag0ELRAotY3iH3Qo9QkLSnjE28vUWV+4Gw66lJDR9cPrRQWV+lg+NHPzp0VCXTb6OS+hECSEozfKxcQZyQY4Oqoy3P2QtCkcOsD5+QnHULNogxsmugRJ9Nqc1LX0Tl2B0M3Z0aCX+lIZOkNLCHY4zTpli8+ywrvcVmpdZm8DG5+0u+lu+qmAppd64DAOenUaFdEb/PthsNGAbB896a1YwGow75fq9MjHl/LtEBgDPc8k6TTWawNSj398Kct8IVCKRsQq6AJLE/upC6v1S596tn7mJz5Wzz72VN13z4N17uJWXbh7vS49cL4+8MQj9dxHP14PP/hw7d++UW+88eM60orq9oH8QXA48Z0ztV8TSEHI4x2fSD9vUMVjUwWfM7yyuSY1Hu/VSJNtrPqJgtVYwemWVlYTRYWp6k+2DuvDP/Xp2rz7kvjGsl8rH9vv3rFcKfCGrw9v7tV7r76uNvLoxJr044Op/z1dHquLWwv1N3/pk/WBhy+Kd1K1c1A3Xn67Xv7K9+rlP3+xvvWn36+v/tF36mtf/mb9xTe+WXvbe/LBw3VrNK7pumSuczl8qEvsjCcDfnf/xgbQ+eJkrh/b+PA8cj/ILm30oXnoBjb6zpSIDO089PoeqCgk+EQXZmTqZgybHl1U2BQdqEeWmWMfZY6dB9l97hrAI7jBLKd8k69Eu+xARdfZYN6OIRaoup+UnRc+cmiLaLXBY2ii3GaB61o699tGgY1IAZ6+ggFAG8fWBaHQDcM4Vm1zgkQ8yMJCAbQYaDwkHW/hkd7L3l1OvlUNAK7r747otviMZoY5+Sqbrun0IFKe3U6dkx96OHoqCFt8YMSMwba2vQPO7e0jmFNl/8zRBELjtryvKrqCdNrkYVeXDYQknU7wZMM8Uv8G0KwqWQcDRrQEbvlseXytPnTXUv3qR5+vp89fqMV9XWrt7NbhzvUqXWbV7nWtTK5p1bOvyTuuB596sp58jJXJt+vqlRu1deZira2frvFoKt9qKYbvTxjImqDHrFbcCuV1mcjkV+Dgnfa63qsDJRNN9LHi3ZHSW8LtiX6kALBy6XQ999lP1+LWhu0E/O58Np8g1CjtfM2Afyc3b9W7r7ymMbCqNq8o8OPvSS2trdVob6c+9eSl+qu/8NHavb1f3/j3L9Z/+Nd/Xn/0+39R3/rWj+rV16/Vj6/t1PbRYu0poH73+9+rv/jKX9b+6LAeeuRZrTB3JVd6dDUxlj704vK+8wWIGug2E7jUcqf0WVYtOpn1WxqtHAmMDfqh902CR3wmUJITVfQEn3ECv+eSMBnTzS4qKTV5KVFWNfMDUkMyoU/eRxGy9aDrOauNOvYuDzCvdaOXbNfZqJSYV/jI6+1s1WIl63ZBQ9vnfGeF0Jko+QHg9WVj1sABlMOnSoT1KJw3iIKfBYkOKLJRwncdBLj5FZgbBZ3y0HLWwelxVPQjH0AX33i40e3sZIAOEF1sECBXST+zOS8CN94l7KIdyAoPalwrGnRQzqDB1tgJUJMVlDbkw5Uq59MWBlcGUSQ1GhrTbEAvxcgAPfPTvHyg2wRgE2U/+yJGBgC0ts90zBlNe9Ghp8unLu2x0tC67bKaWc19DK24Nibb9csfeqCe06XaX/7O1+rlv/h+Tfjre7m8lia1MDmstaWjuvfeM1p5PVAPP/9wHZ1aqwcfe67e+s7l+r//X/+f9Y0fXK7l8w/VjZ1J7Y0V4FjtKIDwM55DBSr/+48uC7nMO9IK6uz0oH5287guHB/WeHqkALZQ+5Np7WrAvqax8rpWNjdl4qWPPFE///f+Zh1y83166D7kyfc4Du9nMnDpzFthD157o779u/9Bl69rtS79h5K7uKzVDU/Y37hcf+vnPlb3n1upP/x3X62DkYKj1nd3X7pQH/zw0/XcB5+o03dtyL9HNR0f1vdf/FH93r/8er329k5dePiZevazn6irS2rb/Wdqd0VjQrr9I25GmuaOfS4g0PhEpc1ByrYOo8JjkHLnYG70PiZAd7p5cKAWZMxoa+X5E3GXOT/XEvCFVR7wyZ18GxM9CzBOcjJHkjbGtPHI6ulMvmmpbzL7yWWAJjcyCNjMo8SStFnjgRThArdDe7cVHlCOHzqhDW3V3vNQ5rIxPGGmgihpA0LMwEnRx9QL3OjufOMxuE9WGS1HU9f5TdOUUT8Yq73LDA4XutB4VdLHstiR4euG6CEdZGFTyxsavTvFRdmnPfpjewZdbwdtyuTvUuCLDuQH0+95QGPdJp6Vo6fZbkidcx7g/yl0+dShP4Nl1h7bJpnuvCbAuknZZsjml5m8Ze7ME+iYcEdTBZGd+sKT99VnHry33n7prfrWS5froDbq6o2d2trcqDNb67XJK5rl54P9g1rfPFPn7jpd3/zyn9e3/92f1cP33Ff33X1XvfnWu/Xq2+/V2saGlk+6/OMOPUEG3WhT/uRIgVAprRkriJ0SzVldzk0OD/27Ro1Prcq0a3VzU20+EO7+Z5+oRz70TB6rUD3dbV/SNmQ335BnVTO9frOu+bJRfuCxD/lpqlXUoQLkhTOn6tr1G/XVF9+q8xfvrtO6wn36sbvqN/7er9Zn/8pn64FHT5fQdWpjVGdOb9Q9Z++p29tV124d1c33eNf+QZ07f7qW5ZPxCn6WTh0IzPgZGxgzONt+bzj6w7aq3Psm8wna9IuFQURWO7TzY2/o00aDZGojl3F7Z73BqIzzXtFtiDgdhLZsUmiZZ5LXWeAKz/y8FHQ5Le8HqtUXkR1/tFoD5TtBtd1mawkfW48XgJPO6voG5LUj129SpSZMjcRMXTCTemZEFw7ckW+pu034NDqTDVavaqiS4TiqiW8O1t7KXQ7mEq1jaEMCKsAS8k6NwwTNHgIeAE3vXHDQZxmOfeDFhz3NVoSYVzpyloQuVa6bLygdBiIl7Op5babNB8bGBoJ86r1TD4fVpw7odphNcqFDR2xNHpz9HBaLRkoy2hVhfa/IS3ERIVsf7tt85NLFemBhrX749VfrL156o360N6o3t7dre2+vfvY/+6n6X/3GL9en/urH655zy/XOW6/VT3/hc5rQO7p8XKrdq9v10tf/oh66/wO1sHGmvvKdlzSRl9Vfa171cq8Ji3HhiYIW+rlBTx03lXlC6izNUGA64HeMWsscaee3irdV2lekeuJTH657HnuoRlPJ8g14Ghl/+KAd/5FlnBxcuV7XfvimV2E8ZMtl3skJL1E8qfXVJcnRKvLc3bVz5e36yc88Vb/5D/5GXbj3glaFx7X/3rv18rffqK99+Yf15T95ub75rbfrB29cqZOVtbp018XaufFeTca3/VaM5Uvn/PtJfGtr7G4jHFS8uW/ApS45gcgTJBhf6hOPSaHnxiR17I3ch6Gkz7xcyFw2ffBdPjjy1kMd1bYTaOMzNQbaEnkBxlm3aR4Y85w8+/gDnG/yEJI8NgGDxTmqDl2hht5oQdoQdakNHWnakPxM99Kzn3vBr4GOw0DNlPKBmE8mELi5vcEdDWQZrbKNtEyB8g5YloUw+FnK4uDQUh5o0CScAw0Vwg0dTW3vICEYuKTgHQjb3mXaDksEWr7VR0aC1xBc4Qt6AOME0M861SgBGRj4+DDIcG2jh9c8wrsKGUN6p6+cQ5cmokF5dyQC5K+QRi7SEmjF2nzPIxAA3swj6+LVZRR/uLrGn66Oj+qtb/2g/v0f/Gn9xy9/p350+VbdGOuyTz7Y0wroxe//sH781js1eu9q3XfhXJ29e6Ueff7eevX7b9R3v/lKfemv/lptSvhtrWYuXz+oK/vjurG9J3vX1CE86qqAhM3Yo5RFEm8x9RlaJk0UkE7LznXJONSlJO/WOlaQZZW2LZr9tbV68idfqDP33V3jETfr1T9eejHJGQdiVBFZrPEWlxYUvG7V1dfe9g36E+7aC04kl3t+3IZYXd+oW7du1l/9mefrN/7Oz9XawqTefvXd+ne/+5X63d/+Sv32//zd+pM/fblefPnNeulHb9br7/xYwfq6bD+qu0+f0poU/dPaevCi3wSLx7Gj9aL7JP0xgxShbJdtnVb5rNRS28dHxkBoOqsvs1Tf3/wALXVQ9kCSgNUYnCoxImPGo4fyME5C5jEfdaYRqenYs/jgsrjLJy8U9NpnJ9HYZMnmQ4izIW1l8hxth/mD8eV1sk2/MshpbWpkg6zYqZL2pef7m1RbZcu0tBmptCttpEk6XUNaJp3SrTduLnBRJq86Sg6IqrdsyYA/Bjc8hg40cHenhgYhlmT20N0BLkeX88qA6XRdlgeWUNEJdD1db7ONnHkl07Iix51Nvsm9Ayyg1QOQkbyPdmZTp4tfKCZNGXEL3AcUaHER+flogGulQT118tsSo1SXi7RlZWm1Dg/2a3T93dq7/Fod7Vyvs6c26vSp0zU6GNeeVlwryxua/Bu1uz+tH717o/7kq9+tPV0yPvPMB+ruh7bq+lvX69/88z+u7Rujevvd9+qVN9/Uima1Lt+e1tXdXc4kg72MSbeB9JhfM8RITJrqUm5DmdPLPNN1WGMRZZV2rMvGw5qePVtPfObTtXJ6y893+QWHWk0RKmgd8u1HyUf8koLV6MrNuv6jt/y8Gv450aXpVDqXl1dqZVVt2tuvR88v1N//0gu6lDyuf/H/+w/1z/6nP6q//M4rtaoV1UdeeLY+/0s/VZ//4sfqEz/xeD2lS+rN9aq93e26evlqrS6v1iMPP1iLG+s1ksyxhzH9SrPaGCMvHDb5hNHK7JkDKQMuO9vGhj5U4b/5sZB+T+BDSx9HlgsNZTKW2/jYm/wEKKiYh64x6XBFQtm55KPPBUFsb+Y4dZ0P7wPhjPUhhLN2gFaFPrGkCWxi+pXFcJspDNmbHwHb4oyLfNv4QntUopMIlKfROBixaUAXSj4T25+ObxKHQGVc6jFcbMa7vvGEYgZdD4IJKHm4NHj2zoc8c/sTKa09ppmn7eAb400O+H7Tb5DX6M3RVjBAUuqxmw/yqXC1zyDUma7phb7r6cBgMc78s3rSDnRiyj3gI1I+s47oxVbAP072wIxsLg+9OgGvjeFuatnGCoi3OZyr7Xr+/q362U98qH7153+2fvGXfqY+/4WfqOeff7zGB3v12muvi2upzuhScH3jbN3YPakfvXm5jiaT+uhHHlOwO107u9P6t3/4tfra91+tU1sX6r4HH6/vvPWeVkwLuuyTnezYINNYAfqvzhKZhDtyv/K3YstaZZ1bWa0lBZmJiNVK23/jcFJL995TT3z6U3lSXvUS6f6isfgjeXwQn/DanpECzDXZv6rg5W8cjqZ1JD0r0sFl6eFou37xwx+o5+49X/+v/+k/1O/8/jdqY2Olfu0//4X6G//1X6vP/fIL9cFPf6ge/9Cj9fgHH6jnP/xEffQTz9azzz/te3KvvvFOjffGdfddH6ijtVO1vyI7WveSOLBiDDv9HhNdR9kpVS7GbvIhpz6bQbjez4gCQt8Klp/6pJ0WK1q+0UJKPuNNY6rRD2NzENMyoJX1FQ2cpgttVluq1GfgF0R2aHP/K3rmaayHsj4et0LYLldEQ4IX+Yzh2BQ6g2WqjQReVfmvz6hutU1hyjamCfE3BEpjQ+pdsm5jyaQogGYwXglZzgbD9TKyWwoBab7RjIFm6zQYK5q+1ByWrNr6GydEbPrIixXQi/2OQGCaJm8I0OaZ8SHLiXa3LEUEtIRvT3juiCA744l8F1wX9CwPkKWM7aqZ1RuPLSKyHmdgsY3zrzmZdXLkDLTia4sygdoseTw1fnTrSj17YbP+9i98sb74k1+sJx7/WJ27+IFaP3u+1ni76CP31Ic/9nRdOLtc3/36t2qyv6SAJUEaY/yb9atvvFFnzmzVcx96tp547tFa1qXoA/fcW5/9zE/V69ev11++/nYdLW/WeEqg5VKNfsQcCVAmb35QgCJ4+cY9uMM6pb7bEC2XlMcEWPFcP1bw0grniY9/0kHtUHW0mT53bG57c5nH05L68+C963XjjR9rDOUSlAvKqQIfz3wdTcZ1bvO4PvjoPfXv/+y79adf/149/eQj9Y//T/+gPvern6utC6dlJvfrdHGoYMfqam3j7jp34f66/+FH6+Of+0w99uTj9cPvfE+r1ht13wc+UHvrJzXlvhq9QHTFLBotYJwz/TCUPqL/CNr4ol8Omc6dLWgIkoYZxroBvMpgrEM7HBnf+CfjxnnT4JeMFyq6XR36mO+P1ThvORbSqFSDDKGGMS5wNcihELgzsAVnMEmQRkdAdOnjatsBSRit19TstCl42wklMvTJ/zZSDSNIlLB3BjW0CyEd8E1RcCnPeGZKjH+fTAeTVCvPQMvZlHpw5Idl7aCnAXUEOQtoKO22wfwqqeC8a2Eh0gsjWcYx2FiOyuHW1zrHmro+Jb1DZzZ0GaHvg6LXd9oZNYesIpMFw05bCS5Gxx8C62MTHfl5PNDrPJHFG3p8ydpCCPiUsCrjRvXh7o06M96uX/nQw/VrWlVs7e/XrVdfrhuv/kVt//g7dfvyy7V6tFurq8d15q71evSJS/XmS9+pN19RMDpatX3I2xtVff0vf6jiat1778V6/ukH6x6l33/z3fpX//EbtT3m8q9qzKtu1nifBP155JWPXxnj1RffKiaVSF/Wcd/sDG10nXgUDHYU4NafeKI+8PyHaqJAxsoRegc8+jGusG3uTaXLumzcvXytrr/+rp+2xytL/Ohb0ZCV5NoqL4w+qvfe266XLl+vhx86Vf+7/8Nv1LMvPKXgeKiAt6bhsFG337tab/3gm/XyN75cr335m/W9//Bn9We//3v151/58/qxLpGPJod1sHvgbxkXzm3UFF0ai24TOJnFu8YwEjPdTkx2vcr0T+tLA+ZDNJ/X3imgTwYZIei4kLZ6ALxlcwLxaDCu6/OYMYoxjy+RFzzjf1jdKx87zdbsmunpOVJILFWf3jfmNQVAPrq6DOT2QAfeQZqP9vmADT0ly1XeAW2oh6EFL3JDwFHewqHT3oVbkQaaoz1VFk6DQ9cOUWI6JlgcBR9GuxHS01dx3cBAcgls3YFxg2mV+qzlTgwOiA3hbQnsBsvvSIHzVCpwoSc1sYk6JggkPpNR6w9U8YxBRXTHF81PhiFjWZQchO2HyO/tQFqX39vRodtIGr+1Tm6r0k7PkQAhIk1wQljrP8Qej2py4516/p4z9es//7n6xHNPawIrGC0v1+rZM7W2tVbT6bhuXL1Rr3zr+/X6D17SldakLt63VRfPr9fXv/LNunpjWqsrWzUZKSCtbCo9qZdeeqteevmN+v4P36o/1ArmD/78lbq+Lz8srddovC/bdDnYflzNs2lMWp/dNf4oM0ncFmwVEspTbteRgojapLZsK7/17DN16amn6+DogKcv5AtHAOIjBZronbHIOo5HJXbfuVw3X39LwauNUeni5YdcMq+vqJ9U3h+pjxcP69d+6WP1+b/y0Vo9tVg713fre994qb76B39U3/mLP6ud7eu1uLpR9z38SN3z8MN14d57a2ljo3Z3tuv6jav1zjvvui2nLtxVdUqrTfqDucO4b1v6gXYySYGMl/Ratx4e+pnxkar0PXnhoVcamuBD1saO93lI2TSyhXHnQMTYNo7ayOqBILam0nhKRgDJoHqwy+XoMU8kK5t8yq1OdKyIscgb7ZE9yHGs0diA3HpjnKpEp3KkhLe3v0kW9Jzk+54XBiFXe790Q1wPVIEwMSENdwicwRDZ29moAzh/e2Y9OsCvatNrywqPauqcNdhw08yXzWgnkAKpTwd0vUnZqU0ePeCxwW3R4M7AIg5EF2dS2yt8vg2JPGCQ3XSZTjzdgg6dDug+s3zbMKsDoPXWeJBJzuZp8wDX1s/wVFil8n2AcqN+hSfLFURWDm7Uz3/8+fobP//Feuj+h2t1/VQtbW7V6unzmrBnauPc+Tp3731aPd1Xm2ub9YPv/rD+xT//7ZoqUH3ouafqx+9cra9+7RVN+gtSxbNSU+niuamFevPdG/WdV35cr72zV5PifVwrujyb1GQyUv9qui7LBmKNVlsOXLIVu6fH/Ggbnx8qSBFy+KkNPxfibfQKTLIf7J4uSc8/91xd0OrrgP9TpI201xNO/UGzRcs7tXizAzw8HrHz9pW69ZZWXnwJwHJRNDyoKspaW1vyZT6ru/NbR/XX/soH66En76nvfP379c/+h39e+7vj+thPfro+/ws/Xx9+4afrsed/oi499lTd9fDjdd+jj9dTH/5I/cRPfqo+9LEP1ubWRr36vVfq1vX9uuuBR+tgmXeKySqtGJf8tlhCd/vpD0ZggbtMeYqYJHBZ4DqXW6HBkBPeeR/iT48Xyk1GZCU/8LV6/NfLjdzAWJy/tBwqGzkZy1Ud/dfxToRvVVGrgseldhehIYWOjm35Ya63MpATPJguTCn9R14fi9UW/uQBjlp5fc7vsI9DspuqwYBvE9wTBSNagxAWwTEcVm729dVVDwxAvwEP7czglGmYGIa8q1WPk31fS8JxdgJKHODBLDvCI0yYTIPu7iDrcTW2qtj0dPo4CreSzMlrVUDaEbt95jA9dmTFBnSZ3T5jmxj4ZvcOxK98124+K5/lB0qVXdXa2c+ohDPkmN5lJeO9Oq8V1K9/8XP1hU9/uk5v+gt+UclvmuYi0D5SYBnVoQLDZLJfp06fqiee+bDqN+t/+L/901pdXKuVxXP1tW/8oFZWzmgyHmpVxM1vwoT0aAXHIxFLq/yB2UodKmiNeZsE/cTNcl5miCpdsvFMF48a+BmvIOU3nsFyg2pNy6qzCl0ryjPZeSD1cGWpLn3ww7V+zwdqZ38v7cQv+Fv09jh+kAzkMC7XtfLbefu9uvbG27WyvCodmSSwQrvALQIFxd396/XUQ+frpz/5qfrjf/vn9Wd/8u36uV/71fq5L/21uvexx2pprfkL18rmk8MDpdsK2vt1pMvvjbXleuaZ5+u+8/fWSy/+oI6W12vt0vka6fLYj2ioj7zqYQHAyjPOt/3ue9tC02WP28D4FR46yBg3wpnFzALolfe409bbRWJ6Ngv1R/zJc2AO5v1ujWYOKPfAgjzLtWDReqwjMHaCw07GnlkaWx//0FBve5qejtfBZfgiqbFTha2A+MC5DjplevvB2dZW9rER+Q84ukIq4iiMp16OdEMCMQ7nht6ObrxA8ihy4jI8DMw0XBX6OLiIJPLoEAqzcpdjQa7Phl4GRhyjKmwzCfSW4rTzRxYjPDS9s3Ba6qADYQLLBRJYA8MXAgLbp83N0MEP0do/6CQNn9l1gI52u5NcZiDNALzrkWn7wwO7B2sEuRx+UakN/lcdnZ3ybVeC2tKCLrc0yX7jZz9bn/jgc7Uqu/lHnUWtchb5zeHxRDKVV4BgZ9WzOFVwOVAw0yR95PEHan9/VL/9u1/WJeB6XbmyX1PpI+j4yS1WTrLfQYwJQaBR0DrSqsv9ShPpDlZcKhK0jlvQigwFL2hkqzAQ1IZWKmeW/V4H48ZH0xpJyMmF++uaVnnvvP1OjW4f+An3vVv7tbe9X/s7yu/s1+jgoA729/2bSn74vfPjd2pHl3RrKyuxw6GWDpBOtZWHVidq55MPPVDvvHq5bm/v1d/63/6dev4zH1bgwVeHDog8M7a4JB8p2OGvJXx4KHtHCvY7e7V/63ZdOH+2nnjysfr6177GNxq1pBPAVO1mVHvu0DGsHvJxv9HujCvqUqbHO0ADhN5Z5TM+IMxYcHaAjkvKeHFxkNWhj2fQ/V6yT9Ieu0CzTXsfY23Uucx8RQeY3pYeJLtu7/70djZaaijrA97zuKWmVj4yTGiZfoGAOem+VicY6ATY7odUXRgqks4TzpyBaXfWU0V+oHA+pU7TcebtYqnzJ4juJBpIFIeHjdUW0rpDOlhHcyRSvNppPLYJrOTZkpjjxHgmCGdJFawfpCBt0clWdZalPLgZpJ3RQgZdMJFttmKH9KYNJjbOeOntA8F8fKjThkTamPYE3EYBuN6JHMnDToFJiVVrWgH90kefrZ/82NN+jc2igs0C77Yi6Cgo8LJBVhOKOHn5/HhSJwcKQAoEO1cv69LwVj3/4Wfq9//gG/Xii5e14trSIkptIjhKld/drg/2+tJP+5GfpCeY5m0dxKQ8DsFqS7toCGCsthT2kOK6qWxZUN2igh//tgj+UDLWT5+uU3fdU7eXz9Y72wcOVPs3dmvvmmxUENu5uVvb12/XbaW3b+7V9lXhdfm2e/VKXX7tlSq1h/tz/PsQxtK/nHuwkePa6lYd7o/rrrNL9Xf/q79ZT37isTo+HPuKwG+faLQnLVD76oKfGO2Na7J3UOPdfem/Wdu3b9bW5mqd3tiot6++W7WxVRP8oz7nyxK+Nc0JMm1jIwi5zwU9ILkTcSuEykOe/o+9PTcPfXxkPmjXx2NLpUH+3BgjD/j2h6g6TZffoePN18Zul+GCwKt/uFzu9mlDD23CWvMwEFIHHWlO7qGFxrxtbnf5voxt+SZAdaYQrRPXsyFTwUuXjepltnzzZ4os0yUnk4baOB22DjbakTwKfRQvVNhgqd1oqjSSwMFnG9HD7qxSycJInxVMMOsI93drAWdHpMPvTswHYrcyjozWRpl605Jr9oCX5y6/AAAYz0lEQVR1RRJnuzxSyeIMbhaKSixZ+eZ2Q84UAIwt5xT+2DCrEsbtE49v3hgpaPJUtnX4CN92eylHqHCc5RWLCADy6bEuAZ85f76++MxjtXG4XcdakRyPxwpOe9oPVB7V8d6oplo5jG7t1IEm/56Cwu1r2/Xe5at1+cp7dfndd3UJuFYv/uBGfet7r/uFfvyP40QrK4LNRAFwoonu+1vgtGtaa3WmvPCHU9VNJwmOqiuCp1Yj/BPQEgFWNrMa3FhervOn1uru05t1//kLdf/dF+ve+++rSw/cX48+9HA9/MCjdU1j/5pWVKuiPVHw8J/gakLxbd+JVkHHBJQDtf1oqcYKvvetjuszT91TV954s0ZSzeUfLuRykfHhIMaKXUH00sWl+vv/+9+oZz/9lGSNhIcOAgUdyfUlJg/2KsgSuPjR5Xhnp/Zu79QOvtub1M7ubt26caPOacXFDxi2DxTctIKUOe3bSzVfJ5D2PYOh92lyWdEGCOiMJunU+OWHyB4DHns0IjzhjbA2Ihou9vskAx+V0KnKN8wtB57ML8qm67Lwj4wc5iQ45iHywMFDSTZygoo04aGTbfDdsbCISVRGNlmMUsa2iZ42UZfNRe/DvG2LB2gtO4z+GO+8ZHzpH/+WA6WRxrfUahveCo20sQB4ch4cLhvtegJOnIsDuffFzVURyDZ/AyMa20MQglm7+ZuQOCQyBlkYRQKIj3dd+RLS/AhQKlqXBbiF8z12EjJZmVln0+FjK+dSLHb59b7uMJtrvu4bRNvR2Ea51cHb771xxWAbEMHewH5iYIIEb1stTAXZRpYDWmeNaKkynM4BbNPHXoEe8vFBfeLS+frc/Rdqfbpdq6sbtbzKmx0yQDGclSAPfE4nCjb8T+LosMbjqX/LeGvnlvCHdXv3qH7vD/+yXnntSq2saZWilZUHtjfJkgyfHW0GJxVE54Y5/bSytKwAtVz8df6KAg9+WVb/L6+on4RcX16t9dXl2txYrbXllVpXgFyDjodRNZm5B7ZwtFl/evVWvXYsvq1VLRonCoCOMHXCpRzjQe1hdbyudo73b9Vf//R99d/+l79c//Zf/9v6l//6q/XDy3u1tL7s+3MnfuaMlSH/QblX/+0/+Ov1a3/zZ2qVd3T5vWNqjy5fj3nEgb31x6LwJ/LPVKu/nRs36/b1nbqpoL+r8sFo7J2FbC1v1MtaGb69tl7jM6fzumoCmORM8Lt2BwNlMjcyXzx2lALkfULzXAmeI6tULw5oMDRkJceTXvJ9+S5IsNGmOo91NKjOc0h8HsPym6Hh6cf0JYsWzRWNTeSwYubbW0R4vNrvyh9qjghveZKBjejiSxAXzMBcU9+QTyMM/OM60P93ABkhSd7jnrJstO3aB1yjAdJX2BC7F770W7+FRFcCFq4KUcbRCGj1OKjngdAKjwHKU9Mne3hbEEIIZRHQYD6exshqfKYhr52J5vtJ0OEc8ZLntSqcTfhKHQd6VSZewDa0spf70Ggj0DgWiM+yINAOJRPAKxdS6ODV7gyJ0pjV2kLnIQNc60gIYkd8Aa/z1AlDnV8q2G0FTcaNM0fkk1E5q990Tn9TKrS03Xrgg5/gLa5j4VhhPb6+UM+c3qiNyS4S86GT5XQ6m7YyQB3AtDqaTDQxtbIY8eySghlXSqPRcV29plXG/nFNpie6spyIXqsd2cVA90QSeJLIDmzxrhHLfSO+6aN/+OOLlRUFMQW1ZQUGHl/gmzgGvz62ywNATaOPjhWUeLp+jSB1uFHfurlf392XTWvSp1Xf0rECEX5c0rSgr3Rxlnm1VCtHe/Xf/PKz9V/9xhd0OTyqN97cqd/9k+/VH3/lL+pHb7/rv1Y7c+qi2jGqz7/weP1f/s9/v85f1MWq5PHer34vjveN+SWKzFTaJxuPua92Y7tuXLtZ1967Vdeu6bJ1W4FLvhtpH7MCHMuHh8v12sGk3uSnTOubtS6HLC0s13RJRupES5d53EgRY6hfjQB41N/w0y7/OsBoj398js9YwTm/uqJUtiGHfhcuY4cxEh2we2xKXvoH3szJWABd6ggUdIVEecXXA0PGLnMkJwnwTYXrCHJ+VQ0Y5LttAggkL79DBYFehEumaBwEm5xeT8mBqvNJduaV9EpD5mbHiXqol+xf+4e8BjpibNhcIwFHWeH08eC387U5ardOsNNoICUECyzHDU/KKslOdC22RlfCiN0/gOV1O0QyOF94Jge+sqMlF6KZjtgQaPyqg2EB/dA3HBs3n3M2ERI56EAX8kCAM0c6kd/JEYiwhwFHvtvKYDpUUHBefuEMhu2Up9OpO8DfwMqH7hD4NfjRYz9KpgeQdMGHbmQgH1ragA2cAVxPnehZ5nCJc0ntePj8Rt21vlin1td0yaVgAp148A1ncdqJ7VmBTa3vUBOO3xoeKT1UIDvWGVZFBS/xKI8N6JR1koGtiMxgTDDNgGfQuUzsVXO6T3R0AA3gfwKhDYktsgt7eFHhISudw6V6Z3RS70rtEW0TD3/HZhlco1mUdMony0trtXiwXf/gr36w/u6vfqqOR7sKAFt1snGmrm/v13e+/Yr/T/Ir33yt3rr8o/pv/stfrL/3X/xKnUz3tTLcqqWVdV1icp+Ve5Faqdp4Xl8u8w4P6lCr0u2rN3Vpfb0uX75RV6/u1Y3bo9rRqmtfK0LeBMsrshdOVuq93Wl9X5fhB1qJ8TtIvm11B7gT0l78wRjwZFSZycoJgT8tcf/Ib30Me7zgPfyqPCeyRQUvcIgDOCm4qP7wLRmP64wtuwkAp51xxsYJhW9/HSglpwcXaDyuZaPHrm1VfsqtCfwictXT15ykjJdd6PW4Vd40zRYgqzhOCMJpszy1s9OizzIo4w+VsyhQG1Q//EdmoweS19hBz18neAmBIJijTK1iF96K1UBY0qgo8zKzCTV9A3IOJDhMBinjSUqQQIeDstgIXhicIJBJYV5oLDeTGcfR4A7YEnlyIPaAlC5k4Rzbgt3akBNbucTUpQENtowcejCzU9EFn/j7shobGELkqee9/PkGjYEju5jlAuTwg+Aj7vfAgWzppD0ohI7O8wCRHCmResmlXS0YeTBjOzuglGABnjY4AJk39FxGOpCSx06tnpbqQJdiR7Whtq6ITosf+UntwQjR+J9axOyBgb9kw5I22iPp1hn1+AYkxku28dhGnaDbxga61bMjB385wDU6ghMvEmQskT9U/0HjRyOUx7dT0Y+1ymLOHy9t6LrzlC8//ICqAgpdzJcT6i2bAGJpSUHiYLd+8qnT9bd/6bP1oWeeqK0zG7WyrgChxi/WWo2nC/XqG1fq9ddf1Wpqt05vrVjm4uKKLo3Xa3lNAZAXMCpy5OdLslc2jUcHXp3yl2u3dw+0Gj30inRn/6h25euR+lqLU51ACPhcIq7UW9uTunnIyxzxHycsrezk4wx6tcNtYPWZwOHLQo0bxhL9QXtZwWacqv/Uj9jEZTe+8nhWq/ArfcIc89hoeQIfv2pgTpF3IIFmmBdZIdMPtgktlhm7GF9+yFh9pIqMd/nCwVBl88hOBy9O1HSD7D9UnjbAwwl1QTqAvthBNzZ5NSl+xwZtxAAHL+H5Rpit2+0gHhPFzxydzU3oQC586R/lH7PtEBzghnJmtS0GZPSJbYvBUS96I1CAoxCMnM6oFKXcCPXNPvgRgSEiceR1R6LBDKaxDZIHP6J6NXl4kJEBgC7ml1IJRBfQV4VuJIMdYyUTgIKBQjCFDxl0ju3XxhnOZx+XoZdNbCL1QBEeqTg8Zx86XUELmwku5kEH369FPh3W9TooGCdaZzPRk5ceaLAXGpRqNhvf6lyFDQQEJr8Q+PdEE21yfOB3wx+NJXNCwOSun3bR2jOODAwMgii+Y9CgSpeGDgxqhvxCi/EBLeFfpRmz+NmXoOjGVja1194Iwjjyslx1YsdeJablpj2XhcYIFFRZPfGuLn5M7ZMLOPTQZ0f8zEe0wrEisu8t156UaL7p5A6q6g9u1V26xPzkB5+uT3zk6frQ04/V3fffU2fvOq8Arvby5xla1V2/erVu3rpR+6P9Go1HCkB8CcGqU1errPq0mqJFh6w+xwpiMoYHXQ+0Ch0rQLGPJicqc+nNCjUnKVavJ1o9vXNrUlf2NG5W1U4uGRUQ+c0mY40O8BiTXxnzs6DR2oWv5GjGPkOE+hXJ5EsGAgR2ZUIjT/y4RkGCvmTzzXnvzI22wkOteOge5IH3TXaRqesHvOe2O4VhLNkqMf7Ri13gfMUjHEbHcuFhYB7JB9iNkNS45yxbB/ExGMIFwOeRIwTjmnFoHHn8IZ2wNgOVSG+TjMzwSB7By0xzSMBOxFgBeK+QOpNw5PWxsuiZ8Q7QyjTFVCY0Ko5GBlnnQYZm1swul1zDqQCuy7bd+LRXa++iBqQQ4EzLJv4E6VQwoIDOS5t89hM9m+23HvEhswVG8wt8w94OFlDvDpcM1YcmA0QFJEUPesk0OehUNhNeWfQliHkqm8aiGj/3ZFiJHGmC8G0cfx6rNYAmUfMeMjXxjjXxYPPjCshQuxhMrIAos6MTJxLQeMyAv7i3MiXH3HW2aZJDvW2iOhMOPh0D6BzqKJOPToS14RSdSGw64LPshYnp02LZLhrCL59F08IDXggFL3xwxOpQ/mclMLq9UycKTKdV99jDl+rxR7Q/ek898chDdXbrlF8BtLIiXZxWJI6FqN8zpkB0rBORL2Fl5MFIK649TgZV+wpit3bGulScasU1rYMDVmDTGvMtpILYRKuwwyPVifiaeA4Ol+uQlyeqb/iCgdf1+CTR+hRb3dcCfofpS1bezqoxyIqGYMNVBXnGECsaByhWM+L3fUXR4CHHC0SJziKdz2UaBa9qPI7kU9frwLgWMZdk+No0+Lp3jgdbsh2gCzK0lo85QuFNy1WCDAcxqLs8c4Q7Tm98lgGfJDQ7XI2sRtuDvceESS1loB+CV5/MIWxGahuCmHFi1O6lG4K6niRDfQxwTvssN3OkSq6a0XQIb3C2hRSMeWSDEjdcSJmhfOhjHTRURI8hDM66jUpnctsRuebtpMhIYp2gBOFTSU7v7cAWBqeJTU8n4jeEwaMpKBvn24wO5OBfUtCwUgaMgZ3gQBk9ZGCUXIYuGFkhpPLHCWD5RncmCbpF1RnaGdfSlTrkMIiFQRr8yDcG26EVDlcjzwAjNCqiwViNjdSawTns9vgwjqPyDjwNpToPqYEGeiUKvwOREl6d47dKYJtWN9zoZ6VJkOGhUlZ+XJp49ang4yf5ufQcafW5vV3HuvRbEm5DK5itU8sKYAt1ZmPFAWF9dbU21hVkrF4HhpTah76xZPKGjCPhJwpKiln+k5CRTgRT7XzBwWUwD6bmTgG+14plbaOWN7ckhwAjn64q2KwqECmgoMjvGlPwoYVcknlFI7oVVlCS4VUviwSZkyCgtivv9SrzEF+At7NaXwnc78qSuAxdywMea8JBbZ+3sem25yAmxnGT2Gnb0MlJSmVIrSv9hZgug1EAXQ+G7n/tGfcqqw4c8wKWXB1BMqMjS52SjDHwjFHx5uQOkk/oF770D/+h5pYy2nv05ZKs31gbgpcgChDUoyGq4qxETsRyyTFbpVkh9INzoCWIUG+pbojfR6UtmNA511tDSXyUfeNaaQ+44ZCtyJUsrDWLPDDY3Huiwftx8PNh786K7KB7ziSqo33zYJqYMoB1aAtaR9unlmmf2T7HS77bm2JoVIiMhqVsmrZpkvmSztUaRk5TZ11NplW0waAqtx9vOXDp45DY6+b6vTW+gQr+4D8RpthqYpPzJE1WCMhDn/bD67bO6WPAAupJy/EKUDa6JaYTr9tiliZXIHzu5SOb+2asrDTeFAVOtELi8ZDRdKQAOPKfivBeey7HfG3LilRByHLRq1TrJS2LFFAUSGiI7/mQ17heWFjBUQ404OlHX6JxiaVARLtZHToYOShFZu8H5kIPQjmx4TM1hEa1BuF1+5a8+sCjtMnosuwA87rSRxJLaXMtNLDO81KXsQeJVYd1AK+aCBYQiA7aPoagVA60qxNcPOpcA/R+7BA+Z2BvemllUDoKhy5/GpKy8G28Jo3tjardsI85RpA46ovX92cast9Ac6Cy41tdaxSN84R2PUtX6rVjLMGM+y4yIE2HDDoqw8/1OPrY4mRLN00XBW24GWChs8P0AXojQXQ5zuOoIR9bOw1539+SfrBNbbMhpWiNswmyUPXgFR1pD2AnK2tZA07+ko6UAj2A2+auCz7sIMsgwydK5202WBB8TCbsb/cUVI2e9B82Z1DxzBF6KFtX00k/cQlJXh+nNLPb4gCkHVvRMfitDTzomVzIzYmDnGRDQ051qjCOj+VTEl3X5zFmscoriJCix6KMDj82m876k2YYB0/vpV3aWcGA9K56r0bxq8oOLNjKRBCFdSEDGmTEvgQzIDK5H2UbaA/krs2YGVYR2vJ0v0AIf0sq+uEkIIAm+uAEEX9ZkP3a8gZl0tgAtG18I8kwX9/AAa+NgVk97cgJibrYhDU0KZ40iN5jG/tdDN5axee+M2ZWB0QOXhGf0fhCuvC1a8OXvFL50k1pWNJhXBkn7Lx88uimXQ2P1a7ohHQmA7UVG2SQzePc6Uq7UPIeaPqYTKnd42rlOn3sMuCkLtPvczIxBDIfeurdnshFskm0hQoZ2IoQ0QvRHW860ObtZTi1QafUgQGSBuS7HxK4mxbaJVdRhXzfJ6GmyTUM9rr7QHhHjncITTtnW+O1Tn+0Kd/tIm9ZpmvywaGLem2hBReyXschVisr/ZEVcD8JxO2UIgPNu/tKSMa+a+F1Tzb90mcbhGlpp2Mn7y5sdrrOthjZC1SbH/BgV54TFfZCCzWTodvPQOfeIrSc6LiB7Hrh2fEBlVjAvMTnPKM21c5jIHzjy7vz+aXA+HCsfaLLQeV55GGqMquziVLlJ6rjlUGHSvn95kQ0w4/MdZ3oVCdj8v6GWQr9ZQ1+tvuwk8Amm4QjYRLHVwtuByeU2E+AUyMFBJf4zA3iaJr/RVC9E4t369ObjZ4yshh37K4nDy1MQNcl6DQEbTR3fFY6kmM+o9wk69HuHicvXI8RSOq0jAXyjC1QHY/Mvoru9vS6PqY7eJyxYcscfdyGfg5CdkILMJHKGh19AgA2xHTh82QIqXZo5Ubl6T5oYCO14sbbjet4ZJJhm+mmcSlD485lpCIXnXBLX2+sB4Jx8ApjXi4N4LWltolyaFpWeywNRHbqSWcTNs5jhx4R/iaFMvLbTkUP2F0q+EiMAMt0m4OCLrwZsJ0vfkFk47bs5EOevAE8epTikwRNLgxbH2ob5LV893Vkhr7Lh4Z+Dw7xoTGdx0PaaEponJoQCpcD+M5o15uj6zE+Mi0K6LKwD/82gA651LNTF33UpV2I8H0d9TuDO2NCl3Vapfod/ypBw32o7meCCasRyr4ZLl95V6UDJXwSqRpzE0DT1+iVTS7n5OY+bJC63i5V+pi2pX9kf8MbkMemui7Gvtfm8lx9lw3O80IE2JV+aKn6CHAdhNTAZxnkXT3La/cltLfg0TvwN70QehzZ5fQnRMrmLCQa2a9cfA9KeO3wZrcEDo3eiIjgSHEu3hhSKVz6Gb/4Sxyk2enaQUJkc1W2XBnq+gYYbrwO3pzPRAAaNspUhpPUx2Qs30Uxe1UCDiehE8NdTn34cVgCBYc+8XyZpc22qDzYBBlHPq7r+J6PDcjm6EEivJvZeMiYtjvSfODhCR/gs1bITeszHAOn0WcQibbTNWCYdN15mj6dkrbNCIcc/tFmm7S7H9oe+jnhZD2YyM/w6UeV9en2pza2MOCg76wdzAYNNqQQaLKNd0Y7/N5SzP6+MgdAtB7smNR8NshqQBBx/8hj1KX9qbMfhoL2pgALKFPkm1Z48y1jJlaI40cgfTjbdTAePo5+T1fj7WPFAEK7356hfmhiDSS57SF+rdQkOf6lbo6/ZztfhIaGbUYAcXLGN4DONrnT5Ds7V3oHmsgZxAw0jRe7wzLgOnGfZ0AwjReSPkjgI9uKgMcxO+NTdMzTrDQ7caCrahZG94BvZT7YwepWkPHBQoQaAYzAsLqYg/mi2Ww8EoWwsuR9JrPgBsJR6s7ovLB3YECY0HkfnZ8jaTzo5EODjPVmZKszrqMoCswn6E4JXerJdnxkUQZ/Jy1APcXIa0FemPgrA5t6XzIJmtpmq6dSIAoMg8wUkxcj+uHHNrfdlcISRMkL+qqh292PQzsbBM8gxG+RGwidBxP4ztv4bYNzMx2RD0nnzT2QwSjSngcGeeLT4EOKJXWetvdVSwfbaZpZsILOJKStPPhGBef0cT9o72MR4Ih+cr29acOMpvvTgn1MCi0lt5WyiMyjgoOmmTjMZAE5YYUdXstvPD0YmC1kJnS7LSfoBM7oa9J8hC+6QtX90dY5Pg62UDcAeeHvwIXW0hq+cQpmMuZtM79Sl7X5BOrNxMZ1QHa3y/Ibn4kpN7khaH0tSIsbviV3QtX/H6iUIc9/tXdWAAAAAElFTkSuQmCC\" data-filename=\"프로필2.png\" style=\"width: 303px;\"></p><p><br></p><p>이거 팜</p>',1,'2023-05-23 20:06:39',NULL,0,0,4,'asd123',NULL,'서울','판매중'),(38,'사건 사고 게시판입니다.','<p>사고 치지 마십시오</p>',1,'2023-05-23 20:07:07',NULL,0,0,2,'asd123',NULL,NULL,NULL),(39,'단또즈 게시판입니다.','<p>공지입니다.</p>',4,'2023-05-24 16:56:50',3,0,0,8,'asd123',26,NULL,NULL);
/*!40000 ALTER TABLE `board` ENABLE KEYS */;
UNLOCK TABLES;

--
-- Table structure for table `board-category`
--

DROP TABLE IF EXISTS `board-category`;
/*!40101 SET @saved_cs_client     = @@character_set_client */;
/*!50503 SET character_set_client = utf8mb4 */;
CREATE TABLE `board-category` (
  `bc_num` int NOT NULL AUTO_INCREMENT,
  `bc_name` varchar(10) NOT NULL,
  `bc_bt_num` int NOT NULL,
  `bc_auth_sort` varchar(5) NOT NULL,
  `bc_w_auth` int DEFAULT NULL,
  `bc_r_auth` int DEFAULT NULL,
  PRIMARY KEY (`bc_num`),
  KEY `FK_board-type_TO_board-category_1` (`bc_bt_num`),
  CONSTRAINT `FK_board-type_TO_board-category_1` FOREIGN KEY (`bc_bt_num`) REFERENCES `board-type` (`bt_num`)
) ENGINE=InnoDB AUTO_INCREMENT=29 DEFAULT CHARSET=utf8mb4 COLLATE=utf8mb4_0900_ai_ci;
/*!40101 SET character_set_client = @saved_cs_client */;

--
-- Dumping data for table `board-category`
--

LOCK TABLES `board-category` WRITE;
/*!40000 ALTER TABLE `board-category` DISABLE KEYS */;
INSERT INTO `board-category` VALUES (1,'모집중',3,'용병',NULL,NULL),(2,'모집완료',3,'용병',NULL,NULL),(3,'판매중',4,'중고',NULL,NULL),(4,'판매완료',4,'중고',NULL,NULL),(5,'서울',3,'지역',NULL,NULL),(6,'서울',4,'지역',NULL,NULL),(7,'경기',3,'지역',NULL,NULL),(8,'경기',4,'지역',NULL,NULL),(26,'공지사항',8,'팀',4,3),(27,'자유',8,'팀',3,3),(28,'경기관련',8,'팀',3,3);
/*!40000 ALTER TABLE `board-category` ENABLE KEYS */;
UNLOCK TABLES;

--
-- Table structure for table `board-file`
--

DROP TABLE IF EXISTS `board-file`;
/*!40101 SET @saved_cs_client     = @@character_set_client */;
/*!50503 SET character_set_client = utf8mb4 */;
CREATE TABLE `board-file` (
  `bf_num` int NOT NULL AUTO_INCREMENT,
  `bf_filename` varchar(255) NOT NULL,
  `bf_ori_filename` varchar(255) NOT NULL,
  `bf_bo_num` int DEFAULT NULL,
  `bf_issummernote` tinyint DEFAULT '0',
  PRIMARY KEY (`bf_num`),
  KEY `FK_board_TO_board-file_1` (`bf_bo_num`),
  CONSTRAINT `FK_board_TO_board-file_1` FOREIGN KEY (`bf_bo_num`) REFERENCES `board` (`bo_num`)
) ENGINE=InnoDB AUTO_INCREMENT=78 DEFAULT CHARSET=utf8mb4 COLLATE=utf8mb4_0900_ai_ci;
/*!40101 SET character_set_client = @saved_cs_client */;

--
-- Dumping data for table `board-file`
--

LOCK TABLES `board-file` WRITE;
/*!40000 ALTER TABLE `board-file` DISABLE KEYS */;
/*!40000 ALTER TABLE `board-file` ENABLE KEYS */;
UNLOCK TABLES;

--
-- Table structure for table `board-reply`
--

DROP TABLE IF EXISTS `board-reply`;
/*!40101 SET @saved_cs_client     = @@character_set_client */;
/*!50503 SET character_set_client = utf8mb4 */;
CREATE TABLE `board-reply` (
  `br_num` int NOT NULL AUTO_INCREMENT,
  `br_bo_num` int NOT NULL,
  `br_me_id` varchar(13) NOT NULL,
  `br_contents` varchar(300) NOT NULL,
  `br_register_date` datetime NOT NULL DEFAULT CURRENT_TIMESTAMP,
  `br_update_date` datetime DEFAULT NULL,
  `br_ori_num` int NOT NULL,
  `br_groupOrd` int NOT NULL DEFAULT '0',
  `br_groupLayer` int NOT NULL DEFAULT '0',
  `br_toward_num` int NOT NULL DEFAULT '0',
  `br_state` varchar(45) NOT NULL DEFAULT 'n',
  PRIMARY KEY (`br_num`),
  KEY `FK_board_TO_board-reply_1` (`br_bo_num`),
  KEY `FK_members_TO_board-reply_1` (`br_me_id`),
  CONSTRAINT `FK_board_TO_board-reply_1` FOREIGN KEY (`br_bo_num`) REFERENCES `board` (`bo_num`) ON DELETE CASCADE,
  CONSTRAINT `FK_members_TO_board-reply_1` FOREIGN KEY (`br_me_id`) REFERENCES `members` (`me_id`)
) ENGINE=InnoDB AUTO_INCREMENT=35 DEFAULT CHARSET=utf8mb4 COLLATE=utf8mb4_0900_ai_ci;
/*!40101 SET character_set_client = @saved_cs_client */;

--
-- Dumping data for table `board-reply`
--

LOCK TABLES `board-reply` WRITE;
/*!40000 ALTER TABLE `board-reply` DISABLE KEYS */;
INSERT INTO `board-reply` VALUES (32,39,'asd123','1','2023-05-24 16:56:57',NULL,32,1,0,0,'n'),(33,39,'asd123','1-1','2023-05-24 16:57:06',NULL,32,2,1,32,'n'),(34,39,'asd123','1-1-1','2023-05-24 16:57:17',NULL,32,3,2,33,'n');
/*!40000 ALTER TABLE `board-reply` ENABLE KEYS */;
UNLOCK TABLES;
/*!50003 SET @saved_cs_client      = @@character_set_client */ ;
/*!50003 SET @saved_cs_results     = @@character_set_results */ ;
/*!50003 SET @saved_col_connection = @@collation_connection */ ;
/*!50003 SET character_set_client  = utf8mb4 */ ;
/*!50003 SET character_set_results = utf8mb4 */ ;
/*!50003 SET collation_connection  = utf8mb4_0900_ai_ci */ ;
/*!50003 SET @saved_sql_mode       = @@sql_mode */ ;
/*!50003 SET sql_mode              = 'ONLY_FULL_GROUP_BY,STRICT_TRANS_TABLES,NO_ZERO_IN_DATE,NO_ZERO_DATE,ERROR_FOR_DIVISION_BY_ZERO,NO_ENGINE_SUBSTITUTION' */ ;
DELIMITER ;;
/*!50003 CREATE*/ /*!50017 DEFINER=`root`@`localhost`*/ /*!50003 TRIGGER `insertCntReplyProcedureCaller` AFTER INSERT ON `board-reply` FOR EACH ROW begin
	call countReply(new.br_bo_num);
end */;;
DELIMITER ;
/*!50003 SET sql_mode              = @saved_sql_mode */ ;
/*!50003 SET character_set_client  = @saved_cs_client */ ;
/*!50003 SET character_set_results = @saved_cs_results */ ;
/*!50003 SET collation_connection  = @saved_col_connection */ ;
/*!50003 SET @saved_cs_client      = @@character_set_client */ ;
/*!50003 SET @saved_cs_results     = @@character_set_results */ ;
/*!50003 SET @saved_col_connection = @@collation_connection */ ;
/*!50003 SET character_set_client  = utf8mb4 */ ;
/*!50003 SET character_set_results = utf8mb4 */ ;
/*!50003 SET collation_connection  = utf8mb4_0900_ai_ci */ ;
/*!50003 SET @saved_sql_mode       = @@sql_mode */ ;
/*!50003 SET sql_mode              = 'ONLY_FULL_GROUP_BY,STRICT_TRANS_TABLES,NO_ZERO_IN_DATE,NO_ZERO_DATE,ERROR_FOR_DIVISION_BY_ZERO,NO_ENGINE_SUBSTITUTION' */ ;
DELIMITER ;;
/*!50003 CREATE*/ /*!50017 DEFINER=`root`@`localhost`*/ /*!50003 TRIGGER `updateCntReplyProcedureCaller` AFTER UPDATE ON `board-reply` FOR EACH ROW begin
	call countReply(new.br_bo_num);
end */;;
DELIMITER ;
/*!50003 SET sql_mode              = @saved_sql_mode */ ;
/*!50003 SET character_set_client  = @saved_cs_client */ ;
/*!50003 SET character_set_results = @saved_cs_results */ ;
/*!50003 SET collation_connection  = @saved_col_connection */ ;
/*!50003 SET @saved_cs_client      = @@character_set_client */ ;
/*!50003 SET @saved_cs_results     = @@character_set_results */ ;
/*!50003 SET @saved_col_connection = @@collation_connection */ ;
/*!50003 SET character_set_client  = utf8mb4 */ ;
/*!50003 SET character_set_results = utf8mb4 */ ;
/*!50003 SET collation_connection  = utf8mb4_0900_ai_ci */ ;
/*!50003 SET @saved_sql_mode       = @@sql_mode */ ;
/*!50003 SET sql_mode              = 'ONLY_FULL_GROUP_BY,STRICT_TRANS_TABLES,NO_ZERO_IN_DATE,NO_ZERO_DATE,ERROR_FOR_DIVISION_BY_ZERO,NO_ENGINE_SUBSTITUTION' */ ;
DELIMITER ;;
/*!50003 CREATE*/ /*!50017 DEFINER=`root`@`localhost`*/ /*!50003 TRIGGER `deleteCntReplyProcedureCaller` AFTER DELETE ON `board-reply` FOR EACH ROW begin
	call countReply(old.br_bo_num);
end */;;
DELIMITER ;
/*!50003 SET sql_mode              = @saved_sql_mode */ ;
/*!50003 SET character_set_client  = @saved_cs_client */ ;
/*!50003 SET character_set_results = @saved_cs_results */ ;
/*!50003 SET collation_connection  = @saved_col_connection */ ;

--
-- Table structure for table `board-type`
--

DROP TABLE IF EXISTS `board-type`;
/*!40101 SET @saved_cs_client     = @@character_set_client */;
/*!50503 SET character_set_client = utf8mb4 */;
CREATE TABLE `board-type` (
  `bt_num` int NOT NULL AUTO_INCREMENT,
  `bt_types` varchar(20) NOT NULL,
  `bt_r_auth` int NOT NULL,
  `bt_w_auth` int NOT NULL,
  `bt_tm_num` int DEFAULT NULL,
  `bt_lg_num` int DEFAULT NULL,
  `bt_hasbc` tinyint NOT NULL DEFAULT '0',
  PRIMARY KEY (`bt_num`),
  KEY `FK_team_TO_board-type_1` (`bt_tm_num`),
  KEY `FK_league_TO_board-type_1` (`bt_lg_num`),
  CONSTRAINT `FK_league_TO_board-type_1` FOREIGN KEY (`bt_lg_num`) REFERENCES `league` (`lg_num`),
  CONSTRAINT `FK_team_TO_board-type_1` FOREIGN KEY (`bt_tm_num`) REFERENCES `team` (`tm_num`)
) ENGINE=InnoDB AUTO_INCREMENT=9 DEFAULT CHARSET=utf8mb4 COLLATE=utf8mb4_0900_ai_ci;
/*!40101 SET character_set_client = @saved_cs_client */;

--
-- Dumping data for table `board-type`
--

LOCK TABLES `board-type` WRITE;
/*!40000 ALTER TABLE `board-type` DISABLE KEYS */;
INSERT INTO `board-type` VALUES (1,'커뮤(자유)',0,1,NULL,NULL,0),(2,'커뮤(사사게)',0,1,NULL,NULL,0),(3,'커뮤(용병)',0,1,NULL,NULL,1),(4,'커뮤(중고)',0,1,NULL,NULL,1),(8,'팀게시판',1,1,1,NULL,1);
/*!40000 ALTER TABLE `board-type` ENABLE KEYS */;
UNLOCK TABLES;

--
-- Table structure for table `board-vote`
--

DROP TABLE IF EXISTS `board-vote`;
/*!40101 SET @saved_cs_client     = @@character_set_client */;
/*!50503 SET character_set_client = utf8mb4 */;
CREATE TABLE `board-vote` (
  `bv_num` int NOT NULL AUTO_INCREMENT,
  `bv_bo_num` int NOT NULL,
  `bv_me_id` varchar(13) NOT NULL,
  `bv_state` int NOT NULL,
  PRIMARY KEY (`bv_num`),
  KEY `FK_members_TO_board-vote_1` (`bv_me_id`),
  KEY `FK_board_TO_board-vote_1` (`bv_bo_num`),
  CONSTRAINT `FK_board_TO_board-vote_1` FOREIGN KEY (`bv_bo_num`) REFERENCES `board` (`bo_num`) ON DELETE CASCADE,
  CONSTRAINT `FK_members_TO_board-vote_1` FOREIGN KEY (`bv_me_id`) REFERENCES `members` (`me_id`)
) ENGINE=InnoDB AUTO_INCREMENT=11 DEFAULT CHARSET=utf8mb4 COLLATE=utf8mb4_0900_ai_ci;
/*!40101 SET character_set_client = @saved_cs_client */;

--
-- Dumping data for table `board-vote`
--

LOCK TABLES `board-vote` WRITE;
/*!40000 ALTER TABLE `board-vote` DISABLE KEYS */;
INSERT INTO `board-vote` VALUES (10,35,'asd123',1);
/*!40000 ALTER TABLE `board-vote` ENABLE KEYS */;
UNLOCK TABLES;
/*!50003 SET @saved_cs_client      = @@character_set_client */ ;
/*!50003 SET @saved_cs_results     = @@character_set_results */ ;
/*!50003 SET @saved_col_connection = @@collation_connection */ ;
/*!50003 SET character_set_client  = utf8mb4 */ ;
/*!50003 SET character_set_results = utf8mb4 */ ;
/*!50003 SET collation_connection  = utf8mb4_0900_ai_ci */ ;
/*!50003 SET @saved_sql_mode       = @@sql_mode */ ;
/*!50003 SET sql_mode              = 'ONLY_FULL_GROUP_BY,STRICT_TRANS_TABLES,NO_ZERO_IN_DATE,NO_ZERO_DATE,ERROR_FOR_DIVISION_BY_ZERO,NO_ENGINE_SUBSTITUTION' */ ;
DELIMITER ;;
/*!50003 CREATE*/ /*!50017 DEFINER=`root`@`localhost`*/ /*!50003 TRIGGER `insertVoteProcedureCaller` AFTER INSERT ON `board-vote` FOR EACH ROW begin
		call countVote(new.bv_bo_num);
    end */;;
DELIMITER ;
/*!50003 SET sql_mode              = @saved_sql_mode */ ;
/*!50003 SET character_set_client  = @saved_cs_client */ ;
/*!50003 SET character_set_results = @saved_cs_results */ ;
/*!50003 SET collation_connection  = @saved_col_connection */ ;
/*!50003 SET @saved_cs_client      = @@character_set_client */ ;
/*!50003 SET @saved_cs_results     = @@character_set_results */ ;
/*!50003 SET @saved_col_connection = @@collation_connection */ ;
/*!50003 SET character_set_client  = utf8mb4 */ ;
/*!50003 SET character_set_results = utf8mb4 */ ;
/*!50003 SET collation_connection  = utf8mb4_0900_ai_ci */ ;
/*!50003 SET @saved_sql_mode       = @@sql_mode */ ;
/*!50003 SET sql_mode              = 'ONLY_FULL_GROUP_BY,STRICT_TRANS_TABLES,NO_ZERO_IN_DATE,NO_ZERO_DATE,ERROR_FOR_DIVISION_BY_ZERO,NO_ENGINE_SUBSTITUTION' */ ;
DELIMITER ;;
/*!50003 CREATE*/ /*!50017 DEFINER=`root`@`localhost`*/ /*!50003 TRIGGER `updateVoteProcedureCaller` AFTER UPDATE ON `board-vote` FOR EACH ROW begin
		call countVote(new.bv_bo_num);
    end */;;
DELIMITER ;
/*!50003 SET sql_mode              = @saved_sql_mode */ ;
/*!50003 SET character_set_client  = @saved_cs_client */ ;
/*!50003 SET character_set_results = @saved_cs_results */ ;
/*!50003 SET collation_connection  = @saved_col_connection */ ;
/*!50003 SET @saved_cs_client      = @@character_set_client */ ;
/*!50003 SET @saved_cs_results     = @@character_set_results */ ;
/*!50003 SET @saved_col_connection = @@collation_connection */ ;
/*!50003 SET character_set_client  = utf8mb4 */ ;
/*!50003 SET character_set_results = utf8mb4 */ ;
/*!50003 SET collation_connection  = utf8mb4_0900_ai_ci */ ;
/*!50003 SET @saved_sql_mode       = @@sql_mode */ ;
/*!50003 SET sql_mode              = 'ONLY_FULL_GROUP_BY,STRICT_TRANS_TABLES,NO_ZERO_IN_DATE,NO_ZERO_DATE,ERROR_FOR_DIVISION_BY_ZERO,NO_ENGINE_SUBSTITUTION' */ ;
DELIMITER ;;
/*!50003 CREATE*/ /*!50017 DEFINER=`root`@`localhost`*/ /*!50003 TRIGGER `deleteVoteProcedureCaller` AFTER DELETE ON `board-vote` FOR EACH ROW begin
	call countVote(old.bv_bo_num);
end */;;
DELIMITER ;
/*!50003 SET sql_mode              = @saved_sql_mode */ ;
/*!50003 SET character_set_client  = @saved_cs_client */ ;
/*!50003 SET character_set_results = @saved_cs_results */ ;
/*!50003 SET collation_connection  = @saved_col_connection */ ;

--
-- Table structure for table `league`
--

DROP TABLE IF EXISTS `league`;
/*!40101 SET @saved_cs_client     = @@character_set_client */;
/*!50503 SET character_set_client = utf8mb4 */;
CREATE TABLE `league` (
  `lg_num` int NOT NULL AUTO_INCREMENT,
  `lg_name` varchar(20) NOT NULL,
  `lg_introduce` longtext,
  `lg_me_id` varchar(13) NOT NULL,
  `lg_start_day` date DEFAULT NULL,
  `lg_state` varchar(10) DEFAULT NULL,
  `lg_approval` int DEFAULT NULL,
  `lg_logo` varchar(255) DEFAULT NULL,
  `lg_re_num` int DEFAULT NULL,
  PRIMARY KEY (`lg_num`),
  KEY `FK_members_TO_league_1` (`lg_me_id`),
  CONSTRAINT `FK_members_TO_league_1` FOREIGN KEY (`lg_me_id`) REFERENCES `members` (`me_id`)
) ENGINE=InnoDB AUTO_INCREMENT=2 DEFAULT CHARSET=utf8mb4 COLLATE=utf8mb4_0900_ai_ci;
/*!40101 SET character_set_client = @saved_cs_client */;

--
-- Dumping data for table `league`
--

LOCK TABLES `league` WRITE;
/*!40000 ALTER TABLE `league` DISABLE KEYS */;
INSERT INTO `league` VALUES (1,'옥토퍼스리그',NULL,'asd123',NULL,'활동중',2,NULL,NULL);
/*!40000 ALTER TABLE `league` ENABLE KEYS */;
UNLOCK TABLES;

--
-- Table structure for table `league-matchlist`
--

DROP TABLE IF EXISTS `league-matchlist`;
/*!40101 SET @saved_cs_client     = @@character_set_client */;
/*!50503 SET character_set_client = utf8mb4 */;
CREATE TABLE `league-matchlist` (
  `lm_num` int NOT NULL AUTO_INCREMENT,
  `lm_mr_num` int NOT NULL,
  `lm_ls_num` int NOT NULL,
  PRIMARY KEY (`lm_num`),
  KEY `FK_match-record_TO_league-matchList_1` (`lm_mr_num`),
  KEY `FK_league-schedule_TO_league-matchList_1` (`lm_ls_num`),
  CONSTRAINT `FK_league-schedule_TO_league-matchList_1` FOREIGN KEY (`lm_ls_num`) REFERENCES `league-schedule` (`ls_num`),
  CONSTRAINT `FK_match-record_TO_league-matchList_1` FOREIGN KEY (`lm_mr_num`) REFERENCES `match-record` (`mr_num`)
) ENGINE=InnoDB DEFAULT CHARSET=utf8mb4 COLLATE=utf8mb4_0900_ai_ci;
/*!40101 SET character_set_client = @saved_cs_client */;

--
-- Dumping data for table `league-matchlist`
--

LOCK TABLES `league-matchlist` WRITE;
/*!40000 ALTER TABLE `league-matchlist` DISABLE KEYS */;
/*!40000 ALTER TABLE `league-matchlist` ENABLE KEYS */;
UNLOCK TABLES;

--
-- Table structure for table `league-participationteam`
--

DROP TABLE IF EXISTS `league-participationteam`;
/*!40101 SET @saved_cs_client     = @@character_set_client */;
/*!50503 SET character_set_client = utf8mb4 */;
CREATE TABLE `league-participationteam` (
  `lp_num` int NOT NULL AUTO_INCREMENT,
  `lp_tm_num` int NOT NULL,
  `lp_le_num` int NOT NULL,
  `lp_approval` int NOT NULL,
  PRIMARY KEY (`lp_num`),
  KEY `FK_team_TO_league-participationteam_1` (`lp_tm_num`),
  KEY `FK_league_attribute_TO_league-participationteam_1` (`lp_le_num`),
  CONSTRAINT `FK_league_attribute_TO_league-participationteam_1` FOREIGN KEY (`lp_le_num`) REFERENCES `league_attribute` (`la_num`),
  CONSTRAINT `FK_team_TO_league-participationteam_1` FOREIGN KEY (`lp_tm_num`) REFERENCES `team` (`tm_num`)
) ENGINE=InnoDB DEFAULT CHARSET=utf8mb4 COLLATE=utf8mb4_0900_ai_ci;
/*!40101 SET character_set_client = @saved_cs_client */;

--
-- Dumping data for table `league-participationteam`
--

LOCK TABLES `league-participationteam` WRITE;
/*!40000 ALTER TABLE `league-participationteam` DISABLE KEYS */;
/*!40000 ALTER TABLE `league-participationteam` ENABLE KEYS */;
UNLOCK TABLES;

--
-- Table structure for table `league-schedule`
--

DROP TABLE IF EXISTS `league-schedule`;
/*!40101 SET @saved_cs_client     = @@character_set_client */;
/*!50503 SET character_set_client = utf8mb4 */;
CREATE TABLE `league-schedule` (
  `ls_num` int NOT NULL AUTO_INCREMENT,
  `ls_match_state` varchar(5) NOT NULL DEFAULT '경기전',
  `ls_match_date` datetime DEFAULT NULL,
  `ls_point_a` int NOT NULL,
  `ls_point_b` int NOT NULL,
  `ls_lp_num_a` int NOT NULL,
  `ls_lp_num_b` int NOT NULL,
  `ls_la_num` int NOT NULL,
  PRIMARY KEY (`ls_num`),
  KEY `FK_league-participationteam_TO_league-schedule_1` (`ls_lp_num_a`),
  KEY `FK_league-participationteam_TO_league-schedule_2` (`ls_lp_num_b`),
  KEY `FK_league_attribute_TO_league-schedule_1` (`ls_la_num`),
  CONSTRAINT `FK_league-participationteam_TO_league-schedule_1` FOREIGN KEY (`ls_lp_num_a`) REFERENCES `league-participationteam` (`lp_num`),
  CONSTRAINT `FK_league-participationteam_TO_league-schedule_2` FOREIGN KEY (`ls_lp_num_b`) REFERENCES `league-participationteam` (`lp_num`),
  CONSTRAINT `FK_league_attribute_TO_league-schedule_1` FOREIGN KEY (`ls_la_num`) REFERENCES `league_attribute` (`la_num`)
) ENGINE=InnoDB DEFAULT CHARSET=utf8mb4 COLLATE=utf8mb4_0900_ai_ci;
/*!40101 SET character_set_client = @saved_cs_client */;

--
-- Dumping data for table `league-schedule`
--

LOCK TABLES `league-schedule` WRITE;
/*!40000 ALTER TABLE `league-schedule` DISABLE KEYS */;
/*!40000 ALTER TABLE `league-schedule` ENABLE KEYS */;
UNLOCK TABLES;

--
-- Table structure for table `league_attribute`
--

DROP TABLE IF EXISTS `league_attribute`;
/*!40101 SET @saved_cs_client     = @@character_set_client */;
/*!50503 SET character_set_client = utf8mb4 */;
CREATE TABLE `league_attribute` (
  `la_num` int NOT NULL AUTO_INCREMENT,
  `la_name` varchar(20) NOT NULL,
  `la_match_type` varchar(5) NOT NULL,
  `la_start_date` date NOT NULL,
  `la_whole_period` int DEFAULT NULL,
  `la_team_state` varchar(5) NOT NULL DEFAULT '모집중',
  `la_lg_num` int NOT NULL,
  PRIMARY KEY (`la_num`),
  KEY `FK_league_TO_league_attribute_1` (`la_lg_num`),
  CONSTRAINT `FK_league_TO_league_attribute_1` FOREIGN KEY (`la_lg_num`) REFERENCES `league` (`lg_num`)
) ENGINE=InnoDB DEFAULT CHARSET=utf8mb4 COLLATE=utf8mb4_0900_ai_ci;
/*!40101 SET character_set_client = @saved_cs_client */;

--
-- Dumping data for table `league_attribute`
--

LOCK TABLES `league_attribute` WRITE;
/*!40000 ALTER TABLE `league_attribute` DISABLE KEYS */;
/*!40000 ALTER TABLE `league_attribute` ENABLE KEYS */;
UNLOCK TABLES;

--
-- Table structure for table `league_enrollment`
--

DROP TABLE IF EXISTS `league_enrollment`;
/*!40101 SET @saved_cs_client     = @@character_set_client */;
/*!50503 SET character_set_client = utf8mb4 */;
CREATE TABLE `league_enrollment` (
  `le_num` int NOT NULL AUTO_INCREMENT,
  `le_sd_num` int NOT NULL,
  `le_la_num` int NOT NULL,
  PRIMARY KEY (`le_num`),
  KEY `FK_stadium_TO_league_enrollment_1` (`le_sd_num`),
  KEY `FK_league_attribute_TO_league_enrollment_1` (`le_la_num`),
  CONSTRAINT `FK_league_attribute_TO_league_enrollment_1` FOREIGN KEY (`le_la_num`) REFERENCES `league_attribute` (`la_num`),
  CONSTRAINT `FK_stadium_TO_league_enrollment_1` FOREIGN KEY (`le_sd_num`) REFERENCES `stadium` (`sd_num`)
) ENGINE=InnoDB DEFAULT CHARSET=utf8mb4 COLLATE=utf8mb4_0900_ai_ci;
/*!40101 SET character_set_client = @saved_cs_client */;

--
-- Dumping data for table `league_enrollment`
--

LOCK TABLES `league_enrollment` WRITE;
/*!40000 ALTER TABLE `league_enrollment` DISABLE KEYS */;
/*!40000 ALTER TABLE `league_enrollment` ENABLE KEYS */;
UNLOCK TABLES;

--
-- Table structure for table `match-attendance`
--

DROP TABLE IF EXISTS `match-attendance`;
/*!40101 SET @saved_cs_client     = @@character_set_client */;
/*!50503 SET character_set_client = utf8mb4 */;
CREATE TABLE `match-attendance` (
  `mt_num` int NOT NULL AUTO_INCREMENT,
  `mt_tp_num` int NOT NULL,
  `mt_ms_num` int NOT NULL,
  `mt_isattendance` int NOT NULL DEFAULT (0),
  PRIMARY KEY (`mt_num`),
  KEY `FK_team-player_TO_match-attendance_1` (`mt_tp_num`),
  KEY `FK_match-schedule_TO_match-attendance_1` (`mt_ms_num`),
  CONSTRAINT `FK_match-schedule_TO_match-attendance_1` FOREIGN KEY (`mt_ms_num`) REFERENCES `match-schedule` (`ms_num`),
  CONSTRAINT `FK_team-player_TO_match-attendance_1` FOREIGN KEY (`mt_tp_num`) REFERENCES `team-player` (`tp_num`)
) ENGINE=InnoDB DEFAULT CHARSET=utf8mb4 COLLATE=utf8mb4_0900_ai_ci;
/*!40101 SET character_set_client = @saved_cs_client */;

--
-- Dumping data for table `match-attendance`
--

LOCK TABLES `match-attendance` WRITE;
/*!40000 ALTER TABLE `match-attendance` DISABLE KEYS */;
/*!40000 ALTER TABLE `match-attendance` ENABLE KEYS */;
UNLOCK TABLES;

--
-- Table structure for table `match-batterboxevent`
--

DROP TABLE IF EXISTS `match-batterboxevent`;
/*!40101 SET @saved_cs_client     = @@character_set_client */;
/*!50503 SET character_set_client = utf8mb4 */;
CREATE TABLE `match-batterboxevent` (
  `mb_num` int NOT NULL AUTO_INCREMENT,
  `mb_inning_order` int NOT NULL,
  `mb_be_num` int NOT NULL,
  `mb_mi_num` int NOT NULL,
  `mb_mp_hitter_num` int NOT NULL,
  `mb_mp_pitcher_num` int NOT NULL,
  PRIMARY KEY (`mb_num`),
  KEY `FK_batterboxevent-type_TO_match-batterboxEvent_1` (`mb_be_num`),
  KEY `FK_match-inning_TO_match-batterboxEvent_1` (`mb_mi_num`),
  KEY `FK_match-partcipate_TO_match-batterboxEvent_1` (`mb_mp_hitter_num`),
  KEY `FK_match-partcipate_TO_match-batterboxEvent_2` (`mb_mp_pitcher_num`),
  CONSTRAINT `FK_batterboxevent-type_TO_match-batterboxEvent_1` FOREIGN KEY (`mb_be_num`) REFERENCES `batterboxevent-type` (`be_num`),
  CONSTRAINT `FK_match-inning_TO_match-batterboxEvent_1` FOREIGN KEY (`mb_mi_num`) REFERENCES `match-inning` (`mi_num`) ON DELETE CASCADE,
  CONSTRAINT `FK_match-partcipate_TO_match-batterboxEvent_1` FOREIGN KEY (`mb_mp_hitter_num`) REFERENCES `match-participate` (`mp_num`),
  CONSTRAINT `FK_match-partcipate_TO_match-batterboxEvent_2` FOREIGN KEY (`mb_mp_pitcher_num`) REFERENCES `match-participate` (`mp_num`)
) ENGINE=InnoDB AUTO_INCREMENT=92 DEFAULT CHARSET=utf8mb4 COLLATE=utf8mb4_0900_ai_ci;
/*!40101 SET character_set_client = @saved_cs_client */;

--
-- Dumping data for table `match-batterboxevent`
--

LOCK TABLES `match-batterboxevent` WRITE;
/*!40000 ALTER TABLE `match-batterboxevent` DISABLE KEYS */;
INSERT INTO `match-batterboxevent` VALUES (78,0,39,890,53,54),(79,0,88,891,53,54),(80,0,52,892,54,53),(81,0,61,893,54,53),(88,0,35,900,57,58),(89,0,36,901,57,58),(90,0,52,902,58,57),(91,0,62,903,58,57);
/*!40000 ALTER TABLE `match-batterboxevent` ENABLE KEYS */;
UNLOCK TABLES;
/*!50003 SET @saved_cs_client      = @@character_set_client */ ;
/*!50003 SET @saved_cs_results     = @@character_set_results */ ;
/*!50003 SET @saved_col_connection = @@collation_connection */ ;
/*!50003 SET character_set_client  = utf8mb4 */ ;
/*!50003 SET character_set_results = utf8mb4 */ ;
/*!50003 SET collation_connection  = utf8mb4_0900_ai_ci */ ;
/*!50003 SET @saved_sql_mode       = @@sql_mode */ ;
/*!50003 SET sql_mode              = 'ONLY_FULL_GROUP_BY,STRICT_TRANS_TABLES,NO_ZERO_IN_DATE,NO_ZERO_DATE,ERROR_FOR_DIVISION_BY_ZERO,NO_ENGINE_SUBSTITUTION' */ ;
DELIMITER ;;
/*!50003 CREATE*/ /*!50017 DEFINER=`root`@`localhost`*/ /*!50003 TRIGGER `BBEToPersonalRecordTrigger` AFTER INSERT ON `match-batterboxevent` FOR EACH ROW begin
		declare _new_event_sup_type int;
        declare _hitter_tp_num int;
        declare _pitcher_tp_num int;
        declare _mr_num int;
        
        set _hitter_tp_num = (with _mp_table as (select * from `match-participate`) (select mp_tp_num from _mp_table where mp_num = new.mb_mp_hitter_num));
        set _pitcher_tp_num = (with _mp_table as (select * from `match-participate`)(select mp_tp_num from `match-participate` where mp_num = new.mb_mp_pitcher_num));
        set _mr_num = (select mi_mr_num from `match-inning` where mi_num = new.mb_mi_num);
        set _new_event_sup_type = (select be_sup_type from `batterboxevent-type` where be_num = NEW.mb_be_num);
        -- 
         IF (SELECT ph_num FROM `playerrecord-hitter` WHERE ph_tp_num = _hitter_tp_num and ph_mr_num = _mr_num) IS NULL THEN
			INSERT INTO `playerrecord-hitter` (ph_tp_num, ph_mr_num)
			value(_hitter_tp_num, _mr_num);
		END IF;
    
		 IF (SELECT pp_num FROM `playerrecord-pitcher` WHERE pp_tp_num = _pitcher_tp_num and pp_mr_num = _mr_num) IS NULL THEN
			INSERT INTO `playerrecord-pitcher` (pp_tp_num, pp_mr_num)
			value(_pitcher_tp_num, _mr_num);
		END IF;
        
        -- 타자 1루타, 2루타, 3루타, 홈런인 경우
		if _new_event_sup_type = 1 then
			update `playerrecord-hitter` 
				 set ph_single_hits = ph_single_hits+1
				 where ph_mr_num = _mr_num and ph_tp_num = _hitter_tp_num ;
		elseif _new_event_sup_type = 2 then
			update `playerrecord-hitter` 
				 set ph_twobase_hits = ph_twobase_hits +1
				 where ph_mr_num = _mr_num and ph_tp_num = _hitter_tp_num ;
		elseif _new_event_sup_type = 3 then
			update `playerrecord-hitter` 
				set ph_threebase_hits = ph_threebase_hits+1
				 where ph_mr_num = _mr_num and ph_tp_num = _hitter_tp_num ;
		 elseif _new_event_sup_type = 4 then
			update `playerrecord-hitter` 
				set ph_homeruns = ph_homeruns +1
				 where ph_mr_num = _mr_num and ph_tp_num = _hitter_tp_num ;

        end if;
        -- 타자 도루 일단 하드 코딩으로 
        if new.mb_be_num in (79, 80, 81, 82) then
			update `playerrecord-hitter` 
				 set ph_steals = ph_steals+1
				 where ph_mr_num = _mr_num and ph_tp_num = _hitter_tp_num ;
		elseif new.mb_be_num in (84,85, 86, 87, 88, 89) then
			update `playerrecord-hitter` 
				 set ph_fail_steals = ph_fail_steals+1
				 where ph_mr_num = _mr_num and ph_tp_num = _hitter_tp_num ;
        end if;
        
        -- 타자, 투수 볼넷, 삼진(투수도 기록하기)
        if new.mb_be_num = 4 then
			update `playerrecord-hitter` 
				 set ph_strike_outs = ph_strike_outs+1
				 where ph_mr_num = _mr_num and ph_tp_num = _hitter_tp_num ;
                 
             update `playerrecord-pitcher` 
				 set pp_strikeouts = pp_strikeouts+1
				 where pp_mr_num = _mr_num and pp_tp_num = _pitcher_tp_num ;    
                   
		elseif new.mb_be_num = 98 then
			update `playerrecord-hitter` 
				 set ph_fourballs = ph_fourballs+1
				 where ph_mr_num = _mr_num and ph_tp_num = _hitter_tp_num ;
                 
             update `playerrecord-pitcher` 
				 set pp_fourballs = pp_fourballs+1
				 where pp_mr_num = _mr_num and pp_tp_num = _pitcher_tp_num ;   
        end if;
        
         -- 타자 타석수  
        if _new_event_sup_type in (0, 1, 2, 3, 4, 7) then
			update `playerrecord-hitter` 
				 set ph_bats = ph_bats+1
				 where ph_mr_num = _mr_num and ph_tp_num = _hitter_tp_num ;
			 update `playerrecord-hitter` 
				 set ph_hits = ph_hits+1
				 where ph_mr_num = _mr_num and ph_tp_num = _hitter_tp_num ;
		elseif new.mb_be_num in (91, 92, 93) then
			update `playerrecord-hitter` 
				 set ph_bats = ph_bats+1
				 where ph_mr_num = _mr_num and ph_tp_num = _hitter_tp_num ;
		end if;
        -- 타자 타석수 중 빠지는 경우
        if new.mb_be_num in (98,99, 100, 101,112) then
			update `playerrecord-hitter` 
				 set ph_hits = ph_hits -1
				 where ph_mr_num = _mr_num and ph_tp_num = _hitter_tp_num ;
                 
        end if;
        -- 타자 병살 사구, 
        if new.mb_be_num in (2, 3) then
			update `playerrecord-hitter` 
				 set ph_doubleplays = ph_doubleplays+1
				 where ph_mr_num = _mr_num and ph_tp_num = _hitter_tp_num ;
		elseif new.mb_be_num = 74 then
			update `playerrecord-hitter` 
				 set ph_hitbypitches = ph_hitbypitches+1
				 where ph_mr_num = _mr_num and ph_tp_num = _hitter_tp_num ;
		end if;
        
        -- 출루
        if _new_event_sup_type in (1, 2, 3, 4, 7) then
			update `playerrecord-hitter` 
				 set ph_onbases = ph_onbases+1
				 where ph_mr_num = _mr_num and ph_tp_num = _hitter_tp_num ;
		end if;
        
        -- 투수 피안타, 피홈런
        if _new_event_sup_type in (1, 2, 3) then
			update `playerrecord-pitcher` 
				 set pp_hits = pp_hits+1
				 where pp_mr_num = _mr_num and pp_tp_num = _pitcher_tp_num ;  
		elseif _new_event_sup_type = 4 then
			update `playerrecord-pitcher` 
				 set pp_homeruns = pp_homeruns+1
				 where pp_mr_num = _mr_num and pp_tp_num = _pitcher_tp_num ;
		 end if;
         -- 타자 수 
         if _new_event_sup_type in (0, 1, 2, 3, 4, 6, 7, 8) then
			update `playerrecord-pitcher` 
				 set pp_hitters = pp_hitters+1
				 where pp_mr_num = _mr_num and pp_tp_num = _pitcher_tp_num ; 
		 end if;
		-- 볼넷, 사구, 삼진, 보크, 폭투
         if new.mb_be_num = 98 then
			update `playerrecord-pitcher` 
				 set pp_fourballs = pp_fourballs +1
				 where pp_mr_num = _mr_num and pp_tp_num = _pitcher_tp_num ; 
		elseif  new.mb_be_num = 100 then
			update `playerrecord-pitcher` 
				 set pp_hitbypitches = pp_hitbypitches +1
				 where pp_mr_num = _mr_num and pp_tp_num = _pitcher_tp_num ; 
		elseif  new.mb_be_num = 4 then
			update `playerrecord-pitcher` 
				 set pp_strikeouts = pp_strikeouts +1
				 where pp_mr_num = _mr_num and pp_tp_num = _pitcher_tp_num ; 
		elseif  new.mb_be_num = 109 then
			update `playerrecord-pitcher` 
				 set pp_balks = pp_balks +1
				 where pp_mr_num = _mr_num and pp_tp_num = _pitcher_tp_num ; 
		elseif  new.mb_be_num = 107 then
			update `playerrecord-pitcher` 
				 set pp_wildpitchs = pp_wildpitchs +1
				 where pp_mr_num = _mr_num and pp_tp_num = _pitcher_tp_num ; 
		end if;
    
    end */;;
DELIMITER ;
/*!50003 SET sql_mode              = @saved_sql_mode */ ;
/*!50003 SET character_set_client  = @saved_cs_client */ ;
/*!50003 SET character_set_results = @saved_cs_results */ ;
/*!50003 SET collation_connection  = @saved_col_connection */ ;

--
-- Table structure for table `match-inning`
--

DROP TABLE IF EXISTS `match-inning`;
/*!40101 SET @saved_cs_client     = @@character_set_client */;
/*!50503 SET character_set_client = utf8mb4 */;
CREATE TABLE `match-inning` (
  `mi_num` int NOT NULL AUTO_INCREMENT,
  `mi_inning` int NOT NULL,
  `mi_isFirstLast` tinyint(1) NOT NULL,
  `mi_point` int NOT NULL DEFAULT '0',
  `mi_mr_num` int NOT NULL,
  PRIMARY KEY (`mi_num`),
  KEY `FK_match-record_TO_match-inning_1` (`mi_mr_num`),
  CONSTRAINT `FK_match-record_TO_match-inning_1` FOREIGN KEY (`mi_mr_num`) REFERENCES `match-record` (`mr_num`)
) ENGINE=InnoDB AUTO_INCREMENT=904 DEFAULT CHARSET=utf8mb4 COLLATE=utf8mb4_0900_ai_ci;
/*!40101 SET character_set_client = @saved_cs_client */;

--
-- Dumping data for table `match-inning`
--

LOCK TABLES `match-inning` WRITE;
/*!40000 ALTER TABLE `match-inning` DISABLE KEYS */;
INSERT INTO `match-inning` VALUES (890,1,1,1,1),(891,2,1,2,1),(892,1,0,3,1),(893,2,0,4,1),(900,1,1,1,2),(901,2,1,2,2),(902,1,0,4,2),(903,2,0,3,2);
/*!40000 ALTER TABLE `match-inning` ENABLE KEYS */;
UNLOCK TABLES;

--
-- Table structure for table `match-lineup`
--

DROP TABLE IF EXISTS `match-lineup`;
/*!40101 SET @saved_cs_client     = @@character_set_client */;
/*!50503 SET character_set_client = utf8mb4 */;
CREATE TABLE `match-lineup` (
  `ml_num` int NOT NULL AUTO_INCREMENT,
  `ml_ms_num` int NOT NULL,
  `ml_battingorder` int NOT NULL,
  `ml_type` varchar(10) NOT NULL,
  `ml_tp_num` int NOT NULL,
  `ml_po_num` int NOT NULL,
  PRIMARY KEY (`ml_num`),
  KEY `FK_match-schedule_TO_match-lineup_1` (`ml_ms_num`),
  KEY `FK_team-player_TO_match-lineup_1` (`ml_tp_num`),
  KEY `FK_position_TO_match-lineup_1` (`ml_po_num`),
  CONSTRAINT `FK_match-schedule_TO_match-lineup_1` FOREIGN KEY (`ml_ms_num`) REFERENCES `match-schedule` (`ms_num`),
  CONSTRAINT `FK_position_TO_match-lineup_1` FOREIGN KEY (`ml_po_num`) REFERENCES `position` (`po_num`),
  CONSTRAINT `FK_team-player_TO_match-lineup_1` FOREIGN KEY (`ml_tp_num`) REFERENCES `team-player` (`tp_num`)
) ENGINE=InnoDB AUTO_INCREMENT=29 DEFAULT CHARSET=utf8mb4 COLLATE=utf8mb4_0900_ai_ci;
/*!40101 SET character_set_client = @saved_cs_client */;

--
-- Dumping data for table `match-lineup`
--

LOCK TABLES `match-lineup` WRITE;
/*!40000 ALTER TABLE `match-lineup` DISABLE KEYS */;
INSERT INTO `match-lineup` VALUES (20,1,2,'선발',33,1),(21,1,6,'선발',30,2),(22,1,7,'선발',27,3),(23,1,1,'선발',32,4),(24,1,3,'선발',29,5),(25,1,9,'선발',31,6),(26,1,4,'선발',28,7),(27,1,5,'선발',26,8),(28,1,8,'선발',1,9);
/*!40000 ALTER TABLE `match-lineup` ENABLE KEYS */;
UNLOCK TABLES;

--
-- Table structure for table `match-participate`
--

DROP TABLE IF EXISTS `match-participate`;
/*!40101 SET @saved_cs_client     = @@character_set_client */;
/*!50503 SET character_set_client = utf8mb4 */;
CREATE TABLE `match-participate` (
  `mp_num` int NOT NULL AUTO_INCREMENT,
  `mp_tp_num` int NOT NULL,
  `mp_order` int NOT NULL,
  `mp_type` varchar(10) NOT NULL,
  `mp_po_num` int NOT NULL,
  `mp_inning` int NOT NULL,
  `mp_mr_num` int NOT NULL,
  PRIMARY KEY (`mp_num`),
  KEY `FK_team-player_TO_match-partcipate_1` (`mp_tp_num`),
  KEY `FK_position_TO_match-partcipate_1` (`mp_po_num`),
  KEY `FK_match-record_TO_match-partcitipate1_idx` (`mp_mr_num`),
  CONSTRAINT `FK_match-record_TO_match-partcipate_1` FOREIGN KEY (`mp_mr_num`) REFERENCES `match-record` (`mr_num`),
  CONSTRAINT `FK_position_TO_match-partcipate_1` FOREIGN KEY (`mp_po_num`) REFERENCES `position` (`po_num`),
  CONSTRAINT `FK_team-player_TO_match-partcipate_1` FOREIGN KEY (`mp_tp_num`) REFERENCES `team-player` (`tp_num`)
) ENGINE=InnoDB AUTO_INCREMENT=59 DEFAULT CHARSET=utf8mb4 COLLATE=utf8mb4_0900_ai_ci;
/*!40101 SET character_set_client = @saved_cs_client */;

--
-- Dumping data for table `match-participate`
--

LOCK TABLES `match-participate` WRITE;
/*!40000 ALTER TABLE `match-participate` DISABLE KEYS */;
INSERT INTO `match-participate` VALUES (53,1,1,'선발',1,0,1),(54,21,1,'선발',1,0,1),(57,1,1,'선발',1,0,2),(58,22,1,'선발',1,0,2);
/*!40000 ALTER TABLE `match-participate` ENABLE KEYS */;
UNLOCK TABLES;

--
-- Table structure for table `match-record`
--

DROP TABLE IF EXISTS `match-record`;
/*!40101 SET @saved_cs_client     = @@character_set_client */;
/*!50503 SET character_set_client = utf8mb4 */;
CREATE TABLE `match-record` (
  `mr_num` int NOT NULL AUTO_INCREMENT,
  `mr_ms_num` int NOT NULL,
  `mr_point_home` int NOT NULL,
  `mr_point_away` int NOT NULL,
  `mr_startteam` tinyint(1) NOT NULL,
  PRIMARY KEY (`mr_num`),
  KEY `FK_match-schedule_TO_match-record_1` (`mr_ms_num`),
  CONSTRAINT `FK_match-schedule_TO_match-record_1` FOREIGN KEY (`mr_ms_num`) REFERENCES `match-schedule` (`ms_num`)
) ENGINE=InnoDB AUTO_INCREMENT=3 DEFAULT CHARSET=utf8mb4 COLLATE=utf8mb4_0900_ai_ci;
/*!40101 SET character_set_client = @saved_cs_client */;

--
-- Dumping data for table `match-record`
--

LOCK TABLES `match-record` WRITE;
/*!40000 ALTER TABLE `match-record` DISABLE KEYS */;
INSERT INTO `match-record` VALUES (1,1,3,7,1),(2,2,3,7,1);
/*!40000 ALTER TABLE `match-record` ENABLE KEYS */;
UNLOCK TABLES;

--
-- Table structure for table `match-schedule`
--

DROP TABLE IF EXISTS `match-schedule`;
/*!40101 SET @saved_cs_client     = @@character_set_client */;
/*!50503 SET character_set_client = utf8mb4 */;
CREATE TABLE `match-schedule` (
  `ms_num` int NOT NULL AUTO_INCREMENT,
  `ms_datetime` datetime NOT NULL,
  `ms_match_sort` varchar(10) NOT NULL,
  `ms_tm_home_num` int NOT NULL,
  `ms_tm_away_num` int NOT NULL,
  `ms_rv_num` int NOT NULL,
  `ms_me_id` varchar(13) NOT NULL,
  PRIMARY KEY (`ms_num`),
  KEY `FK_team_TO_match-schedule_1` (`ms_tm_home_num`),
  KEY `FK_team_TO_match-schedule_2` (`ms_tm_away_num`),
  KEY `FK_reservation_TO_match-schedule_1` (`ms_rv_num`),
  KEY `FK_members_TO_match-schedule_1` (`ms_me_id`),
  CONSTRAINT `FK_members_TO_match-schedule_1` FOREIGN KEY (`ms_me_id`) REFERENCES `members` (`me_id`),
  CONSTRAINT `FK_reservation_TO_match-schedule_1` FOREIGN KEY (`ms_rv_num`) REFERENCES `reservation` (`rv_num`),
  CONSTRAINT `FK_team_TO_match-schedule_1` FOREIGN KEY (`ms_tm_home_num`) REFERENCES `team` (`tm_num`),
  CONSTRAINT `FK_team_TO_match-schedule_2` FOREIGN KEY (`ms_tm_away_num`) REFERENCES `team` (`tm_num`)
) ENGINE=InnoDB AUTO_INCREMENT=3 DEFAULT CHARSET=utf8mb4 COLLATE=utf8mb4_0900_ai_ci;
/*!40101 SET character_set_client = @saved_cs_client */;

--
-- Dumping data for table `match-schedule`
--

LOCK TABLES `match-schedule` WRITE;
/*!40000 ALTER TABLE `match-schedule` DISABLE KEYS */;
INSERT INTO `match-schedule` VALUES (1,'2023-05-29 16:13:05','친선',1,2,1,'asd123'),(2,'2032-12-12 00:00:00','친선',1,3,1,'asd123');
/*!40000 ALTER TABLE `match-schedule` ENABLE KEYS */;
UNLOCK TABLES;

--
-- Table structure for table `member`
--

DROP TABLE IF EXISTS `member`;
/*!40101 SET @saved_cs_client     = @@character_set_client */;
/*!50503 SET character_set_client = utf8mb4 */;
CREATE TABLE `member` (
  `MEMBER_ID` varchar(30) NOT NULL,
  `MEMBER_PWD` varchar(100) NOT NULL,
  `MEMBER_NM` varchar(15) NOT NULL,
  `MEMBER_ENROLL_DT` date DEFAULT (now()),
  PRIMARY KEY (`MEMBER_ID`)
) ENGINE=InnoDB DEFAULT CHARSET=utf8mb4 COLLATE=utf8mb4_0900_ai_ci;
/*!40101 SET character_set_client = @saved_cs_client */;

--
-- Dumping data for table `member`
--

LOCK TABLES `member` WRITE;
/*!40000 ALTER TABLE `member` DISABLE KEYS */;
/*!40000 ALTER TABLE `member` ENABLE KEYS */;
UNLOCK TABLES;

--
-- Table structure for table `member-authority`
--

DROP TABLE IF EXISTS `member-authority`;
/*!40101 SET @saved_cs_client     = @@character_set_client */;
/*!50503 SET character_set_client = utf8mb4 */;
CREATE TABLE `member-authority` (
  `ma_num` int NOT NULL AUTO_INCREMENT,
  `ma_stadium_auth` tinyint(1) NOT NULL DEFAULT '0',
  `ma_league_auth` tinyint(1) NOT NULL DEFAULT '0',
  `ma_record_auth` tinyint(1) NOT NULL DEFAULT '0',
  PRIMARY KEY (`ma_num`)
) ENGINE=InnoDB AUTO_INCREMENT=9 DEFAULT CHARSET=utf8mb4 COLLATE=utf8mb4_0900_ai_ci;
/*!40101 SET character_set_client = @saved_cs_client */;

--
-- Dumping data for table `member-authority`
--

LOCK TABLES `member-authority` WRITE;
/*!40000 ALTER TABLE `member-authority` DISABLE KEYS */;
INSERT INTO `member-authority` VALUES (1,0,0,0),(2,1,0,0),(3,0,1,0),(4,0,0,1),(5,1,1,0),(6,0,1,1),(7,1,0,1),(8,1,1,1);
/*!40000 ALTER TABLE `member-authority` ENABLE KEYS */;
UNLOCK TABLES;

--
-- Table structure for table `member-joinauth`
--

DROP TABLE IF EXISTS `member-joinauth`;
/*!40101 SET @saved_cs_client     = @@character_set_client */;
/*!50503 SET character_set_client = utf8mb4 */;
CREATE TABLE `member-joinauth` (
  `mj_me_id` varchar(13) NOT NULL,
  `mj_authnum` int NOT NULL,
  `mj_expire_date` datetime NOT NULL,
  PRIMARY KEY (`mj_me_id`),
  CONSTRAINT `FK_members_TO_member-joinauth_1` FOREIGN KEY (`mj_me_id`) REFERENCES `members` (`me_id`)
) ENGINE=InnoDB DEFAULT CHARSET=utf8mb4 COLLATE=utf8mb4_0900_ai_ci;
/*!40101 SET character_set_client = @saved_cs_client */;

--
-- Dumping data for table `member-joinauth`
--

LOCK TABLES `member-joinauth` WRITE;
/*!40000 ALTER TABLE `member-joinauth` DISABLE KEYS */;
/*!40000 ALTER TABLE `member-joinauth` ENABLE KEYS */;
UNLOCK TABLES;

--
-- Table structure for table `member-updateauth`
--

DROP TABLE IF EXISTS `member-updateauth`;
/*!40101 SET @saved_cs_client     = @@character_set_client */;
/*!50503 SET character_set_client = utf8mb4 */;
CREATE TABLE `member-updateauth` (
  `mu_num` int NOT NULL AUTO_INCREMENT,
  `mu_me_id` varchar(13) NOT NULL,
  `mu_register_date` datetime NOT NULL DEFAULT CURRENT_TIMESTAMP,
  `mu_register_rst` int DEFAULT NULL,
  `mu_reason` varchar(50) DEFAULT NULL,
  `mu_ma_num` int NOT NULL,
  `mu_bo_num` int NOT NULL,
  PRIMARY KEY (`mu_num`),
  KEY `FK_members_TO_member-updateauth_1` (`mu_me_id`),
  KEY `FK_member-authority_TO_member-updateauth_1` (`mu_ma_num`),
  KEY `FK_board_TO_member-updateauth_1` (`mu_bo_num`),
  CONSTRAINT `FK_board_TO_member-updateauth_1` FOREIGN KEY (`mu_bo_num`) REFERENCES `board` (`bo_num`),
  CONSTRAINT `FK_member-authority_TO_member-updateauth_1` FOREIGN KEY (`mu_ma_num`) REFERENCES `member-authority` (`ma_num`),
  CONSTRAINT `FK_members_TO_member-updateauth_1` FOREIGN KEY (`mu_me_id`) REFERENCES `members` (`me_id`)
) ENGINE=InnoDB DEFAULT CHARSET=utf8mb4 COLLATE=utf8mb4_0900_ai_ci;
/*!40101 SET character_set_client = @saved_cs_client */;

--
-- Dumping data for table `member-updateauth`
--

LOCK TABLES `member-updateauth` WRITE;
/*!40000 ALTER TABLE `member-updateauth` DISABLE KEYS */;
/*!40000 ALTER TABLE `member-updateauth` ENABLE KEYS */;
UNLOCK TABLES;

--
-- Table structure for table `members`
--

DROP TABLE IF EXISTS `members`;
/*!40101 SET @saved_cs_client     = @@character_set_client */;
/*!50503 SET character_set_client = utf8mb4 */;
CREATE TABLE `members` (
  `me_id` varchar(13) NOT NULL,
  `me_pw` varchar(255) NOT NULL,
  `me_name` varchar(35) NOT NULL,
  `me_gender` int DEFAULT NULL,
  `me_nickname` varchar(13) NOT NULL,
  `me_tel` varchar(11) DEFAULT NULL,
  `me_mail` varchar(50) NOT NULL,
  `me_siteauth` int DEFAULT (0),
  `me_ma_num` int NOT NULL DEFAULT '1',
  `me_session_id` varchar(45) DEFAULT NULL,
  `me_session_limit` datetime DEFAULT NULL,
  PRIMARY KEY (`me_id`),
  KEY `FK_member-authority_TO_members_1` (`me_ma_num`),
  CONSTRAINT `FK_member-authority_TO_members_1` FOREIGN KEY (`me_ma_num`) REFERENCES `member-authority` (`ma_num`)
) ENGINE=InnoDB DEFAULT CHARSET=utf8mb4 COLLATE=utf8mb4_0900_ai_ci;
/*!40101 SET character_set_client = @saved_cs_client */;

--
-- Dumping data for table `members`
--

LOCK TABLES `members` WRITE;
/*!40000 ALTER TABLE `members` DISABLE KEYS */;
INSERT INTO `members` VALUES ('abba1234','$2a$10$VgNruYx3ueyMrdSDXzSmauBZ5Datw4K8roA2OOfy7lexzkQrwp74S','ㄱ',1,'ㄱ','01000000000','1',0,1,NULL,NULL),('admin123','admin123!','관리자',2,'관리자','01012341234','admin123@admin.admin',9,1,NULL,NULL),('asd1','asd1','일식이',1,'일식이','00000000000','dmdk@nan.dmo',1,1,NULL,NULL),('asd123','asd123','에이에스디',1,'에이에스디','01001010101','1',1,1,'6BFC38B2BFC87693A051C3CAE2CB0B99',NULL),('asd123123','asd123123','일이삼',2,'일이삼','01001010101','1',1,1,NULL,NULL),('asd2','asd2','이식이',1,'이식이','00000000000','dmdk@nan.dmo',1,1,NULL,NULL),('asd3','asd3','삼식이',1,'삼식이','00000000000','dmdk@nan.dmo',1,1,NULL,NULL),('asd4','asd4','사식이',1,'사식이','00000000000','dmdk@nan.dmo',1,1,NULL,NULL),('asd5','asd5','오식이',2,'오식이','00000000000','dmdk@nan.dmo',1,1,NULL,NULL),('asd6','asd6','육식이',2,'육식이','00000000000','dmdk@nan.dmo',1,1,NULL,NULL),('asd7','asd7','칠식이',2,'칠식이','00000000000','dmdk@nan.dmo',1,1,NULL,NULL),('asd8','asd8','팔식이',2,'팔식이','00000000000','dmdk@nan.dmo',1,1,NULL,NULL),('asd9','asd9','구식이',1,'구식이','00000000000','dmdk@nan.dmo',1,1,NULL,NULL),('ekfkak123','ekfkak123!','다라마',2,'다라마','01011111113','ekfkak@ekfkak.ekfkak',0,1,NULL,NULL),('ekfkak234','ekfkak234!','다란마',1,'다란마','01022222222','ekfkak234@ekfkak.ekfkak',0,1,NULL,NULL),('league123','league123!','리그관리자',1,'리그','01055555555','flrm@flrm.flrm',1,1,NULL,NULL),('mak123123','$2a$10$qiEDMC9C5Oz8EM/99130yOwzPq9eX2koj5mDiAkQInAHqvh3fMDd.','ㄱ',1,'ㄱ','01000000000','123',0,1,NULL,NULL),('record123','record123!','기록',1,'기록','01099999999','rlfhr@rlfhr.rlfhr',1,4,NULL,NULL),('rkskek123','rkskek123!','가나다',1,'가나다','01011111111','rkskek@rkskek.rkskek',1,1,NULL,NULL),('rkskek234','rkskek234!','가난다',1,'가난다','01011111112','rkskek234@rkskek.rkskek',1,1,NULL,NULL);
/*!40000 ALTER TABLE `members` ENABLE KEYS */;
UNLOCK TABLES;
/*!50003 SET @saved_cs_client      = @@character_set_client */ ;
/*!50003 SET @saved_cs_results     = @@character_set_results */ ;
/*!50003 SET @saved_col_connection = @@collation_connection */ ;
/*!50003 SET character_set_client  = utf8mb4 */ ;
/*!50003 SET character_set_results = utf8mb4 */ ;
/*!50003 SET collation_connection  = utf8mb4_0900_ai_ci */ ;
/*!50003 SET @saved_sql_mode       = @@sql_mode */ ;
/*!50003 SET sql_mode              = 'ONLY_FULL_GROUP_BY,STRICT_TRANS_TABLES,NO_ZERO_IN_DATE,NO_ZERO_DATE,ERROR_FOR_DIVISION_BY_ZERO,NO_ENGINE_SUBSTITUTION' */ ;
DELIMITER ;;
/*!50003 CREATE*/ /*!50017 DEFINER=`root`@`localhost`*/ /*!50003 TRIGGER `trigger_plMaker` AFTER INSERT ON `members` FOR EACH ROW begin
	insert into `player`(pl_me_id) value(new.me_id);
end */;;
DELIMITER ;
/*!50003 SET sql_mode              = @saved_sql_mode */ ;
/*!50003 SET character_set_client  = @saved_cs_client */ ;
/*!50003 SET character_set_results = @saved_cs_results */ ;
/*!50003 SET collation_connection  = @saved_col_connection */ ;

--
-- Table structure for table `payment_history`
--

DROP TABLE IF EXISTS `payment_history`;
/*!40101 SET @saved_cs_client     = @@character_set_client */;
/*!50503 SET character_set_client = utf8mb4 */;
CREATE TABLE `payment_history` (
  `ph_num` int NOT NULL AUTO_INCREMENT,
  `ph_rv_num` int NOT NULL,
  `ph_type` varchar(20) NOT NULL,
  `ph_date` datetime NOT NULL,
  `ph_price` int NOT NULL,
  PRIMARY KEY (`ph_num`),
  KEY `FK_reservation_TO_payment_history_1` (`ph_rv_num`),
  CONSTRAINT `FK_reservation_TO_payment_history_1` FOREIGN KEY (`ph_rv_num`) REFERENCES `reservation` (`rv_num`)
) ENGINE=InnoDB DEFAULT CHARSET=utf8mb4 COLLATE=utf8mb4_0900_ai_ci;
/*!40101 SET character_set_client = @saved_cs_client */;

--
-- Dumping data for table `payment_history`
--

LOCK TABLES `payment_history` WRITE;
/*!40000 ALTER TABLE `payment_history` DISABLE KEYS */;
/*!40000 ALTER TABLE `payment_history` ENABLE KEYS */;
UNLOCK TABLES;

--
-- Table structure for table `player`
--

DROP TABLE IF EXISTS `player`;
/*!40101 SET @saved_cs_client     = @@character_set_client */;
/*!50503 SET character_set_client = utf8mb4 */;
CREATE TABLE `player` (
  `pl_num` int NOT NULL AUTO_INCREMENT,
  `pl_me_id` varchar(13) NOT NULL,
  `pl_hitting_hand` char(2) DEFAULT '우투',
  `pl_pitching_hand` char(2) DEFAULT '우타',
  `pl_ispro` varchar(5) DEFAULT '아님',
  `pl_introduce` longtext,
  `pl_player_img` varchar(255) DEFAULT NULL,
  PRIMARY KEY (`pl_num`),
  KEY `FK_members_TO_player_1` (`pl_me_id`),
  CONSTRAINT `FK_members_TO_player_1` FOREIGN KEY (`pl_me_id`) REFERENCES `members` (`me_id`)
) ENGINE=InnoDB AUTO_INCREMENT=18 DEFAULT CHARSET=utf8mb4 COLLATE=utf8mb4_0900_ai_ci;
/*!40101 SET character_set_client = @saved_cs_client */;

--
-- Dumping data for table `player`
--

LOCK TABLES `player` WRITE;
/*!40000 ALTER TABLE `player` DISABLE KEYS */;
INSERT INTO `player` VALUES (1,'asd123','우타','좌투','초등','																								안녕하세요\r\n							\r\n							\r\n							',''),(2,'asd123123','좌타','좌투','아님','하이요',NULL),(3,'rkskek123','우타','우투','중학','반갑',NULL),(4,'rkskek234','좌타','우투','고교','안반갑',NULL),(5,'ekfkak123','우타','좌투','프로','오잉',NULL),(6,'ekfkak234','좌타','우투','아님','잉오',NULL),(7,'asd1','좌타','좌투','아님','반갑',NULL),(8,'asd2','좌타','좌투','아님','반갑',NULL),(9,'asd3','좌타','좌투','아님','반갑',NULL),(10,'asd4','좌타','좌투','아님','반갑',NULL),(11,'asd5','좌타','좌투','아님','반갑',NULL),(12,'asd6','좌타','좌투','아님','반갑',NULL),(13,'asd7','좌타','좌투','아님','반갑',NULL),(14,'asd8','좌타','좌투','아님','반갑',NULL),(15,'asd9','좌타','좌투','아님','반갑',NULL),(16,'mak123123','우투','우타','아님',NULL,NULL),(17,'abba1234','우투','우타','아님',NULL,NULL);
/*!40000 ALTER TABLE `player` ENABLE KEYS */;
UNLOCK TABLES;

--
-- Table structure for table `playerrecord-hitter`
--

DROP TABLE IF EXISTS `playerrecord-hitter`;
/*!40101 SET @saved_cs_client     = @@character_set_client */;
/*!50503 SET character_set_client = utf8mb4 */;
CREATE TABLE `playerrecord-hitter` (
  `ph_num` int NOT NULL AUTO_INCREMENT,
  `ph_tp_num` int NOT NULL,
  `ph_mr_num` int NOT NULL,
  `ph_single_hits` int NOT NULL DEFAULT '0',
  `ph_twobase_hits` int NOT NULL DEFAULT '0',
  `ph_threebase_hits` int NOT NULL DEFAULT '0',
  `ph_homeruns` int NOT NULL DEFAULT '0',
  `ph_errors` int NOT NULL DEFAULT '0',
  `ph_steals` int NOT NULL DEFAULT '0',
  `ph_fail_steals` int NOT NULL DEFAULT '0',
  `ph_fourballs` int NOT NULL DEFAULT '0',
  `ph_strike_outs` int NOT NULL DEFAULT '0',
  `ph_hits` int NOT NULL DEFAULT '0',
  `ph_bats` int NOT NULL DEFAULT '0',
  `ph_doubleplays` int NOT NULL DEFAULT '0',
  `ph_hitbypitches` int NOT NULL DEFAULT '0',
  `ph_onbases` int NOT NULL DEFAULT '0',
  PRIMARY KEY (`ph_num`),
  KEY `FK_team-player_TO_playerrecord-hitter_1` (`ph_tp_num`),
  KEY `FK_match-record_TO_playerrecord-hitter_1` (`ph_mr_num`),
  CONSTRAINT `FK_match-record_TO_playerrecord-hitter_1` FOREIGN KEY (`ph_mr_num`) REFERENCES `match-record` (`mr_num`),
  CONSTRAINT `FK_team-player_TO_playerrecord-hitter_1` FOREIGN KEY (`ph_tp_num`) REFERENCES `team-player` (`tp_num`)
) ENGINE=InnoDB AUTO_INCREMENT=24 DEFAULT CHARSET=utf8mb4 COLLATE=utf8mb4_0900_ai_ci;
/*!40101 SET character_set_client = @saved_cs_client */;

--
-- Dumping data for table `playerrecord-hitter`
--

LOCK TABLES `playerrecord-hitter` WRITE;
/*!40000 ALTER TABLE `playerrecord-hitter` DISABLE KEYS */;
INSERT INTO `playerrecord-hitter` VALUES (18,1,1,0,0,0,0,0,0,1,0,0,0,1,0,0,0),(19,21,1,1,1,0,0,0,0,0,0,0,2,2,0,0,2),(22,1,2,0,0,0,0,0,0,0,0,0,2,2,0,0,0),(23,22,2,1,1,0,0,0,0,0,0,0,2,2,0,0,2);
/*!40000 ALTER TABLE `playerrecord-hitter` ENABLE KEYS */;
UNLOCK TABLES;

--
-- Table structure for table `playerrecord-pitcher`
--

DROP TABLE IF EXISTS `playerrecord-pitcher`;
/*!40101 SET @saved_cs_client     = @@character_set_client */;
/*!50503 SET character_set_client = utf8mb4 */;
CREATE TABLE `playerrecord-pitcher` (
  `pp_num` int NOT NULL AUTO_INCREMENT,
  `pp_tp_num` int NOT NULL,
  `pp_mr_num` int NOT NULL,
  `pp_innings` int NOT NULL DEFAULT '0',
  `pp_hits` int NOT NULL DEFAULT '0',
  `pp_homeruns` int NOT NULL DEFAULT '0',
  `pp_hitters` int NOT NULL DEFAULT '0',
  `pp_shutouts` int NOT NULL DEFAULT '0',
  `pp_completegame` int NOT NULL DEFAULT '0',
  `pp_saves` int NOT NULL DEFAULT '0',
  `pp_holds` int NOT NULL DEFAULT '0',
  `pp_fourballs` int NOT NULL DEFAULT '0',
  `pp_hitbypitches` int NOT NULL DEFAULT '0',
  `pp_strikeouts` int NOT NULL DEFAULT '0',
  `pp_losepoints` int NOT NULL DEFAULT '0',
  `pp_earnedruns` int NOT NULL DEFAULT '0',
  `pp_balks` int NOT NULL DEFAULT '0',
  `pp_wildpitchs` int NOT NULL DEFAULT '0',
  `pp_pitches` int NOT NULL DEFAULT '0',
  PRIMARY KEY (`pp_num`),
  KEY `FK_team-player_TO_playerrecord-pitcher_1` (`pp_tp_num`),
  KEY `FK_match-record_TO_playerrecord-pitcher_1` (`pp_mr_num`),
  CONSTRAINT `FK_match-record_TO_playerrecord-pitcher_1` FOREIGN KEY (`pp_mr_num`) REFERENCES `match-record` (`mr_num`),
  CONSTRAINT `FK_team-player_TO_playerrecord-pitcher_1` FOREIGN KEY (`pp_tp_num`) REFERENCES `team-player` (`tp_num`)
) ENGINE=InnoDB AUTO_INCREMENT=21 DEFAULT CHARSET=utf8mb4 COLLATE=utf8mb4_0900_ai_ci;
/*!40101 SET character_set_client = @saved_cs_client */;

--
-- Dumping data for table `playerrecord-pitcher`
--

LOCK TABLES `playerrecord-pitcher` WRITE;
/*!40000 ALTER TABLE `playerrecord-pitcher` DISABLE KEYS */;
INSERT INTO `playerrecord-pitcher` VALUES (15,21,1,0,0,0,1,0,0,0,0,0,0,0,0,0,0,0,0),(16,1,1,0,2,0,2,0,0,0,0,0,0,0,0,0,0,0,0),(19,22,2,0,0,0,2,0,0,0,0,0,0,0,0,0,0,0,0),(20,1,2,0,2,0,2,0,0,0,0,0,0,0,0,0,0,0,0);
/*!40000 ALTER TABLE `playerrecord-pitcher` ENABLE KEYS */;
UNLOCK TABLES;

--
-- Table structure for table `playerrecord_year-hitter`
--

DROP TABLE IF EXISTS `playerrecord_year-hitter`;
/*!40101 SET @saved_cs_client     = @@character_set_client */;
/*!50503 SET character_set_client = utf8mb4 */;
CREATE TABLE `playerrecord_year-hitter` (
  `yh_num` int NOT NULL AUTO_INCREMENT,
  `yh_tp_num` int NOT NULL,
  `yh_year` int NOT NULL,
  `yh_sort` varchar(5) NOT NULL,
  `yh_single_hits` int NOT NULL DEFAULT (0),
  `yh_twobase_hits` int NOT NULL DEFAULT (0),
  `yh_threebase_hits` int NOT NULL DEFAULT (0),
  `yh_homeruns` int NOT NULL DEFAULT (0),
  `yh_errors` int NOT NULL DEFAULT (0),
  `yh_steals` int NOT NULL DEFAULT (0),
  `yh_fail_steals` int NOT NULL DEFAULT (0),
  `yh_fourballs` int NOT NULL DEFAULT (0),
  `yh_strike_outs` int NOT NULL DEFAULT (0),
  `yh_hits` int NOT NULL DEFAULT '0',
  `yh_bats` int NOT NULL DEFAULT '0',
  `yh_doubleplays` int NOT NULL DEFAULT '0',
  `yh_hitbypitches` int NOT NULL DEFAULT '0',
  `yh_onbases` int NOT NULL DEFAULT '0',
  PRIMARY KEY (`yh_num`),
  KEY `FK_team-player_TO_playerrecord_year-hitter_1` (`yh_tp_num`),
  CONSTRAINT `FK_team-player_TO_playerrecord_year-hitter_1` FOREIGN KEY (`yh_tp_num`) REFERENCES `team-player` (`tp_num`)
) ENGINE=InnoDB AUTO_INCREMENT=6 DEFAULT CHARSET=utf8mb4 COLLATE=utf8mb4_0900_ai_ci;
/*!40101 SET character_set_client = @saved_cs_client */;

--
-- Dumping data for table `playerrecord_year-hitter`
--

LOCK TABLES `playerrecord_year-hitter` WRITE;
/*!40000 ALTER TABLE `playerrecord_year-hitter` DISABLE KEYS */;
INSERT INTO `playerrecord_year-hitter` VALUES (2,1,2023,'친선',1,1,0,0,0,0,1,0,0,3,3,0,0,2),(3,21,2023,'친선',1,1,0,0,0,0,1,0,0,3,3,0,0,2),(4,1,2032,'친선',2,2,0,0,0,0,1,0,0,6,7,0,0,4),(5,22,2032,'친선',2,2,0,0,0,0,1,0,0,6,7,0,0,4);
/*!40000 ALTER TABLE `playerrecord_year-hitter` ENABLE KEYS */;
UNLOCK TABLES;

--
-- Table structure for table `playerrecord_year-pitcher`
--

DROP TABLE IF EXISTS `playerrecord_year-pitcher`;
/*!40101 SET @saved_cs_client     = @@character_set_client */;
/*!50503 SET character_set_client = utf8mb4 */;
CREATE TABLE `playerrecord_year-pitcher` (
  `yp_num` int NOT NULL AUTO_INCREMENT,
  `yp_tp_num` int NOT NULL,
  `yp_year` int NOT NULL,
  `yp_sort` varchar(5) NOT NULL,
  `yp_innings` int NOT NULL DEFAULT (0),
  `yp_hits` int NOT NULL DEFAULT (0),
  `yp_homeruns` int NOT NULL DEFAULT (0),
  `yp_hitters` int NOT NULL DEFAULT (0),
  `yp_shutouts` int NOT NULL DEFAULT (0),
  `yp_completegame` int NOT NULL DEFAULT (0),
  `yp_saves` int NOT NULL DEFAULT (0),
  `yp_holds` int NOT NULL DEFAULT (0),
  `yp_fourballs` int NOT NULL DEFAULT (0),
  `yp_hitbypitches` int NOT NULL DEFAULT (0),
  `yp_strikeouts` int NOT NULL DEFAULT (0),
  `yp_losepoints` int NOT NULL DEFAULT (0),
  `yp_earnedruns` int NOT NULL DEFAULT (0),
  `yp_balks` int NOT NULL DEFAULT (0),
  `yp_wildpitchs` int NOT NULL DEFAULT (0),
  `yp_pitches` int NOT NULL DEFAULT (0),
  PRIMARY KEY (`yp_num`),
  KEY `FK_team-player_TO_playerrecord_year-pitcher_1` (`yp_tp_num`),
  CONSTRAINT `FK_team-player_TO_playerrecord_year-pitcher_1` FOREIGN KEY (`yp_tp_num`) REFERENCES `team-player` (`tp_num`)
) ENGINE=InnoDB AUTO_INCREMENT=5 DEFAULT CHARSET=utf8mb4 COLLATE=utf8mb4_0900_ai_ci;
/*!40101 SET character_set_client = @saved_cs_client */;

--
-- Dumping data for table `playerrecord_year-pitcher`
--

LOCK TABLES `playerrecord_year-pitcher` WRITE;
/*!40000 ALTER TABLE `playerrecord_year-pitcher` DISABLE KEYS */;
INSERT INTO `playerrecord_year-pitcher` VALUES (1,21,2023,'친선',0,2,0,3,0,0,0,0,0,0,0,0,0,0,0,0),(2,1,2023,'친선',0,2,0,3,0,0,0,0,0,0,0,0,0,0,0,0),(3,22,2032,'친선',0,4,0,7,0,0,0,0,0,0,0,0,0,0,0,0),(4,1,2032,'친선',0,4,0,7,0,0,0,0,0,0,0,0,0,0,0,0);
/*!40000 ALTER TABLE `playerrecord_year-pitcher` ENABLE KEYS */;
UNLOCK TABLES;

--
-- Table structure for table `position`
--

DROP TABLE IF EXISTS `position`;
/*!40101 SET @saved_cs_client     = @@character_set_client */;
/*!50503 SET character_set_client = utf8mb4 */;
CREATE TABLE `position` (
  `po_num` int NOT NULL AUTO_INCREMENT,
  `po_name` varchar(5) NOT NULL,
  PRIMARY KEY (`po_num`)
) ENGINE=InnoDB AUTO_INCREMENT=12 DEFAULT CHARSET=utf8mb4 COLLATE=utf8mb4_0900_ai_ci;
/*!40101 SET character_set_client = @saved_cs_client */;

--
-- Dumping data for table `position`
--

LOCK TABLES `position` WRITE;
/*!40000 ALTER TABLE `position` DISABLE KEYS */;
INSERT INTO `position` VALUES (1,'투수'),(2,'포수'),(3,'1루수'),(4,'2루수'),(5,'3루수'),(6,'유격수'),(7,'우익수'),(8,'중견수'),(9,'좌익수'),(10,'지명타자'),(11,'벤치');
/*!40000 ALTER TABLE `position` ENABLE KEYS */;
UNLOCK TABLES;

--
-- Table structure for table `position-hope`
--

DROP TABLE IF EXISTS `position-hope`;
/*!40101 SET @saved_cs_client     = @@character_set_client */;
/*!50503 SET character_set_client = utf8mb4 */;
CREATE TABLE `position-hope` (
  `ph_num` int NOT NULL AUTO_INCREMENT,
  `ph_pl_num` int NOT NULL,
  `ph_po_num` int NOT NULL,
  PRIMARY KEY (`ph_num`),
  KEY `FK_player_TO_position-hope_1` (`ph_pl_num`),
  KEY `FK_position_TO_position-hope_1` (`ph_po_num`),
  CONSTRAINT `FK_player_TO_position-hope_1` FOREIGN KEY (`ph_pl_num`) REFERENCES `player` (`pl_num`),
  CONSTRAINT `FK_position_TO_position-hope_1` FOREIGN KEY (`ph_po_num`) REFERENCES `position` (`po_num`)
) ENGINE=InnoDB AUTO_INCREMENT=3 DEFAULT CHARSET=utf8mb4 COLLATE=utf8mb4_0900_ai_ci;
/*!40101 SET character_set_client = @saved_cs_client */;

--
-- Dumping data for table `position-hope`
--

LOCK TABLES `position-hope` WRITE;
/*!40000 ALTER TABLE `position-hope` DISABLE KEYS */;
INSERT INTO `position-hope` VALUES (1,1,1),(2,1,2);
/*!40000 ALTER TABLE `position-hope` ENABLE KEYS */;
UNLOCK TABLES;

--
-- Table structure for table `refund`
--

DROP TABLE IF EXISTS `refund`;
/*!40101 SET @saved_cs_client     = @@character_set_client */;
/*!50503 SET character_set_client = utf8mb4 */;
CREATE TABLE `refund` (
  `rf_num` int NOT NULL AUTO_INCREMENT,
  `rf_rv_num` int NOT NULL,
  `rf_application_date` datetime DEFAULT NULL,
  `rf_complite_date` datetime DEFAULT NULL,
  `rf_state` varchar(5) NOT NULL,
  `rf_type` varchar(20) NOT NULL,
  `rf_total_price` int NOT NULL,
  PRIMARY KEY (`rf_num`),
  KEY `FK_reservation_TO_refund_1` (`rf_rv_num`),
  CONSTRAINT `FK_reservation_TO_refund_1` FOREIGN KEY (`rf_rv_num`) REFERENCES `reservation` (`rv_num`)
) ENGINE=InnoDB DEFAULT CHARSET=utf8mb4 COLLATE=utf8mb4_0900_ai_ci;
/*!40101 SET character_set_client = @saved_cs_client */;

--
-- Dumping data for table `refund`
--

LOCK TABLES `refund` WRITE;
/*!40000 ALTER TABLE `refund` DISABLE KEYS */;
/*!40000 ALTER TABLE `refund` ENABLE KEYS */;
UNLOCK TABLES;

--
-- Table structure for table `region`
--

DROP TABLE IF EXISTS `region`;
/*!40101 SET @saved_cs_client     = @@character_set_client */;
/*!50503 SET character_set_client = utf8mb4 */;
CREATE TABLE `region` (
  `re_num` int NOT NULL AUTO_INCREMENT,
  `re_sido` varchar(7) NOT NULL,
  PRIMARY KEY (`re_num`)
) ENGINE=InnoDB AUTO_INCREMENT=18 DEFAULT CHARSET=utf8mb4 COLLATE=utf8mb4_0900_ai_ci;
/*!40101 SET character_set_client = @saved_cs_client */;

--
-- Dumping data for table `region`
--

LOCK TABLES `region` WRITE;
/*!40000 ALTER TABLE `region` DISABLE KEYS */;
INSERT INTO `region` VALUES (1,'서울'),(2,'경기'),(3,'인천'),(4,'대전'),(5,'충남'),(6,'충북'),(7,'광주'),(8,'전남'),(9,'전북'),(10,'강원'),(11,'부산'),(12,'울산'),(13,'대구'),(14,'경남'),(15,'경북'),(16,'제주'),(17,'');
/*!40000 ALTER TABLE `region` ENABLE KEYS */;
UNLOCK TABLES;

--
-- Table structure for table `region_detail`
--

DROP TABLE IF EXISTS `region_detail`;
/*!40101 SET @saved_cs_client     = @@character_set_client */;
/*!50503 SET character_set_client = utf8mb4 */;
CREATE TABLE `region_detail` (
  `rd_num` int NOT NULL AUTO_INCREMENT,
  `rd_zipcode` varchar(5) NOT NULL,
  `rd_address` varchar(255) NOT NULL,
  `rd_detail_address` varchar(255) NOT NULL,
  `rd_rs_num` int DEFAULT NULL,
  PRIMARY KEY (`rd_num`),
  KEY `FK_region_TO_region_sub_1_idx` (`rd_rs_num`),
  CONSTRAINT `FK_region_sub_TO_region_detail_1` FOREIGN KEY (`rd_rs_num`) REFERENCES `region_sub` (`rs_num`)
) ENGINE=InnoDB AUTO_INCREMENT=3 DEFAULT CHARSET=utf8mb4 COLLATE=utf8mb4_0900_ai_ci;
/*!40101 SET character_set_client = @saved_cs_client */;

--
-- Dumping data for table `region_detail`
--

LOCK TABLES `region_detail` WRITE;
/*!40000 ALTER TABLE `region_detail` DISABLE KEYS */;
INSERT INTO `region_detail` VALUES (1,'0123','도선동','우리집',1),(2,'04709','서울 성동구 왕십리로24가길 12','서울 성동구 도선동 120',1);
/*!40000 ALTER TABLE `region_detail` ENABLE KEYS */;
UNLOCK TABLES;

--
-- Table structure for table `region_sub`
--

DROP TABLE IF EXISTS `region_sub`;
/*!40101 SET @saved_cs_client     = @@character_set_client */;
/*!50503 SET character_set_client = utf8mb4 */;
CREATE TABLE `region_sub` (
  `rs_num` int NOT NULL AUTO_INCREMENT,
  `rs_gu` varchar(7) NOT NULL,
  `rs_re_num` int NOT NULL,
  PRIMARY KEY (`rs_num`),
  KEY `FK_region_TO_region_sub_1` (`rs_re_num`),
  CONSTRAINT `FK_region_TO_region_sub_1` FOREIGN KEY (`rs_re_num`) REFERENCES `region` (`re_num`)
) ENGINE=InnoDB AUTO_INCREMENT=3 DEFAULT CHARSET=utf8mb4 COLLATE=utf8mb4_0900_ai_ci;
/*!40101 SET character_set_client = @saved_cs_client */;

--
-- Dumping data for table `region_sub`
--

LOCK TABLES `region_sub` WRITE;
/*!40000 ALTER TABLE `region_sub` DISABLE KEYS */;
INSERT INTO `region_sub` VALUES (1,'성동구',1),(2,'',17);
/*!40000 ALTER TABLE `region_sub` ENABLE KEYS */;
UNLOCK TABLES;

--
-- Table structure for table `reservation`
--

DROP TABLE IF EXISTS `reservation`;
/*!40101 SET @saved_cs_client     = @@character_set_client */;
/*!50503 SET character_set_client = utf8mb4 */;
CREATE TABLE `reservation` (
  `rv_num` int NOT NULL AUTO_INCREMENT,
  `rv_me_id` varchar(13) NOT NULL,
  `rv_date` datetime NOT NULL DEFAULT CURRENT_TIMESTAMP,
  `rv_payment_amount` int NOT NULL,
  `rv_isReferee` tinyint(1) NOT NULL DEFAULT '0',
  `rv_isRecoder` tinyint(1) NOT NULL DEFAULT '0',
  `rv_total_price` int NOT NULL,
  `rv_state` varchar(20) NOT NULL DEFAULT '예약완료',
  `rv_game_type` varchar(10) NOT NULL,
  `rv_home_num` int DEFAULT NULL,
  `rv_away_num` int DEFAULT NULL,
  PRIMARY KEY (`rv_num`),
  KEY `FK_members_TO_reservation_1` (`rv_me_id`),
  CONSTRAINT `FK_members_TO_reservation_1` FOREIGN KEY (`rv_me_id`) REFERENCES `members` (`me_id`)
) ENGINE=InnoDB AUTO_INCREMENT=11 DEFAULT CHARSET=utf8mb4 COLLATE=utf8mb4_0900_ai_ci;
/*!40101 SET character_set_client = @saved_cs_client */;

--
-- Dumping data for table `reservation`
--

LOCK TABLES `reservation` WRITE;
/*!40000 ALTER TABLE `reservation` DISABLE KEYS */;
INSERT INTO `reservation` VALUES (1,'asd123','2023-04-07 16:10:15',10000,1,1,10000,'예약중','친선',0,0),(2,'asd123','2023-05-23 16:19:29',0,1,1,1,'예약중','친선',0,0),(3,'asd123','2023-05-23 16:20:22',0,1,1,1,'예약중','친선',0,0),(4,'asd123','2023-05-23 16:20:52',0,1,1,1,'예약중','친선',0,0),(5,'asd123','2023-05-23 16:21:51',0,1,1,1,'예약중','친선',0,0),(6,'asd123','2023-05-23 16:22:15',0,1,1,1,'예약중','친선',0,0),(9,'asd123','2023-05-24 15:43:54',0,1,1,100,'예약중','친선',0,2),(10,'asd123','2023-05-24 15:43:54',0,1,1,100,'예약완료','친선',1,2);
/*!40000 ALTER TABLE `reservation` ENABLE KEYS */;
UNLOCK TABLES;

--
-- Table structure for table `stadium`
--

DROP TABLE IF EXISTS `stadium`;
/*!40101 SET @saved_cs_client     = @@character_set_client */;
/*!50503 SET character_set_client = utf8mb4 */;
CREATE TABLE `stadium` (
  `sd_num` int NOT NULL AUTO_INCREMENT,
  `sd_rd_num` int NOT NULL,
  `sd_name` varchar(20) NOT NULL,
  `sd_register_date` datetime NOT NULL DEFAULT CURRENT_TIMESTAMP,
  `sd_confirm` int DEFAULT NULL,
  `sd_contact` varchar(50) DEFAULT NULL,
  `sd_me_id` varchar(13) NOT NULL,
  `sd_price` int DEFAULT NULL,
  `sd_intro` varchar(1000) DEFAULT NULL,
  `sd_sido` varchar(45) DEFAULT NULL,
  PRIMARY KEY (`sd_num`),
  KEY `FK_region_detail_TO_stadium_1` (`sd_rd_num`),
  KEY `FK_members_TO_stadium_1` (`sd_me_id`),
  CONSTRAINT `FK_members_TO_stadium_1` FOREIGN KEY (`sd_me_id`) REFERENCES `members` (`me_id`),
  CONSTRAINT `FK_region_detail_TO_stadium_1` FOREIGN KEY (`sd_rd_num`) REFERENCES `region_detail` (`rd_num`)
) ENGINE=InnoDB AUTO_INCREMENT=6 DEFAULT CHARSET=utf8mb4 COLLATE=utf8mb4_0900_ai_ci;
/*!40101 SET character_set_client = @saved_cs_client */;

--
-- Dumping data for table `stadium`
--

LOCK TABLES `stadium` WRITE;
/*!40000 ALTER TABLE `stadium` DISABLE KEYS */;
INSERT INTO `stadium` VALUES (1,1,'화경빌딩','2023-04-07 00:00:00',1,'010','asd123',1,'123',NULL),(3,2,'비키니시티','2023-05-23 19:12:49',NULL,NULL,'asd123',0,'비키니시티에 오신 것을 환영합니다.',''),(4,2,'캠프파이어야구장','2023-05-23 19:17:06',NULL,NULL,'asd123',0,'캠프파이어와 함께 야구를','');
/*!40000 ALTER TABLE `stadium` ENABLE KEYS */;
UNLOCK TABLES;
/*!50003 SET @saved_cs_client      = @@character_set_client */ ;
/*!50003 SET @saved_cs_results     = @@character_set_results */ ;
/*!50003 SET @saved_col_connection = @@collation_connection */ ;
/*!50003 SET character_set_client  = utf8mb4 */ ;
/*!50003 SET character_set_results = utf8mb4 */ ;
/*!50003 SET collation_connection  = utf8mb4_0900_ai_ci */ ;
/*!50003 SET @saved_sql_mode       = @@sql_mode */ ;
/*!50003 SET sql_mode              = 'ONLY_FULL_GROUP_BY,STRICT_TRANS_TABLES,NO_ZERO_IN_DATE,NO_ZERO_DATE,ERROR_FOR_DIVISION_BY_ZERO,NO_ENGINE_SUBSTITUTION' */ ;
DELIMITER ;;
/*!50003 CREATE*/ /*!50017 DEFINER=`root`@`localhost`*/ /*!50003 TRIGGER `stadiumInit` AFTER INSERT ON `stadium` FOR EACH ROW begin
		insert into `stadium-timetable`(`st_sd_num`, `st_start_time`, `st_use_time`, `st_rent_cost`, `st_daytype`)
        values(new.sd_num, '09:00:00', '01:00:00', 100, 1), (new.sd_num, '10:00:00', '01:00:00', 100, 1), (new.sd_num, '11:00:00', '01:00:00', 100, 1), (new.sd_num, '12:00:00', '01:00:00', 100, 1), (new.sd_num, '13:00:00', '01:00:00', 100, 1), (new.sd_num, '14:00:00', '01:00:00', 100, 1), (new.sd_num, '15:00:00', '01:00:00', 100, 1), (new.sd_num, '16:00:00', '01:00:00', 100, 1);
    end */;;
DELIMITER ;
/*!50003 SET sql_mode              = @saved_sql_mode */ ;
/*!50003 SET character_set_client  = @saved_cs_client */ ;
/*!50003 SET character_set_results = @saved_cs_results */ ;
/*!50003 SET collation_connection  = @saved_col_connection */ ;

--
-- Table structure for table `stadium-image`
--

DROP TABLE IF EXISTS `stadium-image`;
/*!40101 SET @saved_cs_client     = @@character_set_client */;
/*!50503 SET character_set_client = utf8mb4 */;
CREATE TABLE `stadium-image` (
  `si_num` int NOT NULL AUTO_INCREMENT,
  `si_sd_num` int NOT NULL,
  `si_filename` varchar(255) NOT NULL,
  PRIMARY KEY (`si_num`),
  KEY `FK_stadium_TO_stadium-image_1` (`si_sd_num`),
  CONSTRAINT `FK_stadium_TO_stadium-image_1` FOREIGN KEY (`si_sd_num`) REFERENCES `stadium` (`sd_num`)
) ENGINE=InnoDB AUTO_INCREMENT=5 DEFAULT CHARSET=utf8mb4 COLLATE=utf8mb4_0900_ai_ci;
/*!40101 SET character_set_client = @saved_cs_client */;

--
-- Dumping data for table `stadium-image`
--

LOCK TABLES `stadium-image` WRITE;
/*!40000 ALTER TABLE `stadium-image` DISABLE KEYS */;
INSERT INTO `stadium-image` VALUES (1,3,'/2023/05/23/0f29ecf5-bca5-4eed-8a1b-b67586bf20a2_비키니시티 1.webp'),(2,1,'/디폴트이미지/화경빌딩.png'),(3,4,'/2023/05/23/2cca5c8b-393f-4a05-a9a6-f5a4eac8331c_캠프파이어구장.jpeg');
/*!40000 ALTER TABLE `stadium-image` ENABLE KEYS */;
UNLOCK TABLES;

--
-- Table structure for table `stadium-schedule`
--

DROP TABLE IF EXISTS `stadium-schedule`;
/*!40101 SET @saved_cs_client     = @@character_set_client */;
/*!50503 SET character_set_client = utf8mb4 */;
CREATE TABLE `stadium-schedule` (
  `ss_num` int NOT NULL AUTO_INCREMENT,
  `ss_game_date` datetime NOT NULL,
  `ss_st_num` int NOT NULL,
  `ss_rv_num` int NOT NULL,
  `ss_state` varchar(10) DEFAULT '예약완료',
  PRIMARY KEY (`ss_num`),
  KEY `FK_stadium-timetable_TO_stadium-schedule_1` (`ss_st_num`),
  KEY `FK_reservation_TO_stadium-schedule_1` (`ss_rv_num`),
  CONSTRAINT `FK_reservation_TO_stadium-schedule_1` FOREIGN KEY (`ss_rv_num`) REFERENCES `reservation` (`rv_num`),
  CONSTRAINT `FK_stadium-timetable_TO_stadium-schedule_1` FOREIGN KEY (`ss_st_num`) REFERENCES `stadium-timetable` (`st_num`)
) ENGINE=InnoDB AUTO_INCREMENT=7 DEFAULT CHARSET=utf8mb4 COLLATE=utf8mb4_0900_ai_ci;
/*!40101 SET character_set_client = @saved_cs_client */;

--
-- Dumping data for table `stadium-schedule`
--

LOCK TABLES `stadium-schedule` WRITE;
/*!40000 ALTER TABLE `stadium-schedule` DISABLE KEYS */;
INSERT INTO `stadium-schedule` VALUES (1,'2023-04-29 19:00:00',1,1,'예약완료'),(2,'2023-05-23 00:00:00',1,5,'예약완료'),(3,'2023-05-23 00:00:00',1,6,'예약완료'),(6,'2023-05-24 00:00:00',3,9,'예약완료');
/*!40000 ALTER TABLE `stadium-schedule` ENABLE KEYS */;
UNLOCK TABLES;

--
-- Table structure for table `stadium-timetable`
--

DROP TABLE IF EXISTS `stadium-timetable`;
/*!40101 SET @saved_cs_client     = @@character_set_client */;
/*!50503 SET character_set_client = utf8mb4 */;
CREATE TABLE `stadium-timetable` (
  `st_num` int NOT NULL AUTO_INCREMENT,
  `st_sd_num` int NOT NULL,
  `st_start_time` time NOT NULL,
  `st_use_time` time NOT NULL,
  `st_rent_cost` int NOT NULL DEFAULT '100',
  `st_daytype` int NOT NULL,
  `st_game_num` int DEFAULT NULL,
  PRIMARY KEY (`st_num`),
  KEY `FK_stadium_TO_stadium-timetable_1` (`st_sd_num`),
  CONSTRAINT `FK_stadium_TO_stadium-timetable_1` FOREIGN KEY (`st_sd_num`) REFERENCES `stadium` (`sd_num`)
) ENGINE=InnoDB AUTO_INCREMENT=12 DEFAULT CHARSET=utf8mb4 COLLATE=utf8mb4_0900_ai_ci;
/*!40101 SET character_set_client = @saved_cs_client */;

--
-- Dumping data for table `stadium-timetable`
--

LOCK TABLES `stadium-timetable` WRITE;
/*!40000 ALTER TABLE `stadium-timetable` DISABLE KEYS */;
INSERT INTO `stadium-timetable` VALUES (1,1,'10:00:00','02:00:00',100,1,NULL),(2,3,'10:00:00','01:00:00',100,1,NULL),(3,4,'10:00:00','01:00:00',100,1,NULL);
/*!40000 ALTER TABLE `stadium-timetable` ENABLE KEYS */;
UNLOCK TABLES;

--
-- Table structure for table `team`
--

DROP TABLE IF EXISTS `team`;
/*!40101 SET @saved_cs_client     = @@character_set_client */;
/*!50503 SET character_set_client = utf8mb4 */;
CREATE TABLE `team` (
  `tm_num` int NOT NULL AUTO_INCREMENT,
  `tm_name` varchar(8) DEFAULT NULL,
  `tm_startday` date DEFAULT NULL,
  `tm_slogan` varchar(25) DEFAULT NULL,
  `tm_re_num` int NOT NULL,
  `tm_openformatch` tinyint(1) DEFAULT NULL,
  `tm_teamgender` int DEFAULT NULL,
  `tm_me_id` varchar(13) NOT NULL,
  `tm_teamstate` varchar(10) DEFAULT NULL,
  `tm_team_img` varchar(255) DEFAULT NULL,
  `tm_team_introduce` longtext,
  PRIMARY KEY (`tm_num`),
  UNIQUE KEY `tm_name` (`tm_name`),
  KEY `FK_region_TO_team_1` (`tm_re_num`),
  KEY `FK_members_TO_team_1` (`tm_me_id`),
  CONSTRAINT `FK_members_TO_team_1` FOREIGN KEY (`tm_me_id`) REFERENCES `members` (`me_id`),
  CONSTRAINT `FK_region_TO_team_1` FOREIGN KEY (`tm_re_num`) REFERENCES `region` (`re_num`)
) ENGINE=InnoDB AUTO_INCREMENT=7 DEFAULT CHARSET=utf8mb4 COLLATE=utf8mb4_0900_ai_ci;
/*!40101 SET character_set_client = @saved_cs_client */;

--
-- Dumping data for table `team`
--

LOCK TABLES `team` WRITE;
/*!40000 ALTER TABLE `team` DISABLE KEYS */;
INSERT INTO `team` VALUES (1,'단또즈','2023-03-23','단또단또',1,1,1,'asd123','활동중','/디폴트이미지/고양이로고.png','단또즈 팀소개'),(2,'BlueBull','2023-04-10','차돌박이 100g 세일',1,1,1,'asd123123','활동중','/디폴트이미지/흑우즈.png','팀소개'),(3,'길냥이단','2023-04-10','길냥이단',1,1,1,'rkskek123','활동중','/디폴트이미지/고양이2.png','팀소개'),(4,'댕댕이야구단','2023-04-20','개같이 플레이 합니다',2,1,1,'rkskek234','활동중','/디폴트이미지/강아지.png','팀소개 입니다'),(5,'Hogs','2023-04-03','돼지입니다',3,0,2,'ekfkak123','활동중','/디폴트이미지/돼지.png','팀소개인데요'),(6,'돌핀즈','2023-04-06','오호츠크해 돌고래 떼죽음',1,0,3,'ekfkak234','활동중','/디폴트이미지/돌고래.png','댜');
/*!40000 ALTER TABLE `team` ENABLE KEYS */;
UNLOCK TABLES;

--
-- Table structure for table `team-approvallist`
--

DROP TABLE IF EXISTS `team-approvallist`;
/*!40101 SET @saved_cs_client     = @@character_set_client */;
/*!50503 SET character_set_client = utf8mb4 */;
CREATE TABLE `team-approvallist` (
  `ta_tm_num` int NOT NULL,
  `ta_register_date` datetime NOT NULL,
  `ta_state` int NOT NULL,
  `ta_bo_num` int DEFAULT NULL,
  KEY `FK_team_TO_team-approvallist_1` (`ta_tm_num`),
  KEY `FK_board_TO_team-approvallist_1` (`ta_bo_num`),
  CONSTRAINT `FK_board_TO_team-approvallist_1` FOREIGN KEY (`ta_bo_num`) REFERENCES `board` (`bo_num`),
  CONSTRAINT `FK_team_TO_team-approvallist_1` FOREIGN KEY (`ta_tm_num`) REFERENCES `team` (`tm_num`)
) ENGINE=InnoDB DEFAULT CHARSET=utf8mb4 COLLATE=utf8mb4_0900_ai_ci;
/*!40101 SET character_set_client = @saved_cs_client */;

--
-- Dumping data for table `team-approvallist`
--

LOCK TABLES `team-approvallist` WRITE;
/*!40000 ALTER TABLE `team-approvallist` DISABLE KEYS */;
/*!40000 ALTER TABLE `team-approvallist` ENABLE KEYS */;
UNLOCK TABLES;

--
-- Table structure for table `team-player`
--

DROP TABLE IF EXISTS `team-player`;
/*!40101 SET @saved_cs_client     = @@character_set_client */;
/*!50503 SET character_set_client = utf8mb4 */;
CREATE TABLE `team-player` (
  `tp_num` int NOT NULL AUTO_INCREMENT,
  `tp_auth` int NOT NULL,
  `tp_pl_num` int NOT NULL,
  `tp_backnum` int NOT NULL,
  `tp_tm_num` int NOT NULL,
  PRIMARY KEY (`tp_num`),
  KEY `FK_player_TO_team-player_1` (`tp_pl_num`),
  KEY `FK_team_TO_team-player_1` (`tp_tm_num`),
  CONSTRAINT `FK_player_TO_team-player_1` FOREIGN KEY (`tp_pl_num`) REFERENCES `player` (`pl_num`),
  CONSTRAINT `FK_team_TO_team-player_1` FOREIGN KEY (`tp_tm_num`) REFERENCES `team` (`tm_num`)
) ENGINE=InnoDB AUTO_INCREMENT=35 DEFAULT CHARSET=utf8mb4 COLLATE=utf8mb4_0900_ai_ci;
/*!40101 SET character_set_client = @saved_cs_client */;

--
-- Dumping data for table `team-player`
--

LOCK TABLES `team-player` WRITE;
/*!40000 ALTER TABLE `team-player` DISABLE KEYS */;
INSERT INTO `team-player` VALUES (1,4,1,11,1),(21,4,2,11,2),(22,4,3,33,3),(23,4,4,33,4),(24,4,5,88,5),(25,4,6,23,6),(26,3,7,1,1),(27,3,8,2,1),(28,3,9,3,1),(29,3,10,23,1),(30,3,11,6,1),(31,3,13,7,1),(32,3,14,8,1),(33,3,15,12,1);
/*!40000 ALTER TABLE `team-player` ENABLE KEYS */;
UNLOCK TABLES;

--
-- Table structure for table `team-possibleregion`
--

DROP TABLE IF EXISTS `team-possibleregion`;
/*!40101 SET @saved_cs_client     = @@character_set_client */;
/*!50503 SET character_set_client = utf8mb4 */;
CREATE TABLE `team-possibleregion` (
  `tr_num` int NOT NULL AUTO_INCREMENT,
  `tr_re_num` int NOT NULL,
  `tr_tm_num` int NOT NULL,
  PRIMARY KEY (`tr_num`),
  KEY `FK_region_TO_team-possibleregion_1` (`tr_re_num`),
  KEY `FK_team_TO_team-possibleregion_1` (`tr_tm_num`),
  CONSTRAINT `FK_region_TO_team-possibleregion_1` FOREIGN KEY (`tr_re_num`) REFERENCES `region` (`re_num`),
  CONSTRAINT `FK_team_TO_team-possibleregion_1` FOREIGN KEY (`tr_tm_num`) REFERENCES `team` (`tm_num`)
) ENGINE=InnoDB DEFAULT CHARSET=utf8mb4 COLLATE=utf8mb4_0900_ai_ci;
/*!40101 SET character_set_client = @saved_cs_client */;

--
-- Dumping data for table `team-possibleregion`
--

LOCK TABLES `team-possibleregion` WRITE;
/*!40000 ALTER TABLE `team-possibleregion` DISABLE KEYS */;
/*!40000 ALTER TABLE `team-possibleregion` ENABLE KEYS */;
UNLOCK TABLES;

--
-- Table structure for table `team-waiting_breakup`
--

DROP TABLE IF EXISTS `team-waiting_breakup`;
/*!40101 SET @saved_cs_client     = @@character_set_client */;
/*!50503 SET character_set_client = utf8mb4 */;
CREATE TABLE `team-waiting_breakup` (
  `tw_num` int NOT NULL AUTO_INCREMENT,
  `tw_tm_num` int NOT NULL,
  `tw_register_datetime` datetime NOT NULL,
  `tw_breakup_complete_datetime` datetime DEFAULT NULL,
  `tw_iscancled` tinyint(1) DEFAULT NULL,
  PRIMARY KEY (`tw_num`),
  KEY `FK_team_TO_team-waiting_breakup_1` (`tw_tm_num`),
  CONSTRAINT `FK_team_TO_team-waiting_breakup_1` FOREIGN KEY (`tw_tm_num`) REFERENCES `team` (`tm_num`)
) ENGINE=InnoDB DEFAULT CHARSET=utf8mb4 COLLATE=utf8mb4_0900_ai_ci;
/*!40101 SET character_set_client = @saved_cs_client */;

--
-- Dumping data for table `team-waiting_breakup`
--

LOCK TABLES `team-waiting_breakup` WRITE;
/*!40000 ALTER TABLE `team-waiting_breakup` DISABLE KEYS */;
/*!40000 ALTER TABLE `team-waiting_breakup` ENABLE KEYS */;
UNLOCK TABLES;

--
-- Table structure for table `team-wtjoin`
--

DROP TABLE IF EXISTS `team-wtjoin`;
/*!40101 SET @saved_cs_client     = @@character_set_client */;
/*!50503 SET character_set_client = utf8mb4 */;
CREATE TABLE `team-wtjoin` (
  `tj_num` int NOT NULL AUTO_INCREMENT,
  `tj_tm_num` int NOT NULL,
  `tj_pl_num` int NOT NULL,
  `tj_register_date` datetime NOT NULL,
  `tj_state` varchar(5) DEFAULT NULL,
  `tj_bo_num` int DEFAULT NULL,
  PRIMARY KEY (`tj_num`),
  KEY `FK_team_TO_team-wtjoin_1` (`tj_tm_num`),
  KEY `FK_player_TO_team-wtjoin_1` (`tj_pl_num`),
  KEY `FK_board_TO_team-wtjoin_1` (`tj_bo_num`),
  CONSTRAINT `FK_board_TO_team-wtjoin_1` FOREIGN KEY (`tj_bo_num`) REFERENCES `board` (`bo_num`),
  CONSTRAINT `FK_player_TO_team-wtjoin_1` FOREIGN KEY (`tj_pl_num`) REFERENCES `player` (`pl_num`),
  CONSTRAINT `FK_team_TO_team-wtjoin_1` FOREIGN KEY (`tj_tm_num`) REFERENCES `team` (`tm_num`)
) ENGINE=InnoDB AUTO_INCREMENT=15 DEFAULT CHARSET=utf8mb4 COLLATE=utf8mb4_0900_ai_ci;
/*!40101 SET character_set_client = @saved_cs_client */;

--
-- Dumping data for table `team-wtjoin`
--

LOCK TABLES `team-wtjoin` WRITE;
/*!40000 ALTER TABLE `team-wtjoin` DISABLE KEYS */;
INSERT INTO `team-wtjoin` VALUES (6,1,7,'2023-05-09 18:56:02','승인',NULL),(7,1,8,'2023-05-09 18:56:18','승인',NULL),(8,1,9,'2023-05-09 18:56:37','승인',NULL),(9,1,10,'2023-05-09 18:57:23','승인',NULL),(10,1,11,'2023-05-09 18:57:44','승인',NULL),(11,1,13,'2023-05-09 18:58:04','승인',NULL),(12,1,14,'2023-05-09 18:58:22','승인',NULL),(13,1,15,'2023-05-09 18:58:46','승인',NULL),(14,1,12,'2023-05-09 19:39:28','승인',NULL);
/*!40000 ALTER TABLE `team-wtjoin` ENABLE KEYS */;
UNLOCK TABLES;

--
-- Dumping events for database 'herodb'
--

--
-- Dumping routines for database 'herodb'
--
/*!50003 DROP PROCEDURE IF EXISTS `BBEinsertProcedure` */;
/*!50003 SET @saved_cs_client      = @@character_set_client */ ;
/*!50003 SET @saved_cs_results     = @@character_set_results */ ;
/*!50003 SET @saved_col_connection = @@collation_connection */ ;
/*!50003 SET character_set_client  = utf8mb4 */ ;
/*!50003 SET character_set_results = utf8mb4 */ ;
/*!50003 SET collation_connection  = utf8mb4_0900_ai_ci */ ;
/*!50003 SET @saved_sql_mode       = @@sql_mode */ ;
/*!50003 SET sql_mode              = 'ONLY_FULL_GROUP_BY,STRICT_TRANS_TABLES,NO_ZERO_IN_DATE,NO_ZERO_DATE,ERROR_FOR_DIVISION_BY_ZERO,NO_ENGINE_SUBSTITUTION' */ ;
DELIMITER ;;
CREATE DEFINER=`root`@`localhost` PROCEDURE `BBEinsertProcedure`(
in _mb_inning_order int, in _mb_be_type varchar(10), in _mr_num int, in _mb_mi_num int, in _hitter_tp_num int, in _pitcher_tp_num int)
begin
	declare _mb_mp_hitter_num int;
    declare _mb_mp_pitcher_num int;
    declare _be_num int;
	set _mb_mp_hitter_num = (select mp_num from `match-participate` where mp_mr_num = _mr_num and mp_tp_num = _hitter_tp_num order by mp_inning limit 1);
	set _mb_mp_pitcher_num = (select mp_num from `match-participate` where mp_mr_num = _mr_num and mp_tp_num = _pitcher_tp_num order by mp_inning limit 1);
	set _be_num = (select be_num from `batterboxevent-type` where be_type like _mb_be_type);

	insert into `match-batterboxevent`(mb_inning_order, mb_be_num, mb_mi_num, mb_mp_hitter_num, mb_mp_pitcher_num)
		value(_mb_inning_order, _be_num, _mb_mi_num, _mb_mp_hitter_num, _mb_mp_pitcher_num);
		
end ;;
DELIMITER ;
/*!50003 SET sql_mode              = @saved_sql_mode */ ;
/*!50003 SET character_set_client  = @saved_cs_client */ ;
/*!50003 SET character_set_results = @saved_cs_results */ ;
/*!50003 SET collation_connection  = @saved_col_connection */ ;
/*!50003 DROP PROCEDURE IF EXISTS `countReply` */;
/*!50003 SET @saved_cs_client      = @@character_set_client */ ;
/*!50003 SET @saved_cs_results     = @@character_set_results */ ;
/*!50003 SET @saved_col_connection = @@collation_connection */ ;
/*!50003 SET character_set_client  = utf8mb4 */ ;
/*!50003 SET character_set_results = utf8mb4 */ ;
/*!50003 SET collation_connection  = utf8mb4_0900_ai_ci */ ;
/*!50003 SET @saved_sql_mode       = @@sql_mode */ ;
/*!50003 SET sql_mode              = 'ONLY_FULL_GROUP_BY,STRICT_TRANS_TABLES,NO_ZERO_IN_DATE,NO_ZERO_DATE,ERROR_FOR_DIVISION_BY_ZERO,NO_ENGINE_SUBSTITUTION' */ ;
DELIMITER ;;
CREATE DEFINER=`root`@`localhost` PROCEDURE `countReply`(in _bo_num int)
begin
	update herodb.`board`
		set bo_reply_count = (select count(*) from herodb.`board-reply` where br_bo_num = _bo_num)
		where bo_num = _bo_num;
end ;;
DELIMITER ;
/*!50003 SET sql_mode              = @saved_sql_mode */ ;
/*!50003 SET character_set_client  = @saved_cs_client */ ;
/*!50003 SET character_set_results = @saved_cs_results */ ;
/*!50003 SET collation_connection  = @saved_col_connection */ ;
/*!50003 DROP PROCEDURE IF EXISTS `countVote` */;
/*!50003 SET @saved_cs_client      = @@character_set_client */ ;
/*!50003 SET @saved_cs_results     = @@character_set_results */ ;
/*!50003 SET @saved_col_connection = @@collation_connection */ ;
/*!50003 SET character_set_client  = utf8mb4 */ ;
/*!50003 SET character_set_results = utf8mb4 */ ;
/*!50003 SET collation_connection  = utf8mb4_0900_ai_ci */ ;
/*!50003 SET @saved_sql_mode       = @@sql_mode */ ;
/*!50003 SET sql_mode              = 'ONLY_FULL_GROUP_BY,STRICT_TRANS_TABLES,NO_ZERO_IN_DATE,NO_ZERO_DATE,ERROR_FOR_DIVISION_BY_ZERO,NO_ENGINE_SUBSTITUTION' */ ;
DELIMITER ;;
CREATE DEFINER=`root`@`localhost` PROCEDURE `countVote`(in _bo_num int)
begin
	update herodb.`board`
		set bo_up = (select count(*) from herodb.`board-vote` where bv_bo_num = _bo_num and bv_state = 1),
			bo_down = (select count(*) from herodb.`board-vote` where bv_bo_num = _bo_num and bv_state = -1)
		where bo_num = _bo_num;
end ;;
DELIMITER ;
/*!50003 SET sql_mode              = @saved_sql_mode */ ;
/*!50003 SET character_set_client  = @saved_cs_client */ ;
/*!50003 SET character_set_results = @saved_cs_results */ ;
/*!50003 SET collation_connection  = @saved_col_connection */ ;
/*!50003 DROP PROCEDURE IF EXISTS `teamBoard-categoryInit` */;
/*!50003 SET @saved_cs_client      = @@character_set_client */ ;
/*!50003 SET @saved_cs_results     = @@character_set_results */ ;
/*!50003 SET @saved_col_connection = @@collation_connection */ ;
/*!50003 SET character_set_client  = utf8mb4 */ ;
/*!50003 SET character_set_results = utf8mb4 */ ;
/*!50003 SET collation_connection  = utf8mb4_0900_ai_ci */ ;
/*!50003 SET @saved_sql_mode       = @@sql_mode */ ;
/*!50003 SET sql_mode              = 'ONLY_FULL_GROUP_BY,STRICT_TRANS_TABLES,NO_ZERO_IN_DATE,NO_ZERO_DATE,ERROR_FOR_DIVISION_BY_ZERO,NO_ENGINE_SUBSTITUTION' */ ;
DELIMITER ;;
CREATE DEFINER=`root`@`localhost` PROCEDURE `teamBoard-categoryInit`(in bt_num int)
begin
	insert into herodb.`board-category`(bc_name, bc_bt_num, bc_auth_sort, bc_w_auth, bc_r_auth)
    values('공지사항', bt_num, '팀', 4, 3), ('자유', bt_num, '팀', 3, 3), ('경기관련', bt_num, '팀', 3, 3);

end ;;
DELIMITER ;
/*!50003 SET sql_mode              = @saved_sql_mode */ ;
/*!50003 SET character_set_client  = @saved_cs_client */ ;
/*!50003 SET character_set_results = @saved_cs_results */ ;
/*!50003 SET collation_connection  = @saved_col_connection */ ;
/*!50003 DROP PROCEDURE IF EXISTS `updatePlayerrecordHitterYearByMr_num` */;
/*!50003 SET @saved_cs_client      = @@character_set_client */ ;
/*!50003 SET @saved_cs_results     = @@character_set_results */ ;
/*!50003 SET @saved_col_connection = @@collation_connection */ ;
/*!50003 SET character_set_client  = utf8mb4 */ ;
/*!50003 SET character_set_results = utf8mb4 */ ;
/*!50003 SET collation_connection  = utf8mb4_0900_ai_ci */ ;
/*!50003 SET @saved_sql_mode       = @@sql_mode */ ;
/*!50003 SET sql_mode              = 'ONLY_FULL_GROUP_BY,STRICT_TRANS_TABLES,NO_ZERO_IN_DATE,NO_ZERO_DATE,ERROR_FOR_DIVISION_BY_ZERO,NO_ENGINE_SUBSTITUTION' */ ;
DELIMITER ;;
CREATE DEFINER=`root`@`localhost` PROCEDURE `updatePlayerrecordHitterYearByMr_num`(
in _mr_num int, in _tp_num int)
begin
	declare _year int;
    declare _sort varchar(10);
    set _year = (with _ms_table as (select * from `match-schedule` join `match-record` on mr_ms_num = ms_num where mr_num = _mr_num) (select year(ms_datetime) from _ms_table));
    set _sort = (with _ms_table as (select * from `match-schedule` join `match-record` on mr_ms_num = ms_num where mr_num = _mr_num) (select ms_match_sort from _ms_table));
    
   IF not exists (SELECT * FROM `playerrecord_year-hitter` WHERE yh_tp_num = _tp_num and yh_year = _year and yh_sort = _sort) THEN
			INSERT INTO `playerrecord_year-hitter` (yh_tp_num, yh_year, yh_sort)
			value(_tp_num, _year, _sort);
   END IF;

    update `playerrecord_year-hitter`, 
    (select 
		sum(ph_single_hits) as _singleH, 
        sum(ph_twobase_hits) as _twobaseH,
        sum(ph_threebase_hits) as _threeH,
        sum(ph_homeruns) as _homeruns,
        sum(ph_errors) as _errors, 
        sum(ph_steals) as _steals,
        sum(ph_fail_steals) as _failsteals,
        sum(ph_fourballs) as _fourballs,
        sum(ph_strike_outs) as _strikeouts,
        sum(ph_hits) as _hits,
        sum(ph_bats) as _bats,
        sum(ph_doubleplays) as _doubleplays, 
        sum(ph_hitbypitches) as _hitbypitches,
        sum(ph_onbases) as _onbases
        from `playerrecord-hitter`
		join `match-record` on ph_mr_num = mr_num
        join `match-schedule` on mr_ms_num = ms_num
         ) as d
	
    set 
    yh_single_hits = d._singleH,
    yh_twobase_hits = d._twobaseH,
    yh_threebase_hits = d._threeH,
    yh_homeruns = d._homeruns,
    yh_errors = d._errors,
    yh_steals = d._steals,
    yh_fail_steals = d._failsteals,
    yh_fourballs = d._fourballs,
    yh_strike_outs = d._strikeouts,
    yh_hits = d._hits,
    yh_bats = d._bats,
    yh_doubleplays = d._doubleplays,
    yh_hitbypitches = d._hitbypitches,
    yh_onbases = d._onbases
    
    where yh_tp_num = _tp_num and yh_year = _year and yh_sort = _sort;
end ;;
DELIMITER ;
/*!50003 SET sql_mode              = @saved_sql_mode */ ;
/*!50003 SET character_set_client  = @saved_cs_client */ ;
/*!50003 SET character_set_results = @saved_cs_results */ ;
/*!50003 SET collation_connection  = @saved_col_connection */ ;
/*!50003 DROP PROCEDURE IF EXISTS `updatePlayerrecordPitcherYearByMr_num` */;
/*!50003 SET @saved_cs_client      = @@character_set_client */ ;
/*!50003 SET @saved_cs_results     = @@character_set_results */ ;
/*!50003 SET @saved_col_connection = @@collation_connection */ ;
/*!50003 SET character_set_client  = utf8mb4 */ ;
/*!50003 SET character_set_results = utf8mb4 */ ;
/*!50003 SET collation_connection  = utf8mb4_0900_ai_ci */ ;
/*!50003 SET @saved_sql_mode       = @@sql_mode */ ;
/*!50003 SET sql_mode              = 'ONLY_FULL_GROUP_BY,STRICT_TRANS_TABLES,NO_ZERO_IN_DATE,NO_ZERO_DATE,ERROR_FOR_DIVISION_BY_ZERO,NO_ENGINE_SUBSTITUTION' */ ;
DELIMITER ;;
CREATE DEFINER=`root`@`localhost` PROCEDURE `updatePlayerrecordPitcherYearByMr_num`(
in _mr_num int, in _tp_num int)
begin
	declare _year int;
    declare _sort varchar(10);
    set _year = (with _ms_table as (select * from `match-schedule` join `match-record` on mr_ms_num = ms_num where mr_num = _mr_num) (select year(ms_datetime) from _ms_table));
    set _sort = (with _ms_table as (select * from `match-schedule` join `match-record` on mr_ms_num = ms_num where mr_num = _mr_num) (select ms_match_sort from _ms_table));
    
   IF not exists (SELECT * FROM `playerrecord_year-pitcher` WHERE yp_tp_num = _tp_num and yp_year = _year and yp_sort = _sort) THEN
			INSERT INTO `playerrecord_year-pitcher` (yp_tp_num, yp_year, yp_sort)
			value(_tp_num, _year, _sort);
   END IF;

    update `playerrecord_year-pitcher`, 
    (select 
		sum(pp_innings) as _pp_innings, 
        sum(pp_hits) as _pp_hits,
        sum(pp_homeruns) as _pp_homeruns,
        sum(pp_hitters) as _pp_hitters,
        sum(pp_shutouts) as _pp_shutouts, 
        sum(pp_completegame) as _pp_completegame,
        sum(pp_saves) as _pp_saves,
        sum(pp_holds) as _pp_holds,
        sum(pp_fourballs) as _pp_fourballs,
        sum(pp_hitbypitches) as _pp_hitbypitches,
        sum(pp_strikeouts) as _pp_strikeouts,
        sum(pp_losepoints) as _pp_losepoints, 
        sum(pp_earnedruns) as _pp_earnedruns,
        sum(pp_balks) as _pp_balks,
        sum(pp_wildpitchs) as _pp_wildpitchs,
		sum(pp_pitches) as _pp_pitches


        from `playerrecord-pitcher`
		join `match-record` on pp_mr_num = mr_num
        join `match-schedule` on mr_ms_num = ms_num
         ) as d
	
    set 
    yp_innings = d._pp_innings,
    yp_hits = d._pp_hits,
    yp_homeruns = d._pp_homeruns,
    yp_hitters = d._pp_hitters,
    yp_shutouts = d._pp_shutouts,
    yp_completegame = d._pp_completegame,
    yp_saves = d._pp_saves,
    yp_holds = d._pp_holds,
    yp_fourballs = d._pp_fourballs,
    yp_hitbypitches = d._pp_hitbypitches,
    yp_strikeouts = d._pp_strikeouts,
    yp_losepoints = d._pp_losepoints,
    yp_earnedruns = d._pp_earnedruns,
    yp_balks = d._pp_balks,
    yp_wildpitchs = d._pp_wildpitchs,
    yp_pitches = d._pp_pitches



    
    where yp_tp_num = _tp_num and yp_year = _year and yp_sort = _sort;
end ;;
DELIMITER ;
/*!50003 SET sql_mode              = @saved_sql_mode */ ;
/*!50003 SET character_set_client  = @saved_cs_client */ ;
/*!50003 SET character_set_results = @saved_cs_results */ ;
/*!50003 SET collation_connection  = @saved_col_connection */ ;
/*!40103 SET TIME_ZONE=@OLD_TIME_ZONE */;

/*!40101 SET SQL_MODE=@OLD_SQL_MODE */;
/*!40014 SET FOREIGN_KEY_CHECKS=@OLD_FOREIGN_KEY_CHECKS */;
/*!40014 SET UNIQUE_CHECKS=@OLD_UNIQUE_CHECKS */;
/*!40101 SET CHARACTER_SET_CLIENT=@OLD_CHARACTER_SET_CLIENT */;
/*!40101 SET CHARACTER_SET_RESULTS=@OLD_CHARACTER_SET_RESULTS */;
/*!40101 SET COLLATION_CONNECTION=@OLD_COLLATION_CONNECTION */;
/*!40111 SET SQL_NOTES=@OLD_SQL_NOTES */;

-- Dump completed on 2023-05-24 18:00:50
